2025-10-22 15:45:54,206 INFO - __main__._.<module>:
Start building the model, type: "False"
2025-10-22 15:45:54,206 INFO - __main__._.build:
Start building the model, type: "False"
2025-10-22 15:45:54,206 INFO - __main__.DomainParser.run:
Domain "models/deliver2r/domain.pddl" start initialization.
2025-10-22 15:45:54,206 INFO - __main__.DomainParser.run:
Domain Parser found "models/deliver2r/domain.pddl"
2025-10-22 15:45:54,206 INFO - __main__.DomainParser.run:
Complete file reading.
2025-10-22 15:45:54,206 INFO - __main__.DomainParser.run:
Domain name found
2025-10-22 15:45:54,206 INFO - __main__.DomainParser.run:
Domain type found
2025-10-22 15:45:54,206 INFO - __main__.DomainParser.run:
Domain functions found
2025-10-22 15:45:54,207 INFO - __main__.DomainParser.run:
Domain actions found
2025-10-22 15:45:54,207 DEBUG - __main__.DomainParser.run:
Parsed Domain Result:
================= Domain "(deliver2r)" Parsing Result ================
Domain types: ['item', 'agent']
=================
Domain functions:
Function(name:agent_loc, parameters:{'agent': ['?a']}). 
Function(name:item_loc, parameters:{'item': ['?i']}). 
Function(name:holding, parameters:{'agent': ['?a']}). 
Function(name:hold_by, parameters:{'item': ['?i'], 'agent': ['?a']}). 
Function(name:is_free, parameters:{'item': ['?i']}). 
=================
Domain actions:
-----------------
Action:
Name: move_right_without_item
Parameters:
    agent : ['?self']
Preconditions:
1: Condition(Variable(holding: ['?self']) = 0)
2: Condition(Variable(agent_loc: ['?self']) = 1)
Effects:
1: Effect('increase' Variable(agent_loc: ['?self']) 1)

-----------------
Action:
Name: move_left_without_item
Parameters:
    agent : ['?self']
Preconditions:
1: Condition(Variable(holding: ['?self']) = 0)
2: Condition(Variable(agent_loc: ['?self']) = 2)
Effects:
1: Effect('decrease' Variable(agent_loc: ['?self']) 1)

-----------------
Action:
Name: move_right_with_item
Parameters:
    agent : ['?self']
    item : ['?i']
Preconditions:
1: Condition(Variable(agent_loc: ['?self']) = 1)
2: Condition(Variable(hold_by: ['?i', '?self']) = 1)
3: Condition(Variable(is_free: ['?i']) = 0)
Effects:
1: Effect('increase' Variable(agent_loc: ['?self']) 1)
2: Effect('increase' Variable(item_loc: ['?i']) 1)

-----------------
Action:
Name: move_left_with_item
Parameters:
    agent : ['?self']
    item : ['?i']
Preconditions:
1: Condition(Variable(agent_loc: ['?self']) = 2)
2: Condition(Variable(hold_by: ['?i', '?self']) = 1)
3: Condition(Variable(is_free: ['?i']) = 0)
Effects:
1: Effect('decrease' Variable(agent_loc: ['?self']) 1)
2: Effect('decrease' Variable(item_loc: ['?i']) 1)

-----------------
Action:
Name: pick_up
Parameters:
    agent : ['?self']
    item : ['?i']
Preconditions:
1: Condition(Variable(agent_loc: ['?self']) = Variable(item_loc: ['?i']))
2: Condition(Variable(holding: ['?self']) = 0)
3: Condition(Variable(is_free: ['?i']) = 1)
Effects:
1: Effect('assign' Variable(holding: ['?self']) 1)
2: Effect('assign' Variable(hold_by: ['?i', '?self']) 1)
3: Effect('assign' Variable(is_free: ['?i']) 0)

-----------------
Action:
Name: drop_item
Parameters:
    agent : ['?self']
    item : ['?i']
Preconditions:
1: Condition(Variable(holding: ['?self']) = 1)
2: Condition(Variable(hold_by: ['?i', '?self']) = 1)
3: Condition(Variable(is_free: ['?i']) = 0)
Effects:
1: Effect('assign' Variable(holding: ['?self']) 0)
2: Effect('assign' Variable(hold_by: ['?i', '?self']) 0)
3: Effect('assign' Variable(is_free: ['?i']) 1)


2025-10-22 15:45:54,207 INFO - __main__.ProblemParser.run:
Problem "models/deliver2r/2a2i3" start initialization.
2025-10-22 15:45:54,207 INFO - __main__.ProblemParser.get_files:
Problem folder found "models/deliver2r/2a2i3"
2025-10-22 15:45:54,207 INFO - __main__.ProblemParser.run:
Found 2 agent files:
"models/deliver2r/2a2i3/b.agtpddl"
"models/deliver2r/2a2i3/a.agtpddl"
2025-10-22 15:45:54,207 INFO - __main__.ProblemParser.run:
Found init file: "models/deliver2r/2a2i3/init.envpddl"
2025-10-22 15:45:54,207 INFO - __main__.ProblemParser.run:
Complete reading environment file.
2025-10-22 15:45:54,207 INFO - __main__.ProblemParser.run:
Copmlete reading agent file "models/deliver2r/2a2i3/b.agtpddl"
2025-10-22 15:45:54,207 INFO - __main__.ProblemParser.run:
Copmlete reading agent file "models/deliver2r/2a2i3/a.agtpddl"
2025-10-22 15:45:54,207 INFO - __main__.ProblemParser.run:
Problem domain name "deliver2r" found
Problem name "2r2a2i3" found
2025-10-22 15:45:54,207 INFO - __main__.ProblemParser.run:
Problem agents found
2025-10-22 15:45:54,207 INFO - __main__.ProblemParser.run:
Problem objects found
2025-10-22 15:45:54,207 INFO - __main__.ProblemParser.run:
Problem ranges found
2025-10-22 15:45:54,208 INFO - __main__.ProblemParser.run:
Problem initial states found
2025-10-22 15:45:54,208 INFO - __main__.ProblemParser.run:
Problem goals found
2025-10-22 15:45:54,208 INFO - __main__.ProblemParser.run:
Problem acceptable goal set found
2025-10-22 15:45:54,208 INFO - __main__.ProblemParser.run:
Problem max belief depth found
2025-10-22 15:45:54,208 DEBUG - __main__.ProblemParser.run:
Parsed Problem Result:
============ Problem "(deliver2r : 2r2a2i3)" Parsing Result ===========
Agents: ['a', 'b']
=================
Objects:
item: ['i', 'j']
=================
States:
State(variable: Variable(agent_loc: ['a']), value: 1, target_variable: Variable(None: []))
State(variable: Variable(agent_loc: ['b']), value: 1, target_variable: Variable(None: []))
State(variable: Variable(holding: ['a']), value: 0, target_variable: Variable(None: []))
State(variable: Variable(holding: ['b']), value: 0, target_variable: Variable(None: []))
State(variable: Variable(hold_by: ['i', 'a']), value: 0, target_variable: Variable(None: []))
State(variable: Variable(hold_by: ['j', 'a']), value: 0, target_variable: Variable(None: []))
State(variable: Variable(hold_by: ['i', 'b']), value: 0, target_variable: Variable(None: []))
State(variable: Variable(hold_by: ['j', 'b']), value: 0, target_variable: Variable(None: []))
State(variable: Variable(item_loc: ['i']), value: 1, target_variable: Variable(None: []))
State(variable: Variable(item_loc: ['j']), value: 1, target_variable: Variable(None: []))
State(variable: Variable(is_free: ['i']), value: 1, target_variable: Variable(None: []))
State(variable: Variable(is_free: ['j']), value: 1, target_variable: Variable(None: []))
=================
Goals:
-----------------
a:
EpistemicCondition(Belief sequence: ['a'], epistemic truth: "= true", Condition(Variable(hold_by: ['i', 'a']) = 0))
EpistemicCondition(Belief sequence: ['a', 'b'], epistemic truth: "= true", Condition(Variable(hold_by: ['i', 'a']) = 1))
-----------------
b:
EpistemicCondition(Belief sequence: ['b'], epistemic truth: "= true", Condition(Variable(hold_by: ['j', 'b']) = 0))
EpistemicCondition(Belief sequence: ['b', 'a'], epistemic truth: "= true", Condition(Variable(hold_by: ['j', 'b']) = 1))
=================
Ranges:
Range(function_name: agent_loc, type: integer, min: 1, max: 2)
Range(function_name: item_loc, type: integer, min: 1, max: 2)
Range(function_name: holding, type: integer, min: 0, max: 1)
Range(function_name: hold_by, type: integer, min: 0, max: 1)
Range(function_name: is_free, type: integer, min: 0, max: 1)

2025-10-22 15:45:54,208 INFO - __main__.ModelChecker.check_validity:
checking the validity...
2025-10-22 15:45:54,208 DEBUG - __main__.ModelChecker.check_validity:
Valid names: ['a', 'b', 'i', 'j', 'unknown', 'agent_loc', 'item_loc', 'holding', 'hold_by', 'is_free']
2025-10-22 15:45:54,208 DEBUG - __main__.ModelChecker.check_validity:
Checking the states
2025-10-22 15:45:54,208 DEBUG - __main__.ModelChecker.check_validity:
Checking the goals
2025-10-22 15:45:54,208 DEBUG - __main__.ModelChecker.check_validity:
Checking the ranges
2025-10-22 15:45:54,208 DEBUG - __main__.ModelChecker.check_validity:
Checking the actions
2025-10-22 15:45:54,208 INFO - __main__.ModelChecker.check_validity:
The domain and problem pass the checker.
2025-10-22 15:45:54,208 INFO - __main__.ModelChecker.check_validity:
checking the validity...
2025-10-22 15:45:54,208 DEBUG - __main__.ModelChecker.check_validity:
Valid names: ['a', 'b', 'i', 'j', 'unknown', 'agent_loc', 'item_loc', 'holding', 'hold_by', 'is_free']
2025-10-22 15:45:54,208 DEBUG - __main__.ModelChecker.check_validity:
Checking the states
2025-10-22 15:45:54,208 DEBUG - __main__.ModelChecker.check_validity:
Checking the goals
2025-10-22 15:45:54,208 DEBUG - __main__.ModelChecker.check_validity:
Checking the ranges
2025-10-22 15:45:54,208 DEBUG - __main__.ModelChecker.check_validity:
Checking the actions
2025-10-22 15:45:54,208 INFO - __main__.ModelChecker.check_validity:
The domain and problem pass the checker.
2025-10-22 15:45:54,209 INFO - __main__._.load_observation_function:
Loaded observation function Deliver2rObsFunc to agent a
2025-10-22 15:45:54,209 INFO - __main__._.load_observation_function:
Loaded observation function Deliver2rObsFunc to agent b
2025-10-22 15:45:54,211 INFO - __main__._.load_policy_strategy:
Loaded strategy class FilterGoalEXPBFS for agent a
2025-10-22 15:45:54,211 INFO - __main__._.load_policy_strategy:
Loaded strategy class FilterGoalEXPBFS for agent b
2025-10-22 15:45:54,211 INFO - __main__.Model.init:
Loaded problem type: "UNSHARE"
2025-10-22 15:45:54,212 INFO - __main__._.build_model:
The goal backup found in the folder: possible_goals_backup/deliver2r-2r2a2i3, now loading the goals from the backup.
2025-10-22 15:45:54,212 DEBUG - __main__._.build_model:
Model:
================= Model Result================
Domain name: deliver2r
Problem name: 2r2a2i3
Problem type: "UNSHARE"
=================
Function agent_loc:
Parameters ['a']:
Value 1: Function([id:1, header_id:1]  agent_loc {'?a': 'a'} = 1)
Value 2: Function([id:2, header_id:1]  agent_loc {'?a': 'a'} = 2)
Parameters ['b']:
Value 1: Function([id:3, header_id:2]  agent_loc {'?a': 'b'} = 1)
Value 2: Function([id:4, header_id:2]  agent_loc {'?a': 'b'} = 2)
Function item_loc:
Parameters ['i']:
Value 1: Function([id:5, header_id:3]  item_loc {'?i': 'i'} = 1)
Value 2: Function([id:6, header_id:3]  item_loc {'?i': 'i'} = 2)
Parameters ['j']:
Value 1: Function([id:7, header_id:4]  item_loc {'?i': 'j'} = 1)
Value 2: Function([id:8, header_id:4]  item_loc {'?i': 'j'} = 2)
Function holding:
Parameters ['a']:
Value 0: Function([id:9, header_id:5]  holding {'?a': 'a'} = 0)
Value 1: Function([id:10, header_id:5]  holding {'?a': 'a'} = 1)
Parameters ['b']:
Value 0: Function([id:11, header_id:6]  holding {'?a': 'b'} = 0)
Value 1: Function([id:12, header_id:6]  holding {'?a': 'b'} = 1)
Function hold_by:
Parameters ['i', 'a']:
Value 0: Function([id:13, header_id:7]  hold_by {'?i': 'i', '?a': 'a'} = 0)
Value 1: Function([id:14, header_id:7]  hold_by {'?i': 'i', '?a': 'a'} = 1)
Parameters ['i', 'b']:
Value 0: Function([id:15, header_id:8]  hold_by {'?i': 'i', '?a': 'b'} = 0)
Value 1: Function([id:16, header_id:8]  hold_by {'?i': 'i', '?a': 'b'} = 1)
Parameters ['j', 'a']:
Value 0: Function([id:17, header_id:9]  hold_by {'?i': 'j', '?a': 'a'} = 0)
Value 1: Function([id:18, header_id:9]  hold_by {'?i': 'j', '?a': 'a'} = 1)
Parameters ['j', 'b']:
Value 0: Function([id:19, header_id:10]  hold_by {'?i': 'j', '?a': 'b'} = 0)
Value 1: Function([id:20, header_id:10]  hold_by {'?i': 'j', '?a': 'b'} = 1)
Function is_free:
Parameters ['i']:
Value 0: Function([id:21, header_id:11]  is_free {'?i': 'i'} = 0)
Value 1: Function([id:22, header_id:11]  is_free {'?i': 'i'} = 1)
Parameters ['j']:
Value 0: Function([id:23, header_id:12]  is_free {'?i': 'j'} = 0)
Value 1: Function([id:24, header_id:12]  is_free {'?i': 'j'} = 1)

=================
Entity(a - agent)
Entity(b - agent)
Entity(i - item)
Entity(j - item)
=================
FunctionSchema(name: agent_loc, range: (1, 2), type: integer, require_parameters: {'?a': 'agent'})
FunctionSchema(name: item_loc, range: (1, 2), type: integer, require_parameters: {'?i': 'item'})
FunctionSchema(name: holding, range: (0, 1), type: integer, require_parameters: {'?a': 'agent'})
FunctionSchema(name: hold_by, range: (0, 1), type: integer, require_parameters: {'?i': 'item', '?a': 'agent'})
FunctionSchema(name: is_free, range: (0, 1), type: integer, require_parameters: {'?i': 'item'})
=================
-----------------
Action Schema: move_right_without_item
Parameters: {'?self': 'agent'}
Precondition Schemas:
ConditionSchema(("EP_NONE" [] "EP_NONE") "EQUAL" (holding {'?self': 'agent'}) = 0)
ConditionSchema(("EP_NONE" [] "EP_NONE") "EQUAL" (agent_loc {'?self': 'agent'}) = 1)
Effect Schemas:
EffectSchema("INCREASE" (agent_loc {'?self': 'agent'}) = 1)

-----------------
Action Schema: move_left_without_item
Parameters: {'?self': 'agent'}
Precondition Schemas:
ConditionSchema(("EP_NONE" [] "EP_NONE") "EQUAL" (holding {'?self': 'agent'}) = 0)
ConditionSchema(("EP_NONE" [] "EP_NONE") "EQUAL" (agent_loc {'?self': 'agent'}) = 2)
Effect Schemas:
EffectSchema("DECREASE" (agent_loc {'?self': 'agent'}) = 1)

-----------------
Action Schema: move_right_with_item
Parameters: {'?self': 'agent', '?i': 'item'}
Precondition Schemas:
ConditionSchema(("EP_NONE" [] "EP_NONE") "EQUAL" (agent_loc {'?self': 'agent'}) = 1)
ConditionSchema(("EP_NONE" [] "EP_NONE") "EQUAL" (hold_by {'?i': 'item', '?self': 'agent'}) = 1)
ConditionSchema(("EP_NONE" [] "EP_NONE") "EQUAL" (is_free {'?i': 'item'}) = 0)
Effect Schemas:
EffectSchema("INCREASE" (agent_loc {'?self': 'agent'}) = 1)
EffectSchema("INCREASE" (item_loc {'?i': 'item'}) = 1)

-----------------
Action Schema: move_left_with_item
Parameters: {'?self': 'agent', '?i': 'item'}
Precondition Schemas:
ConditionSchema(("EP_NONE" [] "EP_NONE") "EQUAL" (agent_loc {'?self': 'agent'}) = 2)
ConditionSchema(("EP_NONE" [] "EP_NONE") "EQUAL" (hold_by {'?i': 'item', '?self': 'agent'}) = 1)
ConditionSchema(("EP_NONE" [] "EP_NONE") "EQUAL" (is_free {'?i': 'item'}) = 0)
Effect Schemas:
EffectSchema("DECREASE" (agent_loc {'?self': 'agent'}) = 1)
EffectSchema("DECREASE" (item_loc {'?i': 'item'}) = 1)

-----------------
Action Schema: pick_up
Parameters: {'?self': 'agent', '?i': 'item'}
Precondition Schemas:
ConditionSchema(("EP_NONE" [] "EP_NONE") "EQUAL" (agent_loc {'?self': 'agent'}) = (item_loc {'?i': 'item'}))
ConditionSchema(("EP_NONE" [] "EP_NONE") "EQUAL" (holding {'?self': 'agent'}) = 0)
ConditionSchema(("EP_NONE" [] "EP_NONE") "EQUAL" (is_free {'?i': 'item'}) = 1)
Effect Schemas:
EffectSchema("ASSIGN" (holding {'?self': 'agent'}) = 1)
EffectSchema("ASSIGN" (hold_by {'?i': 'item', '?self': 'agent'}) = 1)
EffectSchema("ASSIGN" (is_free {'?i': 'item'}) = 0)

-----------------
Action Schema: drop_item
Parameters: {'?self': 'agent', '?i': 'item'}
Precondition Schemas:
ConditionSchema(("EP_NONE" [] "EP_NONE") "EQUAL" (holding {'?self': 'agent'}) = 1)
ConditionSchema(("EP_NONE" [] "EP_NONE") "EQUAL" (hold_by {'?i': 'item', '?self': 'agent'}) = 1)
ConditionSchema(("EP_NONE" [] "EP_NONE") "EQUAL" (is_free {'?i': 'item'}) = 0)
Effect Schemas:
EffectSchema("ASSIGN" (holding {'?self': 'agent'}) = 0)
EffectSchema("ASSIGN" (hold_by {'?i': 'item', '?self': 'agent'}) = 0)
EffectSchema("ASSIGN" (is_free {'?i': 'item'}) = 1)

=================
Function([id:1, header_id:1]  agent_loc {'?a': 'a'} = 1)
Function([id:3, header_id:2]  agent_loc {'?a': 'b'} = 1)
Function([id:9, header_id:5]  holding {'?a': 'a'} = 0)
Function([id:11, header_id:6]  holding {'?a': 'b'} = 0)
Function([id:13, header_id:7]  hold_by {'?i': 'i', '?a': 'a'} = 0)
Function([id:17, header_id:9]  hold_by {'?i': 'j', '?a': 'a'} = 0)
Function([id:15, header_id:8]  hold_by {'?i': 'i', '?a': 'b'} = 0)
Function([id:19, header_id:10]  hold_by {'?i': 'j', '?a': 'b'} = 0)
Function([id:5, header_id:3]  item_loc {'?i': 'i'} = 1)
Function([id:7, header_id:4]  item_loc {'?i': 'j'} = 1)
Function([id:22, header_id:11]  is_free {'?i': 'i'} = 1)
Function([id:24, header_id:12]  is_free {'?i': 'j'} = 1)
=================
Agent: a
Max move time: inf
Goal completed: 'False'
Consider goal: 'True'
Consider exp: 'True'
Own Goals:
Condition(['a'] hold_by ['i', 'a'] = 0)
Condition(['a', 'b'] hold_by ['i', 'a'] = 1)
Other Goals:
All Possible Goals:
a:
Condition(['a'] hold_by ['i', 'a'] = 0)
Condition(['a', 'b'] hold_by ['i', 'a'] = 1)
b:
Condition(['b'] hold_by ['j', 'b'] = 0)
-----------------
a:
Condition(['a'] hold_by ['i', 'a'] = 0)
Condition(['a', 'b'] hold_by ['i', 'a'] = 1)
b:
Condition(['b'] hold_by ['j', 'b'] = 1)
-----------------
a:
Condition(['a'] hold_by ['i', 'a'] = 0)
Condition(['a', 'b'] hold_by ['i', 'a'] = 1)
b:
Condition(['b'] hold_by ['i', 'a'] = 1)
-----------------
a:
Condition(['a'] hold_by ['i', 'a'] = 0)
Condition(['a', 'b'] hold_by ['i', 'a'] = 1)
b:
Condition(['b'] hold_by ['i', 'a'] = 1)
Condition(['b'] hold_by ['j', 'b'] = 0)
-----------------
a:
Condition(['a'] hold_by ['i', 'a'] = 0)
Condition(['a', 'b'] hold_by ['i', 'a'] = 1)
b:
Condition(['b'] hold_by ['i', 'a'] = 1)
Condition(['b'] hold_by ['j', 'b'] = 1)
-----------------
a:
Condition(['a'] hold_by ['i', 'a'] = 0)
Condition(['a', 'b'] hold_by ['i', 'a'] = 1)
b:
Condition(['b', 'a'] hold_by ['j', 'b'] = 0)
-----------------
a:
Condition(['a'] hold_by ['i', 'a'] = 0)
Condition(['a', 'b'] hold_by ['i', 'a'] = 1)
b:
Condition(['b', 'a'] hold_by ['j', 'b'] = 0)
Condition(['b'] hold_by ['j', 'b'] = 0)
-----------------
a:
Condition(['a'] hold_by ['i', 'a'] = 0)
Condition(['a', 'b'] hold_by ['i', 'a'] = 1)
b:
Condition(['b', 'a'] hold_by ['j', 'b'] = 0)
Condition(['b'] hold_by ['j', 'b'] = 1)
-----------------
a:
Condition(['a'] hold_by ['i', 'a'] = 0)
Condition(['a', 'b'] hold_by ['i', 'a'] = 1)
b:
Condition(['b', 'a'] hold_by ['j', 'b'] = 0)
Condition(['b'] hold_by ['i', 'a'] = 1)
-----------------
a:
Condition(['a'] hold_by ['i', 'a'] = 0)
Condition(['a', 'b'] hold_by ['i', 'a'] = 1)
b:
Condition(['b', 'a'] hold_by ['j', 'b'] = 1)
-----------------
a:
Condition(['a'] hold_by ['i', 'a'] = 0)
Condition(['a', 'b'] hold_by ['i', 'a'] = 1)
b:
Condition(['b', 'a'] hold_by ['j', 'b'] = 1)
Condition(['b'] hold_by ['j', 'b'] = 0)
-----------------
a:
Condition(['a'] hold_by ['i', 'a'] = 0)
Condition(['a', 'b'] hold_by ['i', 'a'] = 1)
b:
Condition(['b', 'a'] hold_by ['j', 'b'] = 1)
Condition(['b'] hold_by ['j', 'b'] = 1)
-----------------
a:
Condition(['a'] hold_by ['i', 'a'] = 0)
Condition(['a', 'b'] hold_by ['i', 'a'] = 1)
b:
Condition(['b', 'a'] hold_by ['j', 'b'] = 1)
Condition(['b'] hold_by ['i', 'a'] = 1)
-----------------
a:
Condition(['a'] hold_by ['i', 'a'] = 0)
Condition(['a', 'b'] hold_by ['i', 'a'] = 1)
b:
Condition(['b', 'a'] hold_by ['i', 'a'] = 1)
-----------------
a:
Condition(['a'] hold_by ['i', 'a'] = 0)
Condition(['a', 'b'] hold_by ['i', 'a'] = 1)
b:
Condition(['b', 'a'] hold_by ['i', 'a'] = 1)
Condition(['b'] hold_by ['j', 'b'] = 0)
-----------------
a:
Condition(['a'] hold_by ['i', 'a'] = 0)
Condition(['a', 'b'] hold_by ['i', 'a'] = 1)
b:
Condition(['b', 'a'] hold_by ['i', 'a'] = 1)
Condition(['b'] hold_by ['j', 'b'] = 1)
-----------------
a:
Condition(['a'] hold_by ['i', 'a'] = 0)
Condition(['a', 'b'] hold_by ['i', 'a'] = 1)
b:
Condition(['b', 'a'] hold_by ['i', 'a'] = 1)
Condition(['b'] hold_by ['i', 'a'] = 1)
-----------------
a:
Condition(['a'] hold_by ['i', 'a'] = 0)
Condition(['a', 'b'] hold_by ['i', 'a'] = 1)
b:
Condition(['b', 'a'] hold_by ['i', 'a'] = 1)
Condition(['b', 'a'] hold_by ['j', 'b'] = 0)
-----------------
a:
Condition(['a'] hold_by ['i', 'a'] = 0)
Condition(['a', 'b'] hold_by ['i', 'a'] = 1)
b:
Condition(['b', 'a'] hold_by ['i', 'a'] = 1)
Condition(['b', 'a'] hold_by ['j', 'b'] = 1)
-----------------

Agent: b
Max move time: inf
Goal completed: 'False'
Consider goal: 'True'
Consider exp: 'True'
Own Goals:
Condition(['b'] hold_by ['j', 'b'] = 0)
Condition(['b', 'a'] hold_by ['j', 'b'] = 1)
Other Goals:
All Possible Goals:
a:
Condition(['a'] hold_by ['j', 'b'] = 1)
b:
Condition(['b'] hold_by ['j', 'b'] = 0)
Condition(['b', 'a'] hold_by ['j', 'b'] = 1)
-----------------
a:
Condition(['a'] hold_by ['i', 'a'] = 0)
b:
Condition(['b'] hold_by ['j', 'b'] = 0)
Condition(['b', 'a'] hold_by ['j', 'b'] = 1)
-----------------
a:
Condition(['a'] hold_by ['i', 'a'] = 0)
Condition(['a'] hold_by ['j', 'b'] = 1)
b:
Condition(['b'] hold_by ['j', 'b'] = 0)
Condition(['b', 'a'] hold_by ['j', 'b'] = 1)
-----------------
a:
Condition(['a'] hold_by ['i', 'a'] = 1)
b:
Condition(['b'] hold_by ['j', 'b'] = 0)
Condition(['b', 'a'] hold_by ['j', 'b'] = 1)
-----------------
a:
Condition(['a'] hold_by ['i', 'a'] = 1)
Condition(['a'] hold_by ['j', 'b'] = 1)
b:
Condition(['b'] hold_by ['j', 'b'] = 0)
Condition(['b', 'a'] hold_by ['j', 'b'] = 1)
-----------------
a:
Condition(['a', 'b'] hold_by ['j', 'b'] = 1)
b:
Condition(['b'] hold_by ['j', 'b'] = 0)
Condition(['b', 'a'] hold_by ['j', 'b'] = 1)
-----------------
a:
Condition(['a', 'b'] hold_by ['j', 'b'] = 1)
Condition(['a'] hold_by ['j', 'b'] = 1)
b:
Condition(['b'] hold_by ['j', 'b'] = 0)
Condition(['b', 'a'] hold_by ['j', 'b'] = 1)
-----------------
a:
Condition(['a', 'b'] hold_by ['j', 'b'] = 1)
Condition(['a'] hold_by ['i', 'a'] = 0)
b:
Condition(['b'] hold_by ['j', 'b'] = 0)
Condition(['b', 'a'] hold_by ['j', 'b'] = 1)
-----------------
a:
Condition(['a', 'b'] hold_by ['j', 'b'] = 1)
Condition(['a'] hold_by ['i', 'a'] = 1)
b:
Condition(['b'] hold_by ['j', 'b'] = 0)
Condition(['b', 'a'] hold_by ['j', 'b'] = 1)
-----------------
a:
Condition(['a', 'b'] hold_by ['i', 'a'] = 0)
b:
Condition(['b'] hold_by ['j', 'b'] = 0)
Condition(['b', 'a'] hold_by ['j', 'b'] = 1)
-----------------
a:
Condition(['a', 'b'] hold_by ['i', 'a'] = 0)
Condition(['a'] hold_by ['j', 'b'] = 1)
b:
Condition(['b'] hold_by ['j', 'b'] = 0)
Condition(['b', 'a'] hold_by ['j', 'b'] = 1)
-----------------
a:
Condition(['a', 'b'] hold_by ['i', 'a'] = 0)
Condition(['a'] hold_by ['i', 'a'] = 0)
b:
Condition(['b'] hold_by ['j', 'b'] = 0)
Condition(['b', 'a'] hold_by ['j', 'b'] = 1)
-----------------
a:
Condition(['a', 'b'] hold_by ['i', 'a'] = 0)
Condition(['a'] hold_by ['i', 'a'] = 1)
b:
Condition(['b'] hold_by ['j', 'b'] = 0)
Condition(['b', 'a'] hold_by ['j', 'b'] = 1)
-----------------
a:
Condition(['a', 'b'] hold_by ['i', 'a'] = 0)
Condition(['a', 'b'] hold_by ['j', 'b'] = 1)
b:
Condition(['b'] hold_by ['j', 'b'] = 0)
Condition(['b', 'a'] hold_by ['j', 'b'] = 1)
-----------------
a:
Condition(['a', 'b'] hold_by ['i', 'a'] = 1)
b:
Condition(['b'] hold_by ['j', 'b'] = 0)
Condition(['b', 'a'] hold_by ['j', 'b'] = 1)
-----------------
a:
Condition(['a', 'b'] hold_by ['i', 'a'] = 1)
Condition(['a'] hold_by ['j', 'b'] = 1)
b:
Condition(['b'] hold_by ['j', 'b'] = 0)
Condition(['b', 'a'] hold_by ['j', 'b'] = 1)
-----------------
a:
Condition(['a', 'b'] hold_by ['i', 'a'] = 1)
Condition(['a'] hold_by ['i', 'a'] = 0)
b:
Condition(['b'] hold_by ['j', 'b'] = 0)
Condition(['b', 'a'] hold_by ['j', 'b'] = 1)
-----------------
a:
Condition(['a', 'b'] hold_by ['i', 'a'] = 1)
Condition(['a'] hold_by ['i', 'a'] = 1)
b:
Condition(['b'] hold_by ['j', 'b'] = 0)
Condition(['b', 'a'] hold_by ['j', 'b'] = 1)
-----------------
a:
Condition(['a', 'b'] hold_by ['i', 'a'] = 1)
Condition(['a', 'b'] hold_by ['j', 'b'] = 1)
b:
Condition(['b'] hold_by ['j', 'b'] = 0)
Condition(['b', 'a'] hold_by ['j', 'b'] = 1)
-----------------


2025-10-22 15:45:54,212 INFO - __main__._.<module>:
Model built successfully.
2025-10-22 15:45:54,290 DEBUG - __main__.FilterGoalEXPBFS.single_bfs:
Own Goals of agent a:
  Condition(['a'] hold_by ['i', 'a'] = 0)
  Condition(['a', 'b'] hold_by ['i', 'a'] = 1)
)
2025-10-22 15:45:54,290 DEBUG - __main__.FilterGoalEXPBFS.single_bfs:
Own Goals of agent b:
  Condition(['b'] hold_by ['j', 'b'] = 1)
)
2025-10-22 15:45:54,320 DEBUG - __main__.FilterGoalEXPBFS.single_bfs:
["pick_up(['a', 'i'])", "pick_up(['b', 'j'])", "move_right_with_item(['a', 'i'])", "drop_item(['a', 'i'])"]
2025-10-22 15:45:54,325 DEBUG - __main__.FilterGoalEXPBFS.single_bfs:
["pick_up(['a', 'i'])", "move_right_with_item(['a', 'i'])", "drop_item(['a', 'i'])", "pick_up(['b', 'j'])"]
2025-10-22 15:45:54,328 DEBUG - __main__.FilterGoalEXPBFS.single_bfs:
["pick_up(['a', 'i'])", "pick_up(['b', 'j'])", "move_right_with_item(['b', 'j'])", "drop_item(['a', 'i'])"]
2025-10-22 15:45:54,357 DEBUG - __main__.FilterGoalEXPBFS.single_bfs:
Own Goals of agent a:
  Condition(['a'] hold_by ['i', 'a'] = 0)
  Condition(['a', 'b'] hold_by ['i', 'a'] = 1)
)
2025-10-22 15:45:54,357 DEBUG - __main__.FilterGoalEXPBFS.single_bfs:
Own Goals of agent b:
  Condition(['b'] hold_by ['i', 'a'] = 1)
)
2025-10-22 15:45:54,369 DEBUG - __main__.FilterGoalEXPBFS.single_bfs:
["pick_up(['a', 'i'])", "move_right_without_item(['b'])", "drop_item(['a', 'i'])"]
2025-10-22 15:45:54,370 DEBUG - __main__.FilterGoalEXPBFS.single_bfs:
["pick_up(['a', 'i'])", "move_right_with_item(['a', 'i'])", "drop_item(['a', 'i'])"]
2025-10-22 15:45:54,377 DEBUG - __main__.FilterGoalEXPBFS.single_bfs:
Own Goals of agent a:
  Condition(['a'] hold_by ['i', 'a'] = 0)
  Condition(['a', 'b'] hold_by ['i', 'a'] = 1)
)
2025-10-22 15:45:54,378 DEBUG - __main__.FilterGoalEXPBFS.single_bfs:
Own Goals of agent b:
  Condition(['b'] hold_by ['i', 'a'] = 1)
  Condition(['b'] hold_by ['j', 'b'] = 0)
)
2025-10-22 15:45:54,388 DEBUG - __main__.FilterGoalEXPBFS.single_bfs:
["pick_up(['a', 'i'])", "move_right_without_item(['b'])", "drop_item(['a', 'i'])"]
2025-10-22 15:45:54,389 DEBUG - __main__.FilterGoalEXPBFS.single_bfs:
["pick_up(['a', 'i'])", "move_right_with_item(['a', 'i'])", "drop_item(['a', 'i'])"]
2025-10-22 15:45:54,416 DEBUG - __main__.FilterGoalEXPBFS.single_bfs:
Own Goals of agent a:
  Condition(['a'] hold_by ['i', 'a'] = 0)
  Condition(['a', 'b'] hold_by ['i', 'a'] = 1)
)
2025-10-22 15:45:54,416 DEBUG - __main__.FilterGoalEXPBFS.single_bfs:
Own Goals of agent b:
  Condition(['b'] hold_by ['i', 'a'] = 1)
  Condition(['b'] hold_by ['j', 'b'] = 1)
)
2025-10-22 15:45:54,430 DEBUG - __main__.FilterGoalEXPBFS.single_bfs:
["pick_up(['a', 'i'])", "pick_up(['b', 'j'])", "move_right_with_item(['b', 'j'])", "drop_item(['a', 'i'])"]
2025-10-22 15:45:54,431 DEBUG - __main__.FilterGoalEXPBFS.single_bfs:
["pick_up(['a', 'i'])", "pick_up(['b', 'j'])", "move_right_with_item(['a', 'i'])", "drop_item(['a', 'i'])"]
2025-10-22 15:45:54,440 DEBUG - __main__.FilterGoalEXPBFS.single_bfs:
["pick_up(['a', 'i'])", "move_right_with_item(['a', 'i'])", "drop_item(['a', 'i'])", "pick_up(['b', 'j'])"]
2025-10-22 15:45:54,474 DEBUG - __main__.FilterGoalEXPBFS.single_bfs:
Own Goals of agent a:
  Condition(['a'] hold_by ['i', 'a'] = 0)
  Condition(['a', 'b'] hold_by ['i', 'a'] = 1)
)
2025-10-22 15:45:54,474 DEBUG - __main__.FilterGoalEXPBFS.single_bfs:
Own Goals of agent b:
  Condition(['b', 'a'] hold_by ['j', 'b'] = 0)
  Condition(['b'] hold_by ['j', 'b'] = 1)
)
2025-10-22 15:45:54,508 DEBUG - __main__.FilterGoalEXPBFS.single_bfs:
["pick_up(['a', 'i'])", "move_right_with_item(['a', 'i'])", "drop_item(['a', 'i'])", "pick_up(['b', 'j'])"]
2025-10-22 15:45:54,579 DEBUG - __main__.FilterGoalEXPBFS.single_bfs:
Own Goals of agent a:
  Condition(['a'] hold_by ['i', 'a'] = 0)
  Condition(['a', 'b'] hold_by ['i', 'a'] = 1)
)
2025-10-22 15:45:54,579 DEBUG - __main__.FilterGoalEXPBFS.single_bfs:
Own Goals of agent b:
  Condition(['b', 'a'] hold_by ['j', 'b'] = 0)
  Condition(['b'] hold_by ['i', 'a'] = 1)
)
2025-10-22 15:45:54,591 DEBUG - __main__.FilterGoalEXPBFS.single_bfs:
["pick_up(['a', 'i'])", "move_right_without_item(['b'])", "drop_item(['a', 'i'])"]
2025-10-22 15:45:54,591 DEBUG - __main__.FilterGoalEXPBFS.single_bfs:
["pick_up(['a', 'i'])", "move_right_with_item(['a', 'i'])", "drop_item(['a', 'i'])"]
2025-10-22 15:45:54,600 DEBUG - __main__.FilterGoalEXPBFS.single_bfs:
Own Goals of agent a:
  Condition(['a'] hold_by ['i', 'a'] = 0)
  Condition(['a', 'b'] hold_by ['i', 'a'] = 1)
)
2025-10-22 15:45:54,600 DEBUG - __main__.FilterGoalEXPBFS.single_bfs:
Own Goals of agent b:
  Condition(['b', 'a'] hold_by ['j', 'b'] = 1)
)
2025-10-22 15:45:54,636 DEBUG - __main__.FilterGoalEXPBFS.single_bfs:
["pick_up(['a', 'i'])", "pick_up(['b', 'j'])", "move_right_with_item(['a', 'i'])", "drop_item(['a', 'i'])"]
2025-10-22 15:45:54,637 DEBUG - __main__.FilterGoalEXPBFS.single_bfs:
["pick_up(['a', 'i'])", "pick_up(['b', 'j'])", "move_right_with_item(['b', 'j'])", "drop_item(['a', 'i'])"]
2025-10-22 15:45:54,654 DEBUG - __main__.FilterGoalEXPBFS.single_bfs:
Own Goals of agent a:
  Condition(['a'] hold_by ['i', 'a'] = 0)
  Condition(['a', 'b'] hold_by ['i', 'a'] = 1)
)
2025-10-22 15:45:54,654 DEBUG - __main__.FilterGoalEXPBFS.single_bfs:
Own Goals of agent b:
  Condition(['b', 'a'] hold_by ['j', 'b'] = 1)
  Condition(['b'] hold_by ['j', 'b'] = 0)
)
2025-10-22 15:45:54,707 DEBUG - __main__.FilterGoalEXPBFS.single_bfs:
["pick_up(['a', 'i'])", "pick_up(['b', 'j'])", "move_right_with_item(['a', 'i'])", "drop_item(['b', 'j'])", "drop_item(['a', 'i'])"]
2025-10-22 15:45:54,722 DEBUG - __main__.FilterGoalEXPBFS.single_bfs:
["pick_up(['a', 'i'])", "pick_up(['b', 'j'])", "move_right_with_item(['b', 'j'])", "drop_item(['a', 'i'])", "drop_item(['b', 'j'])"]
2025-10-22 15:45:54,860 DEBUG - __main__.FilterGoalEXPBFS.single_bfs:
Own Goals of agent a:
  Condition(['a'] hold_by ['i', 'a'] = 0)
  Condition(['a', 'b'] hold_by ['i', 'a'] = 1)
)
2025-10-22 15:45:54,861 DEBUG - __main__.FilterGoalEXPBFS.single_bfs:
Own Goals of agent b:
  Condition(['b', 'a'] hold_by ['j', 'b'] = 1)
  Condition(['b'] hold_by ['j', 'b'] = 1)
)
2025-10-22 15:45:54,904 DEBUG - __main__.FilterGoalEXPBFS.single_bfs:
["stay(['a'])", "pick_up(['b', 'j'])", "pick_up(['a', 'i'])", "move_right_with_item(['b', 'j'])", "drop_item(['a', 'i'])"]
2025-10-22 15:45:54,906 DEBUG - __main__.FilterGoalEXPBFS.single_bfs:
["stay(['a'])", "pick_up(['b', 'j'])", "pick_up(['a', 'i'])", "move_right_with_item(['a', 'i'])", "drop_item(['a', 'i'])"]
2025-10-22 15:45:54,946 DEBUG - __main__.FilterGoalEXPBFS.single_bfs:
Own Goals of agent a:
  Condition(['a'] hold_by ['i', 'a'] = 0)
  Condition(['a', 'b'] hold_by ['i', 'a'] = 1)
)
2025-10-22 15:45:54,946 DEBUG - __main__.FilterGoalEXPBFS.single_bfs:
Own Goals of agent b:
  Condition(['b', 'a'] hold_by ['j', 'b'] = 1)
  Condition(['b'] hold_by ['i', 'a'] = 1)
)
2025-10-22 15:45:54,960 DEBUG - __main__.FilterGoalEXPBFS.single_bfs:
["pick_up(['a', 'i'])", "pick_up(['b', 'j'])", "move_right_with_item(['b', 'j'])", "drop_item(['a', 'i'])"]
2025-10-22 15:45:54,962 DEBUG - __main__.FilterGoalEXPBFS.single_bfs:
["pick_up(['a', 'i'])", "pick_up(['b', 'j'])", "move_right_with_item(['a', 'i'])", "drop_item(['a', 'i'])"]
2025-10-22 15:45:54,983 DEBUG - __main__.FilterGoalEXPBFS.single_bfs:
Own Goals of agent a:
  Condition(['a'] hold_by ['i', 'a'] = 0)
  Condition(['a', 'b'] hold_by ['i', 'a'] = 1)
)
2025-10-22 15:45:54,983 DEBUG - __main__.FilterGoalEXPBFS.single_bfs:
Own Goals of agent b:
  Condition(['b', 'a'] hold_by ['i', 'a'] = 1)
)
2025-10-22 15:45:54,995 DEBUG - __main__.FilterGoalEXPBFS.single_bfs:
["pick_up(['a', 'i'])", "move_right_without_item(['b'])", "drop_item(['a', 'i'])"]
2025-10-22 15:45:54,996 DEBUG - __main__.FilterGoalEXPBFS.single_bfs:
["pick_up(['a', 'i'])", "move_right_with_item(['a', 'i'])", "drop_item(['a', 'i'])"]
2025-10-22 15:45:55,004 DEBUG - __main__.FilterGoalEXPBFS.single_bfs:
Own Goals of agent a:
  Condition(['a'] hold_by ['i', 'a'] = 0)
  Condition(['a', 'b'] hold_by ['i', 'a'] = 1)
)
2025-10-22 15:45:55,004 DEBUG - __main__.FilterGoalEXPBFS.single_bfs:
Own Goals of agent b:
  Condition(['b', 'a'] hold_by ['i', 'a'] = 1)
  Condition(['b'] hold_by ['j', 'b'] = 0)
)
2025-10-22 15:45:55,016 DEBUG - __main__.FilterGoalEXPBFS.single_bfs:
["pick_up(['a', 'i'])", "move_right_without_item(['b'])", "drop_item(['a', 'i'])"]
2025-10-22 15:45:55,016 DEBUG - __main__.FilterGoalEXPBFS.single_bfs:
["pick_up(['a', 'i'])", "move_right_with_item(['a', 'i'])", "drop_item(['a', 'i'])"]
2025-10-22 15:45:55,045 DEBUG - __main__.FilterGoalEXPBFS.single_bfs:
Own Goals of agent a:
  Condition(['a'] hold_by ['i', 'a'] = 0)
  Condition(['a', 'b'] hold_by ['i', 'a'] = 1)
)
2025-10-22 15:45:55,045 DEBUG - __main__.FilterGoalEXPBFS.single_bfs:
Own Goals of agent b:
  Condition(['b', 'a'] hold_by ['i', 'a'] = 1)
  Condition(['b'] hold_by ['j', 'b'] = 1)
)
2025-10-22 15:45:55,059 DEBUG - __main__.FilterGoalEXPBFS.single_bfs:
["pick_up(['a', 'i'])", "pick_up(['b', 'j'])", "move_right_with_item(['b', 'j'])", "drop_item(['a', 'i'])"]
2025-10-22 15:45:55,061 DEBUG - __main__.FilterGoalEXPBFS.single_bfs:
["pick_up(['a', 'i'])", "pick_up(['b', 'j'])", "move_right_with_item(['a', 'i'])", "drop_item(['a', 'i'])"]
2025-10-22 15:45:55,070 DEBUG - __main__.FilterGoalEXPBFS.single_bfs:
["pick_up(['a', 'i'])", "move_right_with_item(['a', 'i'])", "drop_item(['a', 'i'])", "pick_up(['b', 'j'])"]
2025-10-22 15:45:55,106 DEBUG - __main__.FilterGoalEXPBFS.single_bfs:
Own Goals of agent a:
  Condition(['a'] hold_by ['i', 'a'] = 0)
  Condition(['a', 'b'] hold_by ['i', 'a'] = 1)
)
2025-10-22 15:45:55,106 DEBUG - __main__.FilterGoalEXPBFS.single_bfs:
Own Goals of agent b:
  Condition(['b', 'a'] hold_by ['i', 'a'] = 1)
  Condition(['b'] hold_by ['i', 'a'] = 1)
)
2025-10-22 15:45:55,113 DEBUG - __main__.FilterGoalEXPBFS.single_bfs:
["pick_up(['a', 'i'])", "move_right_with_item(['a', 'i'])", "drop_item(['a', 'i'])"]
2025-10-22 15:45:55,114 DEBUG - __main__.FilterGoalEXPBFS.single_bfs:
["pick_up(['a', 'i'])", "move_right_without_item(['b'])", "drop_item(['a', 'i'])"]
2025-10-22 15:45:55,127 DEBUG - __main__.FilterGoalEXPBFS.single_bfs:
Own Goals of agent a:
  Condition(['a'] hold_by ['i', 'a'] = 0)
  Condition(['a', 'b'] hold_by ['i', 'a'] = 1)
)
2025-10-22 15:45:55,127 DEBUG - __main__.FilterGoalEXPBFS.single_bfs:
Own Goals of agent b:
  Condition(['b', 'a'] hold_by ['i', 'a'] = 1)
  Condition(['b', 'a'] hold_by ['j', 'b'] = 0)
)
2025-10-22 15:45:55,139 DEBUG - __main__.FilterGoalEXPBFS.single_bfs:
["pick_up(['a', 'i'])", "move_right_without_item(['b'])", "drop_item(['a', 'i'])"]
2025-10-22 15:45:55,139 DEBUG - __main__.FilterGoalEXPBFS.single_bfs:
["pick_up(['a', 'i'])", "move_right_with_item(['a', 'i'])", "drop_item(['a', 'i'])"]
2025-10-22 15:45:55,148 DEBUG - __main__.FilterGoalEXPBFS.single_bfs:
Own Goals of agent a:
  Condition(['a'] hold_by ['i', 'a'] = 0)
  Condition(['a', 'b'] hold_by ['i', 'a'] = 1)
)
2025-10-22 15:45:55,148 DEBUG - __main__.FilterGoalEXPBFS.single_bfs:
Own Goals of agent b:
  Condition(['b', 'a'] hold_by ['i', 'a'] = 1)
  Condition(['b', 'a'] hold_by ['j', 'b'] = 1)
)
2025-10-22 15:45:55,164 DEBUG - __main__.FilterGoalEXPBFS.single_bfs:
["pick_up(['a', 'i'])", "pick_up(['b', 'j'])", "move_right_with_item(['b', 'j'])", "drop_item(['a', 'i'])"]
2025-10-22 15:45:55,166 DEBUG - __main__.FilterGoalEXPBFS.single_bfs:
["pick_up(['a', 'i'])", "pick_up(['b', 'j'])", "move_right_with_item(['a', 'i'])", "drop_item(['a', 'i'])"]
2025-10-22 15:45:55,188 INFO - __main__.FilterGoalEXPBFS.bfs:
Models: 16, Exapnds: 955, 0.940ms/expand
2025-10-22 15:45:55,188 INFO - __main__.FilterGoalEXPBFS.get_policy:
[("pick_up(['a', 'i'])", 32), ("stay(['a'])", 2)]
{'a': 16, 'b': 16}
2025-10-22 15:45:55,188 INFO - __main__.Model.simulate:
a takes action: pick_up(['a', 'i'])
2025-10-22 15:45:55,189 DEBUG - __main__.FilterGoalEXPBFS.single_bfs:
Own Goals of agent a:
  Condition(['a'] hold_by ['j', 'b'] = 1)
)
2025-10-22 15:45:55,189 DEBUG - __main__.FilterGoalEXPBFS.single_bfs:
Own Goals of agent b:
  Condition(['b'] hold_by ['j', 'b'] = 0)
  Condition(['b', 'a'] hold_by ['j', 'b'] = 1)
)
2025-10-22 15:45:55,200 DEBUG - __main__.FilterGoalEXPBFS.single_bfs:
["pick_up(['b', 'j'])", "move_right_with_item(['b', 'j'])", "drop_item(['b', 'j'])"]
2025-10-22 15:45:55,200 DEBUG - __main__.FilterGoalEXPBFS.single_bfs:
["pick_up(['b', 'j'])", "move_right_with_item(['a', 'i'])", "drop_item(['b', 'j'])"]
2025-10-22 15:45:55,213 DEBUG - __main__.FilterGoalEXPBFS.single_bfs:
Own Goals of agent a:
  Condition(['a'] hold_by ['i', 'a'] = 0)
  Condition(['a'] hold_by ['j', 'b'] = 1)
)
2025-10-22 15:45:55,213 DEBUG - __main__.FilterGoalEXPBFS.single_bfs:
Own Goals of agent b:
  Condition(['b'] hold_by ['j', 'b'] = 0)
  Condition(['b', 'a'] hold_by ['j', 'b'] = 1)
)
2025-10-22 15:45:55,228 DEBUG - __main__.FilterGoalEXPBFS.single_bfs:
["pick_up(['b', 'j'])", "drop_item(['a', 'i'])", "move_right_with_item(['b', 'j'])", "drop_item(['b', 'j'])"]
2025-10-22 15:45:55,228 DEBUG - __main__.FilterGoalEXPBFS.single_bfs:
["pick_up(['b', 'j'])", "move_right_with_item(['b', 'j'])", "drop_item(['b', 'j'])", "drop_item(['a', 'i'])"]
2025-10-22 15:45:55,233 DEBUG - __main__.FilterGoalEXPBFS.single_bfs:
["pick_up(['b', 'j'])", "drop_item(['a', 'i'])", "move_right_without_item(['a'])", "drop_item(['b', 'j'])"]
2025-10-22 15:45:55,238 DEBUG - __main__.FilterGoalEXPBFS.single_bfs:
["pick_up(['b', 'j'])", "move_right_with_item(['a', 'i'])", "drop_item(['a', 'i'])", "drop_item(['b', 'j'])"]
2025-10-22 15:45:55,265 DEBUG - __main__.FilterGoalEXPBFS.single_bfs:
Own Goals of agent a:
  Condition(['a'] hold_by ['i', 'a'] = 1)
  Condition(['a'] hold_by ['j', 'b'] = 1)
)
2025-10-22 15:45:55,266 DEBUG - __main__.FilterGoalEXPBFS.single_bfs:
Own Goals of agent b:
  Condition(['b'] hold_by ['j', 'b'] = 0)
  Condition(['b', 'a'] hold_by ['j', 'b'] = 1)
)
2025-10-22 15:45:55,276 DEBUG - __main__.FilterGoalEXPBFS.single_bfs:
["pick_up(['b', 'j'])", "move_right_with_item(['a', 'i'])", "drop_item(['b', 'j'])"]
2025-10-22 15:45:55,276 DEBUG - __main__.FilterGoalEXPBFS.single_bfs:
["pick_up(['b', 'j'])", "move_right_with_item(['b', 'j'])", "drop_item(['b', 'j'])"]
2025-10-22 15:45:55,289 DEBUG - __main__.FilterGoalEXPBFS.single_bfs:
Own Goals of agent a:
  Condition(['a', 'b'] hold_by ['j', 'b'] = 1)
)
2025-10-22 15:45:55,289 DEBUG - __main__.FilterGoalEXPBFS.single_bfs:
Own Goals of agent b:
  Condition(['b'] hold_by ['j', 'b'] = 0)
  Condition(['b', 'a'] hold_by ['j', 'b'] = 1)
)
2025-10-22 15:45:55,301 DEBUG - __main__.FilterGoalEXPBFS.single_bfs:
["pick_up(['b', 'j'])", "move_right_with_item(['b', 'j'])", "drop_item(['b', 'j'])"]
2025-10-22 15:45:55,301 DEBUG - __main__.FilterGoalEXPBFS.single_bfs:
["pick_up(['b', 'j'])", "move_right_with_item(['a', 'i'])", "drop_item(['b', 'j'])"]
2025-10-22 15:45:55,315 DEBUG - __main__.FilterGoalEXPBFS.single_bfs:
Own Goals of agent a:
  Condition(['a', 'b'] hold_by ['j', 'b'] = 1)
  Condition(['a'] hold_by ['j', 'b'] = 1)
)
2025-10-22 15:45:55,315 DEBUG - __main__.FilterGoalEXPBFS.single_bfs:
Own Goals of agent b:
  Condition(['b'] hold_by ['j', 'b'] = 0)
  Condition(['b', 'a'] hold_by ['j', 'b'] = 1)
)
2025-10-22 15:45:55,325 DEBUG - __main__.FilterGoalEXPBFS.single_bfs:
["pick_up(['b', 'j'])", "move_right_with_item(['a', 'i'])", "drop_item(['b', 'j'])"]
2025-10-22 15:45:55,325 DEBUG - __main__.FilterGoalEXPBFS.single_bfs:
["pick_up(['b', 'j'])", "move_right_with_item(['b', 'j'])", "drop_item(['b', 'j'])"]
2025-10-22 15:45:55,333 DEBUG - __main__.FilterGoalEXPBFS.single_bfs:
Own Goals of agent a:
  Condition(['a', 'b'] hold_by ['j', 'b'] = 1)
  Condition(['a'] hold_by ['i', 'a'] = 0)
)
2025-10-22 15:45:55,333 DEBUG - __main__.FilterGoalEXPBFS.single_bfs:
Own Goals of agent b:
  Condition(['b'] hold_by ['j', 'b'] = 0)
  Condition(['b', 'a'] hold_by ['j', 'b'] = 1)
)
2025-10-22 15:45:55,349 DEBUG - __main__.FilterGoalEXPBFS.single_bfs:
["pick_up(['b', 'j'])", "drop_item(['a', 'i'])", "move_right_with_item(['b', 'j'])", "drop_item(['b', 'j'])"]
2025-10-22 15:45:55,349 DEBUG - __main__.FilterGoalEXPBFS.single_bfs:
["pick_up(['b', 'j'])", "move_right_with_item(['b', 'j'])", "drop_item(['b', 'j'])", "drop_item(['a', 'i'])"]
2025-10-22 15:45:55,355 DEBUG - __main__.FilterGoalEXPBFS.single_bfs:
["pick_up(['b', 'j'])", "drop_item(['a', 'i'])", "move_right_without_item(['a'])", "drop_item(['b', 'j'])"]
2025-10-22 15:45:55,360 DEBUG - __main__.FilterGoalEXPBFS.single_bfs:
["pick_up(['b', 'j'])", "move_right_with_item(['a', 'i'])", "drop_item(['a', 'i'])", "drop_item(['b', 'j'])"]
2025-10-22 15:45:55,389 DEBUG - __main__.FilterGoalEXPBFS.single_bfs:
Own Goals of agent a:
  Condition(['a', 'b'] hold_by ['j', 'b'] = 1)
  Condition(['a'] hold_by ['i', 'a'] = 1)
)
2025-10-22 15:45:55,389 DEBUG - __main__.FilterGoalEXPBFS.single_bfs:
Own Goals of agent b:
  Condition(['b'] hold_by ['j', 'b'] = 0)
  Condition(['b', 'a'] hold_by ['j', 'b'] = 1)
)
2025-10-22 15:45:55,400 DEBUG - __main__.FilterGoalEXPBFS.single_bfs:
["pick_up(['b', 'j'])", "move_right_with_item(['a', 'i'])", "drop_item(['b', 'j'])"]
2025-10-22 15:45:55,400 DEBUG - __main__.FilterGoalEXPBFS.single_bfs:
["pick_up(['b', 'j'])", "move_right_with_item(['b', 'j'])", "drop_item(['b', 'j'])"]
2025-10-22 15:45:55,414 DEBUG - __main__.FilterGoalEXPBFS.single_bfs:
Own Goals of agent a:
  Condition(['a', 'b'] hold_by ['i', 'a'] = 0)
  Condition(['a'] hold_by ['j', 'b'] = 1)
)
2025-10-22 15:45:55,414 DEBUG - __main__.FilterGoalEXPBFS.single_bfs:
Own Goals of agent b:
  Condition(['b'] hold_by ['j', 'b'] = 0)
  Condition(['b', 'a'] hold_by ['j', 'b'] = 1)
)
2025-10-22 15:45:55,427 DEBUG - __main__.FilterGoalEXPBFS.single_bfs:
["pick_up(['b', 'j'])", "drop_item(['a', 'i'])", "move_right_with_item(['b', 'j'])", "drop_item(['b', 'j'])"]
2025-10-22 15:45:55,434 DEBUG - __main__.FilterGoalEXPBFS.single_bfs:
["pick_up(['b', 'j'])", "drop_item(['a', 'i'])", "move_right_without_item(['a'])", "drop_item(['b', 'j'])"]
2025-10-22 15:45:55,462 DEBUG - __main__.FilterGoalEXPBFS.single_bfs:
Own Goals of agent a:
  Condition(['a', 'b'] hold_by ['i', 'a'] = 0)
  Condition(['a'] hold_by ['i', 'a'] = 1)
)
2025-10-22 15:45:55,462 DEBUG - __main__.FilterGoalEXPBFS.single_bfs:
Own Goals of agent b:
  Condition(['b'] hold_by ['j', 'b'] = 0)
  Condition(['b', 'a'] hold_by ['j', 'b'] = 1)
)
2025-10-22 15:45:55,504 DEBUG - __main__.FilterGoalEXPBFS.single_bfs:
["pick_up(['b', 'j'])", "drop_item(['a', 'i'])", "move_right_with_item(['b', 'j'])", "pick_up(['a', 'i'])", "drop_item(['b', 'j'])"]
2025-10-22 15:45:55,601 DEBUG - __main__.FilterGoalEXPBFS.single_bfs:
Own Goals of agent a:
  Condition(['a', 'b'] hold_by ['i', 'a'] = 0)
  Condition(['a', 'b'] hold_by ['j', 'b'] = 1)
)
2025-10-22 15:45:55,601 DEBUG - __main__.FilterGoalEXPBFS.single_bfs:
Own Goals of agent b:
  Condition(['b'] hold_by ['j', 'b'] = 0)
  Condition(['b', 'a'] hold_by ['j', 'b'] = 1)
)
2025-10-22 15:45:55,615 DEBUG - __main__.FilterGoalEXPBFS.single_bfs:
["pick_up(['b', 'j'])", "drop_item(['a', 'i'])", "move_right_with_item(['b', 'j'])", "drop_item(['b', 'j'])"]
2025-10-22 15:45:55,622 DEBUG - __main__.FilterGoalEXPBFS.single_bfs:
["pick_up(['b', 'j'])", "drop_item(['a', 'i'])", "move_right_without_item(['a'])", "drop_item(['b', 'j'])"]
2025-10-22 15:45:55,651 DEBUG - __main__.FilterGoalEXPBFS.single_bfs:
Own Goals of agent a:
  Condition(['a', 'b'] hold_by ['i', 'a'] = 1)
  Condition(['a'] hold_by ['j', 'b'] = 1)
)
2025-10-22 15:45:55,651 DEBUG - __main__.FilterGoalEXPBFS.single_bfs:
Own Goals of agent b:
  Condition(['b'] hold_by ['j', 'b'] = 0)
  Condition(['b', 'a'] hold_by ['j', 'b'] = 1)
)
2025-10-22 15:45:55,662 DEBUG - __main__.FilterGoalEXPBFS.single_bfs:
["pick_up(['b', 'j'])", "move_right_with_item(['a', 'i'])", "drop_item(['b', 'j'])"]
2025-10-22 15:45:55,662 DEBUG - __main__.FilterGoalEXPBFS.single_bfs:
["pick_up(['b', 'j'])", "move_right_with_item(['b', 'j'])", "drop_item(['b', 'j'])"]
2025-10-22 15:45:55,671 DEBUG - __main__.FilterGoalEXPBFS.single_bfs:
Own Goals of agent a:
  Condition(['a', 'b'] hold_by ['i', 'a'] = 1)
  Condition(['a'] hold_by ['i', 'a'] = 0)
)
2025-10-22 15:45:55,671 DEBUG - __main__.FilterGoalEXPBFS.single_bfs:
Own Goals of agent b:
  Condition(['b'] hold_by ['j', 'b'] = 0)
  Condition(['b', 'a'] hold_by ['j', 'b'] = 1)
)
2025-10-22 15:45:55,696 DEBUG - __main__.FilterGoalEXPBFS.single_bfs:
["pick_up(['b', 'j'])", "move_right_with_item(['b', 'j'])", "drop_item(['a', 'i'])", "drop_item(['b', 'j'])"]
2025-10-22 15:45:55,703 DEBUG - __main__.FilterGoalEXPBFS.single_bfs:
["pick_up(['b', 'j'])", "move_right_with_item(['a', 'i'])", "drop_item(['a', 'i'])", "drop_item(['b', 'j'])"]
2025-10-22 15:45:55,729 DEBUG - __main__.FilterGoalEXPBFS.single_bfs:
Own Goals of agent a:
  Condition(['a', 'b'] hold_by ['i', 'a'] = 1)
  Condition(['a', 'b'] hold_by ['j', 'b'] = 1)
)
2025-10-22 15:45:55,729 DEBUG - __main__.FilterGoalEXPBFS.single_bfs:
Own Goals of agent b:
  Condition(['b'] hold_by ['j', 'b'] = 0)
  Condition(['b', 'a'] hold_by ['j', 'b'] = 1)
)
2025-10-22 15:45:55,741 DEBUG - __main__.FilterGoalEXPBFS.single_bfs:
["pick_up(['b', 'j'])", "move_right_with_item(['a', 'i'])", "drop_item(['b', 'j'])"]
2025-10-22 15:45:55,741 DEBUG - __main__.FilterGoalEXPBFS.single_bfs:
["pick_up(['b', 'j'])", "move_right_with_item(['b', 'j'])", "drop_item(['b', 'j'])"]
2025-10-22 15:45:55,750 INFO - __main__.FilterGoalEXPBFS.bfs:
Models: 13, Exapnds: 572, 0.981ms/expand
2025-10-22 15:45:55,750 INFO - __main__.FilterGoalEXPBFS.get_policy:
[("pick_up(['b', 'j'])", 29)]
{'a': 9, 'b': 13}
2025-10-22 15:45:55,750 INFO - __main__.Model.simulate:
b takes action: pick_up(['b', 'j'])
2025-10-22 15:45:55,751 DEBUG - __main__.FilterGoalEXPBFS.single_bfs:
Own Goals of agent a:
  Condition(['a'] hold_by ['i', 'a'] = 0)
  Condition(['a', 'b'] hold_by ['i', 'a'] = 1)
)
2025-10-22 15:45:55,751 DEBUG - __main__.FilterGoalEXPBFS.single_bfs:
Own Goals of agent b:
  Condition(['b', 'a'] hold_by ['j', 'b'] = 0)
  Condition(['b'] hold_by ['j', 'b'] = 1)
)
2025-10-22 15:45:55,800 DEBUG - __main__.FilterGoalEXPBFS.single_bfs:
["stay(['a'])", "drop_item(['b', 'j'])", "move_right_with_item(['a', 'i'])", "drop_item(['a', 'i'])", "pick_up(['b', 'j'])"]
2025-10-22 15:45:55,872 DEBUG - __main__.FilterGoalEXPBFS.single_bfs:
Own Goals of agent a:
  Condition(['a'] hold_by ['i', 'a'] = 0)
  Condition(['a', 'b'] hold_by ['i', 'a'] = 1)
)
2025-10-22 15:45:55,872 DEBUG - __main__.FilterGoalEXPBFS.single_bfs:
Own Goals of agent b:
  Condition(['b', 'a'] hold_by ['j', 'b'] = 1)
  Condition(['b'] hold_by ['j', 'b'] = 0)
)
2025-10-22 15:45:55,885 DEBUG - __main__.FilterGoalEXPBFS.single_bfs:
["move_right_with_item(['a', 'i'])", "drop_item(['b', 'j'])", "drop_item(['a', 'i'])"]
2025-10-22 15:45:55,905 INFO - __main__.FilterGoalEXPBFS.bfs:
Models: 2, Exapnds: 131, 1.176ms/expand
2025-10-22 15:45:55,905 INFO - __main__.FilterGoalEXPBFS.get_policy:
[("stay(['a'])", 1), ("move_right_with_item(['a', 'i'])", 1)]
{'a': 2, 'b': 6}
2025-10-22 15:45:55,905 INFO - __main__.Model.simulate:
a takes action: stay(['a'])
2025-10-22 15:45:55,906 DEBUG - __main__.FilterGoalEXPBFS.single_bfs:
Own Goals of agent a:
  Condition(['a'] hold_by ['i', 'a'] = 0)
  Condition(['a'] hold_by ['j', 'b'] = 1)
)
2025-10-22 15:45:55,906 DEBUG - __main__.FilterGoalEXPBFS.single_bfs:
Own Goals of agent b:
  Condition(['b'] hold_by ['j', 'b'] = 0)
  Condition(['b', 'a'] hold_by ['j', 'b'] = 1)
)
2025-10-22 15:45:55,915 DEBUG - __main__.FilterGoalEXPBFS.single_bfs:
["move_right_with_item(['b', 'j'])", "drop_item(['a', 'i'])", "drop_item(['b', 'j'])"]
2025-10-22 15:45:55,934 DEBUG - __main__.FilterGoalEXPBFS.single_bfs:
Own Goals of agent a:
  Condition(['a', 'b'] hold_by ['j', 'b'] = 1)
  Condition(['a'] hold_by ['i', 'a'] = 0)
)
2025-10-22 15:45:55,934 DEBUG - __main__.FilterGoalEXPBFS.single_bfs:
Own Goals of agent b:
  Condition(['b'] hold_by ['j', 'b'] = 0)
  Condition(['b', 'a'] hold_by ['j', 'b'] = 1)
)
2025-10-22 15:45:55,944 DEBUG - __main__.FilterGoalEXPBFS.single_bfs:
["move_right_with_item(['b', 'j'])", "drop_item(['a', 'i'])", "drop_item(['b', 'j'])"]
2025-10-22 15:45:55,964 DEBUG - __main__.FilterGoalEXPBFS.single_bfs:
Own Goals of agent a:
  Condition(['a', 'b'] hold_by ['i', 'a'] = 0)
  Condition(['a'] hold_by ['j', 'b'] = 1)
)
2025-10-22 15:45:55,964 DEBUG - __main__.FilterGoalEXPBFS.single_bfs:
Own Goals of agent b:
  Condition(['b'] hold_by ['j', 'b'] = 0)
  Condition(['b', 'a'] hold_by ['j', 'b'] = 1)
)
2025-10-22 15:45:56,016 DEBUG - __main__.FilterGoalEXPBFS.single_bfs:
["move_right_with_item(['b', 'j'])", "drop_item(['a', 'i'])", "move_right_without_item(['a'])", "move_left_with_item(['b', 'j'])", "drop_item(['b', 'j'])"]
2025-10-22 15:45:56,017 DEBUG - __main__.FilterGoalEXPBFS.single_bfs:
["move_right_with_item(['b', 'j'])", "drop_item(['a', 'i'])", "move_left_with_item(['b', 'j'])", "move_right_without_item(['a'])", "drop_item(['b', 'j'])"]
2025-10-22 15:45:56,020 DEBUG - __main__.FilterGoalEXPBFS.single_bfs:
["move_right_with_item(['b', 'j'])", "drop_item(['a', 'i'])", "move_left_with_item(['b', 'j'])", "move_right_with_item(['b', 'j'])", "drop_item(['b', 'j'])"]
2025-10-22 15:45:56,020 DEBUG - __main__.FilterGoalEXPBFS.single_bfs:
["move_right_with_item(['b', 'j'])", "move_right_with_item(['a', 'i'])", "drop_item(['a', 'i'])", "move_left_with_item(['b', 'j'])", "drop_item(['b', 'j'])"]
2025-10-22 15:45:56,024 DEBUG - __main__.FilterGoalEXPBFS.single_bfs:
["move_right_with_item(['b', 'j'])", "move_right_with_item(['a', 'i'])", "drop_item(['a', 'i'])", "move_left_without_item(['a'])", "drop_item(['b', 'j'])"]
2025-10-22 15:45:56,024 DEBUG - __main__.FilterGoalEXPBFS.single_bfs:
["move_right_with_item(['b', 'j'])", "drop_item(['a', 'i'])", "move_right_without_item(['a'])", "move_left_without_item(['a'])", "drop_item(['b', 'j'])"]
2025-10-22 15:45:56,046 DEBUG - __main__.FilterGoalEXPBFS.single_bfs:
Own Goals of agent a:
  Condition(['a', 'b'] hold_by ['i', 'a'] = 0)
  Condition(['a'] hold_by ['i', 'a'] = 1)
)
2025-10-22 15:45:56,046 DEBUG - __main__.FilterGoalEXPBFS.single_bfs:
Own Goals of agent b:
  Condition(['b'] hold_by ['j', 'b'] = 0)
  Condition(['b', 'a'] hold_by ['j', 'b'] = 1)
)
2025-10-22 15:45:56,154 DEBUG - __main__.FilterGoalEXPBFS.single_bfs:
["move_right_with_item(['b', 'j'])", "drop_item(['a', 'i'])", "move_right_without_item(['a'])", "move_left_without_item(['a'])", "drop_item(['b', 'j'])", "pick_up(['a', 'i'])"]
2025-10-22 15:45:56,173 DEBUG - __main__.FilterGoalEXPBFS.single_bfs:
["move_right_with_item(['b', 'j'])", "move_right_with_item(['a', 'i'])", "drop_item(['a', 'i'])", "move_left_with_item(['b', 'j'])", "pick_up(['a', 'i'])", "drop_item(['b', 'j'])"]
2025-10-22 15:45:56,195 DEBUG - __main__.FilterGoalEXPBFS.single_bfs:
["drop_item(['b', 'j'])", "drop_item(['a', 'i'])", "pick_up(['b', 'j'])", "move_right_with_item(['b', 'j'])", "pick_up(['a', 'i'])", "drop_item(['b', 'j'])"]
2025-10-22 15:45:56,451 DEBUG - __main__.FilterGoalEXPBFS.single_bfs:
Own Goals of agent a:
  Condition(['a', 'b'] hold_by ['i', 'a'] = 0)
  Condition(['a', 'b'] hold_by ['j', 'b'] = 1)
)
2025-10-22 15:45:56,451 DEBUG - __main__.FilterGoalEXPBFS.single_bfs:
Own Goals of agent b:
  Condition(['b'] hold_by ['j', 'b'] = 0)
  Condition(['b', 'a'] hold_by ['j', 'b'] = 1)
)
2025-10-22 15:45:56,506 DEBUG - __main__.FilterGoalEXPBFS.single_bfs:
["move_right_with_item(['b', 'j'])", "drop_item(['a', 'i'])", "move_right_without_item(['a'])", "move_left_with_item(['b', 'j'])", "drop_item(['b', 'j'])"]
2025-10-22 15:45:56,507 DEBUG - __main__.FilterGoalEXPBFS.single_bfs:
["move_right_with_item(['b', 'j'])", "drop_item(['a', 'i'])", "move_left_with_item(['b', 'j'])", "move_right_without_item(['a'])", "drop_item(['b', 'j'])"]
2025-10-22 15:45:56,510 DEBUG - __main__.FilterGoalEXPBFS.single_bfs:
["move_right_with_item(['b', 'j'])", "drop_item(['a', 'i'])", "move_left_with_item(['b', 'j'])", "move_right_with_item(['b', 'j'])", "drop_item(['b', 'j'])"]
2025-10-22 15:45:56,511 DEBUG - __main__.FilterGoalEXPBFS.single_bfs:
["move_right_with_item(['b', 'j'])", "move_right_with_item(['a', 'i'])", "drop_item(['a', 'i'])", "move_left_with_item(['b', 'j'])", "drop_item(['b', 'j'])"]
2025-10-22 15:45:56,514 DEBUG - __main__.FilterGoalEXPBFS.single_bfs:
["move_right_with_item(['b', 'j'])", "move_right_with_item(['a', 'i'])", "drop_item(['a', 'i'])", "move_left_without_item(['a'])", "drop_item(['b', 'j'])"]
2025-10-22 15:45:56,515 DEBUG - __main__.FilterGoalEXPBFS.single_bfs:
["move_right_with_item(['b', 'j'])", "drop_item(['a', 'i'])", "move_right_without_item(['a'])", "move_left_without_item(['a'])", "drop_item(['b', 'j'])"]
2025-10-22 15:45:56,538 DEBUG - __main__.FilterGoalEXPBFS.single_bfs:
Own Goals of agent a:
  Condition(['a', 'b'] hold_by ['i', 'a'] = 1)
  Condition(['a'] hold_by ['i', 'a'] = 0)
)
2025-10-22 15:45:56,538 DEBUG - __main__.FilterGoalEXPBFS.single_bfs:
Own Goals of agent b:
  Condition(['b'] hold_by ['j', 'b'] = 0)
  Condition(['b', 'a'] hold_by ['j', 'b'] = 1)
)
2025-10-22 15:45:56,551 DEBUG - __main__.FilterGoalEXPBFS.single_bfs:
["move_right_with_item(['b', 'j'])", "drop_item(['b', 'j'])", "drop_item(['a', 'i'])"]
2025-10-22 15:45:56,572 INFO - __main__.FilterGoalEXPBFS.bfs:
Models: 6, Exapnds: 458, 1.454ms/expand
2025-10-22 15:45:56,572 INFO - __main__.FilterGoalEXPBFS.get_policy:
[("move_right_with_item(['b', 'j'])", 17), ("drop_item(['b', 'j'])", 1)]
{'a': 2, 'b': 6}
2025-10-22 15:45:56,572 INFO - __main__.Model.simulate:
b takes action: move_right_with_item(['b', 'j'])
2025-10-22 15:45:56,573 DEBUG - __main__.FilterGoalEXPBFS.single_bfs:
Own Goals of agent a:
  Condition(['a'] hold_by ['i', 'a'] = 0)
  Condition(['a', 'b'] hold_by ['i', 'a'] = 1)
)
2025-10-22 15:45:56,573 DEBUG - __main__.FilterGoalEXPBFS.single_bfs:
Own Goals of agent b:
  Condition(['b', 'a'] hold_by ['j', 'b'] = 0)
  Condition(['b'] hold_by ['j', 'b'] = 1)
)
2025-10-22 15:45:56,637 DEBUG - __main__.FilterGoalEXPBFS.single_bfs:
["move_right_with_item(['a', 'i'])", "drop_item(['b', 'j'])", "move_left_with_item(['a', 'i'])", "drop_item(['a', 'i'])", "pick_up(['b', 'j'])"]
2025-10-22 15:45:56,729 DEBUG - __main__.FilterGoalEXPBFS.single_bfs:
Own Goals of agent a:
  Condition(['a'] hold_by ['i', 'a'] = 0)
  Condition(['a', 'b'] hold_by ['i', 'a'] = 1)
)
2025-10-22 15:45:56,729 DEBUG - __main__.FilterGoalEXPBFS.single_bfs:
Own Goals of agent b:
  Condition(['b', 'a'] hold_by ['j', 'b'] = 1)
  Condition(['b'] hold_by ['j', 'b'] = 0)
)
2025-10-22 15:45:56,734 DEBUG - __main__.FilterGoalEXPBFS.single_bfs:
["drop_item(['a', 'i'])", "drop_item(['b', 'j'])"]
2025-10-22 15:45:56,754 INFO - __main__.FilterGoalEXPBFS.bfs:
Models: 2, Exapnds: 134, 1.354ms/expand
2025-10-22 15:45:56,754 INFO - __main__.FilterGoalEXPBFS.get_policy:
[("move_right_with_item(['a', 'i'])", 1), ("drop_item(['a', 'i'])", 1)]
{'a': 2, 'b': 6}
2025-10-22 15:45:56,754 INFO - __main__.Model.simulate:
a takes action: drop_item(['a', 'i'])
2025-10-22 15:45:56,755 DEBUG - __main__.FilterGoalEXPBFS.single_bfs:
Own Goals of agent a:
  Condition(['a'] hold_by ['i', 'a'] = 0)
  Condition(['a'] hold_by ['j', 'b'] = 1)
)
2025-10-22 15:45:56,755 DEBUG - __main__.FilterGoalEXPBFS.single_bfs:
Own Goals of agent b:
  Condition(['b'] hold_by ['j', 'b'] = 0)
  Condition(['b', 'a'] hold_by ['j', 'b'] = 1)
)
2025-10-22 15:45:56,760 DEBUG - __main__.FilterGoalEXPBFS.single_bfs:
["drop_item(['b', 'j'])", "drop_item(['a', 'i'])"]
2025-10-22 15:45:56,769 DEBUG - __main__.FilterGoalEXPBFS.single_bfs:
Own Goals of agent a:
  Condition(['a', 'b'] hold_by ['j', 'b'] = 1)
  Condition(['a'] hold_by ['i', 'a'] = 0)
)
2025-10-22 15:45:56,769 DEBUG - __main__.FilterGoalEXPBFS.single_bfs:
Own Goals of agent b:
  Condition(['b'] hold_by ['j', 'b'] = 0)
  Condition(['b', 'a'] hold_by ['j', 'b'] = 1)
)
2025-10-22 15:45:56,774 DEBUG - __main__.FilterGoalEXPBFS.single_bfs:
["drop_item(['b', 'j'])", "drop_item(['a', 'i'])"]
2025-10-22 15:45:56,784 DEBUG - __main__.FilterGoalEXPBFS.single_bfs:
Own Goals of agent a:
  Condition(['a', 'b'] hold_by ['i', 'a'] = 0)
  Condition(['a'] hold_by ['j', 'b'] = 1)
)
2025-10-22 15:45:56,784 DEBUG - __main__.FilterGoalEXPBFS.single_bfs:
Own Goals of agent b:
  Condition(['b'] hold_by ['j', 'b'] = 0)
  Condition(['b', 'a'] hold_by ['j', 'b'] = 1)
)
2025-10-22 15:45:56,822 DEBUG - __main__.FilterGoalEXPBFS.single_bfs:
["stay(['b'])", "move_right_with_item(['a', 'i'])", "drop_item(['a', 'i'])", "move_left_with_item(['b', 'j'])", "drop_item(['b', 'j'])"]
2025-10-22 15:45:56,840 DEBUG - __main__.FilterGoalEXPBFS.single_bfs:
["stay(['b'])", "move_right_with_item(['a', 'i'])", "drop_item(['a', 'i'])", "move_left_without_item(['a'])", "drop_item(['b', 'j'])"]
2025-10-22 15:45:56,856 DEBUG - __main__.FilterGoalEXPBFS.single_bfs:
Own Goals of agent a:
  Condition(['a', 'b'] hold_by ['i', 'a'] = 0)
  Condition(['a'] hold_by ['i', 'a'] = 1)
)
2025-10-22 15:45:56,856 DEBUG - __main__.FilterGoalEXPBFS.single_bfs:
Own Goals of agent b:
  Condition(['b'] hold_by ['j', 'b'] = 0)
  Condition(['b', 'a'] hold_by ['j', 'b'] = 1)
)
2025-10-22 15:45:56,994 DEBUG - __main__.FilterGoalEXPBFS.single_bfs:
["stay(['b'])", "move_right_with_item(['a', 'i'])", "drop_item(['a', 'i'])", "move_left_with_item(['b', 'j'])", "pick_up(['a', 'i'])", "drop_item(['b', 'j'])"]
2025-10-22 15:45:57,053 DEBUG - __main__.FilterGoalEXPBFS.single_bfs:
Own Goals of agent a:
  Condition(['a', 'b'] hold_by ['i', 'a'] = 0)
  Condition(['a', 'b'] hold_by ['j', 'b'] = 1)
)
2025-10-22 15:45:57,053 DEBUG - __main__.FilterGoalEXPBFS.single_bfs:
Own Goals of agent b:
  Condition(['b'] hold_by ['j', 'b'] = 0)
  Condition(['b', 'a'] hold_by ['j', 'b'] = 1)
)
2025-10-22 15:45:57,093 DEBUG - __main__.FilterGoalEXPBFS.single_bfs:
["stay(['b'])", "move_right_with_item(['a', 'i'])", "drop_item(['a', 'i'])", "move_left_with_item(['b', 'j'])", "drop_item(['b', 'j'])"]
2025-10-22 15:45:57,113 DEBUG - __main__.FilterGoalEXPBFS.single_bfs:
["stay(['b'])", "move_right_with_item(['a', 'i'])", "drop_item(['a', 'i'])", "move_left_without_item(['a'])", "drop_item(['b', 'j'])"]
2025-10-22 15:45:57,129 DEBUG - __main__.FilterGoalEXPBFS.single_bfs:
Own Goals of agent a:
  Condition(['a', 'b'] hold_by ['i', 'a'] = 1)
  Condition(['a'] hold_by ['i', 'a'] = 0)
)
2025-10-22 15:45:57,129 DEBUG - __main__.FilterGoalEXPBFS.single_bfs:
Own Goals of agent b:
  Condition(['b'] hold_by ['j', 'b'] = 0)
  Condition(['b', 'a'] hold_by ['j', 'b'] = 1)
)
2025-10-22 15:45:57,134 DEBUG - __main__.FilterGoalEXPBFS.single_bfs:
["drop_item(['b', 'j'])", "drop_item(['a', 'i'])"]
2025-10-22 15:45:57,154 INFO - __main__.FilterGoalEXPBFS.bfs:
Models: 6, Exapnds: 278, 1.434ms/expand
2025-10-22 15:45:57,154 INFO - __main__.FilterGoalEXPBFS.get_policy:
[("drop_item(['b', 'j'])", 3), ("stay(['b'])", 5)]
{'a': 2, 'b': 6}
2025-10-22 15:45:57,154 INFO - __main__.Model.simulate:
b takes action: stay(['b'])
2025-10-22 15:45:57,155 DEBUG - __main__.FilterGoalEXPBFS.single_bfs:
Own Goals of agent a:
  Condition(['a'] hold_by ['i', 'a'] = 0)
  Condition(['a', 'b'] hold_by ['i', 'a'] = 1)
)
2025-10-22 15:45:57,155 DEBUG - __main__.FilterGoalEXPBFS.single_bfs:
Own Goals of agent b:
  Condition(['b', 'a'] hold_by ['j', 'b'] = 0)
  Condition(['b'] hold_by ['j', 'b'] = 1)
)
2025-10-22 15:45:57,293 DEBUG - __main__.FilterGoalEXPBFS.single_bfs:
["pick_up(['a', 'i'])", "move_right_with_item(['a', 'i'])", "drop_item(['b', 'j'])", "move_left_with_item(['a', 'i'])", "pick_up(['b', 'j'])", "drop_item(['a', 'i'])"]
2025-10-22 15:45:57,392 DEBUG - __main__.FilterGoalEXPBFS.single_bfs:
Own Goals of agent a:
  Condition(['a'] hold_by ['i', 'a'] = 0)
  Condition(['a', 'b'] hold_by ['i', 'a'] = 1)
)
2025-10-22 15:45:57,392 DEBUG - __main__.FilterGoalEXPBFS.single_bfs:
Own Goals of agent b:
  Condition(['b', 'a'] hold_by ['j', 'b'] = 1)
  Condition(['b'] hold_by ['j', 'b'] = 0)
)
2025-10-22 15:45:57,398 DEBUG - __main__.FilterGoalEXPBFS.single_bfs:
["stay(['a'])", "drop_item(['b', 'j'])"]
2025-10-22 15:45:57,423 INFO - __main__.FilterGoalEXPBFS.bfs:
Models: 2, Exapnds: 161, 1.663ms/expand
2025-10-22 15:45:57,423 INFO - __main__.FilterGoalEXPBFS.get_policy:
[("pick_up(['a', 'i'])", 1), ("stay(['a'])", 1)]
{'a': 2, 'b': 6}
2025-10-22 15:45:57,423 INFO - __main__.Model.simulate:
a takes action: pick_up(['a', 'i'])
2025-10-22 15:45:57,424 DEBUG - __main__.FilterGoalEXPBFS.single_bfs:
Own Goals of agent a:
  Condition(['a'] hold_by ['i', 'a'] = 0)
  Condition(['a'] hold_by ['j', 'b'] = 1)
)
2025-10-22 15:45:57,424 DEBUG - __main__.FilterGoalEXPBFS.single_bfs:
Own Goals of agent b:
  Condition(['b'] hold_by ['j', 'b'] = 0)
  Condition(['b', 'a'] hold_by ['j', 'b'] = 1)
)
2025-10-22 15:45:57,429 DEBUG - __main__.FilterGoalEXPBFS.single_bfs:
["drop_item(['b', 'j'])", "drop_item(['a', 'i'])"]
2025-10-22 15:45:57,440 DEBUG - __main__.FilterGoalEXPBFS.single_bfs:
Own Goals of agent a:
  Condition(['a', 'b'] hold_by ['j', 'b'] = 1)
  Condition(['a'] hold_by ['i', 'a'] = 0)
)
2025-10-22 15:45:57,440 DEBUG - __main__.FilterGoalEXPBFS.single_bfs:
Own Goals of agent b:
  Condition(['b'] hold_by ['j', 'b'] = 0)
  Condition(['b', 'a'] hold_by ['j', 'b'] = 1)
)
2025-10-22 15:45:57,446 DEBUG - __main__.FilterGoalEXPBFS.single_bfs:
["drop_item(['b', 'j'])", "drop_item(['a', 'i'])"]
2025-10-22 15:45:57,457 DEBUG - __main__.FilterGoalEXPBFS.single_bfs:
Own Goals of agent a:
  Condition(['a', 'b'] hold_by ['i', 'a'] = 0)
  Condition(['a'] hold_by ['j', 'b'] = 1)
)
2025-10-22 15:45:57,458 DEBUG - __main__.FilterGoalEXPBFS.single_bfs:
Own Goals of agent b:
  Condition(['b'] hold_by ['j', 'b'] = 0)
  Condition(['b', 'a'] hold_by ['j', 'b'] = 1)
)
2025-10-22 15:45:57,501 DEBUG - __main__.FilterGoalEXPBFS.single_bfs:
["stay(['b'])", "move_right_with_item(['a', 'i'])", "drop_item(['a', 'i'])", "move_left_with_item(['b', 'j'])", "drop_item(['b', 'j'])"]
2025-10-22 15:45:57,522 DEBUG - __main__.FilterGoalEXPBFS.single_bfs:
["stay(['b'])", "move_right_with_item(['a', 'i'])", "drop_item(['a', 'i'])", "move_left_without_item(['a'])", "drop_item(['b', 'j'])"]
2025-10-22 15:45:57,540 DEBUG - __main__.FilterGoalEXPBFS.single_bfs:
Own Goals of agent a:
  Condition(['a', 'b'] hold_by ['i', 'a'] = 0)
  Condition(['a'] hold_by ['i', 'a'] = 1)
)
2025-10-22 15:45:57,540 DEBUG - __main__.FilterGoalEXPBFS.single_bfs:
Own Goals of agent b:
  Condition(['b'] hold_by ['j', 'b'] = 0)
  Condition(['b', 'a'] hold_by ['j', 'b'] = 1)
)
2025-10-22 15:45:57,692 DEBUG - __main__.FilterGoalEXPBFS.single_bfs:
["stay(['b'])", "move_right_with_item(['a', 'i'])", "drop_item(['a', 'i'])", "move_left_with_item(['b', 'j'])", "pick_up(['a', 'i'])", "drop_item(['b', 'j'])"]
2025-10-22 15:45:57,759 DEBUG - __main__.FilterGoalEXPBFS.single_bfs:
Own Goals of agent a:
  Condition(['a', 'b'] hold_by ['i', 'a'] = 0)
  Condition(['a', 'b'] hold_by ['j', 'b'] = 1)
)
2025-10-22 15:45:57,759 DEBUG - __main__.FilterGoalEXPBFS.single_bfs:
Own Goals of agent b:
  Condition(['b'] hold_by ['j', 'b'] = 0)
  Condition(['b', 'a'] hold_by ['j', 'b'] = 1)
)
2025-10-22 15:45:57,805 DEBUG - __main__.FilterGoalEXPBFS.single_bfs:
["stay(['b'])", "move_right_with_item(['a', 'i'])", "drop_item(['a', 'i'])", "move_left_with_item(['b', 'j'])", "drop_item(['b', 'j'])"]
2025-10-22 15:45:57,827 DEBUG - __main__.FilterGoalEXPBFS.single_bfs:
["stay(['b'])", "move_right_with_item(['a', 'i'])", "drop_item(['a', 'i'])", "move_left_without_item(['a'])", "drop_item(['b', 'j'])"]
2025-10-22 15:45:57,847 DEBUG - __main__.FilterGoalEXPBFS.single_bfs:
Own Goals of agent a:
  Condition(['a', 'b'] hold_by ['i', 'a'] = 1)
  Condition(['a'] hold_by ['i', 'a'] = 0)
)
2025-10-22 15:45:57,847 DEBUG - __main__.FilterGoalEXPBFS.single_bfs:
Own Goals of agent b:
  Condition(['b'] hold_by ['j', 'b'] = 0)
  Condition(['b', 'a'] hold_by ['j', 'b'] = 1)
)
2025-10-22 15:45:57,852 DEBUG - __main__.FilterGoalEXPBFS.single_bfs:
["drop_item(['b', 'j'])", "drop_item(['a', 'i'])"]
2025-10-22 15:45:57,875 INFO - __main__.FilterGoalEXPBFS.bfs:
Models: 6, Exapnds: 278, 1.621ms/expand
2025-10-22 15:45:57,875 INFO - __main__.FilterGoalEXPBFS.get_policy:
[("drop_item(['b', 'j'])", 3), ("stay(['b'])", 5)]
{'a': 2, 'b': 6}
2025-10-22 15:45:57,875 INFO - __main__.Model.simulate:
b takes action: stay(['b'])
2025-10-22 15:45:57,876 DEBUG - __main__.FilterGoalEXPBFS.single_bfs:
Own Goals of agent a:
  Condition(['a'] hold_by ['i', 'a'] = 0)
  Condition(['a', 'b'] hold_by ['i', 'a'] = 1)
)
2025-10-22 15:45:57,876 DEBUG - __main__.FilterGoalEXPBFS.single_bfs:
Own Goals of agent b:
  Condition(['b', 'a'] hold_by ['j', 'b'] = 0)
  Condition(['b'] hold_by ['j', 'b'] = 1)
)
2025-10-22 15:45:57,960 DEBUG - __main__.FilterGoalEXPBFS.single_bfs:
["move_right_with_item(['a', 'i'])", "drop_item(['b', 'j'])", "move_left_with_item(['a', 'i'])", "drop_item(['a', 'i'])", "pick_up(['b', 'j'])"]
2025-10-22 15:45:58,077 DEBUG - __main__.FilterGoalEXPBFS.single_bfs:
Own Goals of agent a:
  Condition(['a'] hold_by ['i', 'a'] = 0)
  Condition(['a', 'b'] hold_by ['i', 'a'] = 1)
)
2025-10-22 15:45:58,077 DEBUG - __main__.FilterGoalEXPBFS.single_bfs:
Own Goals of agent b:
  Condition(['b', 'a'] hold_by ['j', 'b'] = 1)
  Condition(['b'] hold_by ['j', 'b'] = 0)
)
2025-10-22 15:45:58,084 DEBUG - __main__.FilterGoalEXPBFS.single_bfs:
["drop_item(['a', 'i'])", "drop_item(['b', 'j'])"]
2025-10-22 15:45:58,110 INFO - __main__.FilterGoalEXPBFS.bfs:
Models: 2, Exapnds: 134, 1.749ms/expand
2025-10-22 15:45:58,110 INFO - __main__.FilterGoalEXPBFS.get_policy:
[("move_right_with_item(['a', 'i'])", 1), ("drop_item(['a', 'i'])", 1)]
{'a': 2, 'b': 6}
2025-10-22 15:45:58,111 INFO - __main__.Model.simulate:
a takes action: move_right_with_item(['a', 'i'])
2025-10-22 15:45:58,112 DEBUG - __main__.FilterGoalEXPBFS.single_bfs:
Own Goals of agent a:
  Condition(['a'] hold_by ['i', 'a'] = 0)
  Condition(['a'] hold_by ['j', 'b'] = 1)
)
2025-10-22 15:45:58,112 DEBUG - __main__.FilterGoalEXPBFS.single_bfs:
Own Goals of agent b:
  Condition(['b'] hold_by ['j', 'b'] = 0)
  Condition(['b', 'a'] hold_by ['j', 'b'] = 1)
)
2025-10-22 15:45:58,128 DEBUG - __main__.FilterGoalEXPBFS.single_bfs:
["move_left_with_item(['b', 'j'])", "drop_item(['a', 'i'])", "drop_item(['b', 'j'])"]
2025-10-22 15:45:58,146 DEBUG - __main__.FilterGoalEXPBFS.single_bfs:
Own Goals of agent a:
  Condition(['a', 'b'] hold_by ['j', 'b'] = 1)
  Condition(['a'] hold_by ['i', 'a'] = 0)
)
2025-10-22 15:45:58,146 DEBUG - __main__.FilterGoalEXPBFS.single_bfs:
Own Goals of agent b:
  Condition(['b'] hold_by ['j', 'b'] = 0)
  Condition(['b', 'a'] hold_by ['j', 'b'] = 1)
)
2025-10-22 15:45:58,163 DEBUG - __main__.FilterGoalEXPBFS.single_bfs:
["move_left_with_item(['b', 'j'])", "drop_item(['a', 'i'])", "drop_item(['b', 'j'])"]
2025-10-22 15:45:58,182 DEBUG - __main__.FilterGoalEXPBFS.single_bfs:
Own Goals of agent a:
  Condition(['a', 'b'] hold_by ['i', 'a'] = 0)
  Condition(['a'] hold_by ['j', 'b'] = 1)
)
2025-10-22 15:45:58,182 DEBUG - __main__.FilterGoalEXPBFS.single_bfs:
Own Goals of agent b:
  Condition(['b'] hold_by ['j', 'b'] = 0)
  Condition(['b', 'a'] hold_by ['j', 'b'] = 1)
)
2025-10-22 15:45:58,216 DEBUG - __main__.FilterGoalEXPBFS.single_bfs:
["stay(['b'])", "drop_item(['a', 'i'])", "move_left_with_item(['b', 'j'])", "drop_item(['b', 'j'])"]
2025-10-22 15:45:58,233 DEBUG - __main__.FilterGoalEXPBFS.single_bfs:
["stay(['b'])", "drop_item(['a', 'i'])", "move_left_without_item(['a'])", "drop_item(['b', 'j'])"]
2025-10-22 15:45:58,245 DEBUG - __main__.FilterGoalEXPBFS.single_bfs:
Own Goals of agent a:
  Condition(['a', 'b'] hold_by ['i', 'a'] = 0)
  Condition(['a'] hold_by ['i', 'a'] = 1)
)
2025-10-22 15:45:58,245 DEBUG - __main__.FilterGoalEXPBFS.single_bfs:
Own Goals of agent b:
  Condition(['b'] hold_by ['j', 'b'] = 0)
  Condition(['b', 'a'] hold_by ['j', 'b'] = 1)
)
2025-10-22 15:45:58,321 DEBUG - __main__.FilterGoalEXPBFS.single_bfs:
["stay(['b'])", "drop_item(['a', 'i'])", "move_left_with_item(['b', 'j'])", "drop_item(['b', 'j'])", "pick_up(['a', 'i'])"]
2025-10-22 15:45:58,440 DEBUG - __main__.FilterGoalEXPBFS.single_bfs:
Own Goals of agent a:
  Condition(['a', 'b'] hold_by ['i', 'a'] = 0)
  Condition(['a', 'b'] hold_by ['j', 'b'] = 1)
)
2025-10-22 15:45:58,440 DEBUG - __main__.FilterGoalEXPBFS.single_bfs:
Own Goals of agent b:
  Condition(['b'] hold_by ['j', 'b'] = 0)
  Condition(['b', 'a'] hold_by ['j', 'b'] = 1)
)
2025-10-22 15:45:58,475 DEBUG - __main__.FilterGoalEXPBFS.single_bfs:
["stay(['b'])", "drop_item(['a', 'i'])", "move_left_with_item(['b', 'j'])", "drop_item(['b', 'j'])"]
2025-10-22 15:45:58,493 DEBUG - __main__.FilterGoalEXPBFS.single_bfs:
["stay(['b'])", "drop_item(['a', 'i'])", "move_left_without_item(['a'])", "drop_item(['b', 'j'])"]
2025-10-22 15:45:58,506 DEBUG - __main__.FilterGoalEXPBFS.single_bfs:
Own Goals of agent a:
  Condition(['a', 'b'] hold_by ['i', 'a'] = 1)
  Condition(['a'] hold_by ['i', 'a'] = 0)
)
2025-10-22 15:45:58,506 DEBUG - __main__.FilterGoalEXPBFS.single_bfs:
Own Goals of agent b:
  Condition(['b'] hold_by ['j', 'b'] = 0)
  Condition(['b', 'a'] hold_by ['j', 'b'] = 1)
)
2025-10-22 15:45:58,527 DEBUG - __main__.FilterGoalEXPBFS.single_bfs:
["move_left_with_item(['b', 'j'])", "drop_item(['b', 'j'])", "drop_item(['a', 'i'])"]
2025-10-22 15:45:58,561 INFO - __main__.FilterGoalEXPBFS.bfs:
Models: 6, Exapnds: 252, 1.783ms/expand
2025-10-22 15:45:58,561 INFO - __main__.FilterGoalEXPBFS.get_policy:
[("move_left_with_item(['b', 'j'])", 3), ("stay(['b'])", 5)]
{'a': 2, 'b': 6}
2025-10-22 15:45:58,561 INFO - __main__.Model.simulate:
b takes action: stay(['b'])
2025-10-22 15:45:58,563 DEBUG - __main__.FilterGoalEXPBFS.single_bfs:
Own Goals of agent a:
  Condition(['a'] hold_by ['i', 'a'] = 0)
  Condition(['a', 'b'] hold_by ['i', 'a'] = 1)
)
2025-10-22 15:45:58,563 DEBUG - __main__.FilterGoalEXPBFS.single_bfs:
Own Goals of agent b:
  Condition(['b', 'a'] hold_by ['j', 'b'] = 0)
  Condition(['b'] hold_by ['j', 'b'] = 1)
)
2025-10-22 15:45:58,737 DEBUG - __main__.FilterGoalEXPBFS.single_bfs:
["drop_item(['a', 'i'])", "drop_item(['b', 'j'])", "pick_up(['a', 'i'])", "move_left_with_item(['a', 'i'])", "pick_up(['b', 'j'])", "drop_item(['a', 'i'])"]
2025-10-22 15:45:58,767 DEBUG - __main__.FilterGoalEXPBFS.single_bfs:
["move_left_with_item(['a', 'i'])", "drop_item(['b', 'j'])", "move_left_without_item(['b'])", "move_right_without_item(['b'])", "pick_up(['b', 'j'])", "drop_item(['a', 'i'])"]
2025-10-22 15:45:59,050 DEBUG - __main__.FilterGoalEXPBFS.single_bfs:
Own Goals of agent a:
  Condition(['a'] hold_by ['i', 'a'] = 0)
  Condition(['a', 'b'] hold_by ['i', 'a'] = 1)
)
2025-10-22 15:45:59,050 DEBUG - __main__.FilterGoalEXPBFS.single_bfs:
Own Goals of agent b:
  Condition(['b', 'a'] hold_by ['j', 'b'] = 1)
  Condition(['b'] hold_by ['j', 'b'] = 0)
)
2025-10-22 15:45:59,072 DEBUG - __main__.FilterGoalEXPBFS.single_bfs:
["move_left_with_item(['a', 'i'])", "drop_item(['b', 'j'])", "drop_item(['a', 'i'])"]
2025-10-22 15:45:59,106 INFO - __main__.FilterGoalEXPBFS.bfs:
Models: 2, Exapnds: 230, 2.360ms/expand
2025-10-22 15:45:59,106 INFO - __main__.FilterGoalEXPBFS.get_policy:
[("drop_item(['a', 'i'])", 1), ("move_left_with_item(['a', 'i'])", 2)]
{'a': 2, 'b': 6}
2025-10-22 15:45:59,106 INFO - __main__.Model.simulate:
a takes action: move_left_with_item(['a', 'i'])
2025-10-22 15:45:59,107 DEBUG - __main__.FilterGoalEXPBFS.single_bfs:
Own Goals of agent a:
  Condition(['a'] hold_by ['i', 'a'] = 0)
  Condition(['a'] hold_by ['j', 'b'] = 1)
)
2025-10-22 15:45:59,108 DEBUG - __main__.FilterGoalEXPBFS.single_bfs:
Own Goals of agent b:
  Condition(['b'] hold_by ['j', 'b'] = 0)
  Condition(['b', 'a'] hold_by ['j', 'b'] = 1)
)
2025-10-22 15:45:59,114 DEBUG - __main__.FilterGoalEXPBFS.single_bfs:
["drop_item(['b', 'j'])", "drop_item(['a', 'i'])"]
2025-10-22 15:45:59,126 DEBUG - __main__.FilterGoalEXPBFS.single_bfs:
Own Goals of agent a:
  Condition(['a', 'b'] hold_by ['j', 'b'] = 1)
  Condition(['a'] hold_by ['i', 'a'] = 0)
)
2025-10-22 15:45:59,126 DEBUG - __main__.FilterGoalEXPBFS.single_bfs:
Own Goals of agent b:
  Condition(['b'] hold_by ['j', 'b'] = 0)
  Condition(['b', 'a'] hold_by ['j', 'b'] = 1)
)
2025-10-22 15:45:59,134 DEBUG - __main__.FilterGoalEXPBFS.single_bfs:
["drop_item(['b', 'j'])", "drop_item(['a', 'i'])"]
2025-10-22 15:45:59,147 DEBUG - __main__.FilterGoalEXPBFS.single_bfs:
Own Goals of agent a:
  Condition(['a', 'b'] hold_by ['i', 'a'] = 0)
  Condition(['a'] hold_by ['j', 'b'] = 1)
)
2025-10-22 15:45:59,147 DEBUG - __main__.FilterGoalEXPBFS.single_bfs:
Own Goals of agent b:
  Condition(['b'] hold_by ['j', 'b'] = 0)
  Condition(['b', 'a'] hold_by ['j', 'b'] = 1)
)
2025-10-22 15:45:59,250 DEBUG - __main__.FilterGoalEXPBFS.single_bfs:
["drop_item(['b', 'j'])", "drop_item(['a', 'i'])", "pick_up(['b', 'j'])", "move_right_without_item(['a'])", "move_left_with_item(['b', 'j'])", "drop_item(['b', 'j'])"]
2025-10-22 15:45:59,287 DEBUG - __main__.FilterGoalEXPBFS.single_bfs:
["drop_item(['b', 'j'])", "move_right_with_item(['a', 'i'])", "drop_item(['a', 'i'])", "pick_up(['b', 'j'])", "move_left_without_item(['a'])", "drop_item(['b', 'j'])"]
2025-10-22 15:45:59,287 DEBUG - __main__.FilterGoalEXPBFS.single_bfs:
["drop_item(['b', 'j'])", "drop_item(['a', 'i'])", "pick_up(['b', 'j'])", "move_right_without_item(['a'])", "move_left_without_item(['a'])", "drop_item(['b', 'j'])"]
2025-10-22 15:45:59,312 DEBUG - __main__.FilterGoalEXPBFS.single_bfs:
["drop_item(['b', 'j'])", "drop_item(['a', 'i'])", "pick_up(['b', 'j'])", "move_left_with_item(['b', 'j'])", "move_right_with_item(['b', 'j'])", "drop_item(['b', 'j'])"]
2025-10-22 15:45:59,342 DEBUG - __main__.FilterGoalEXPBFS.single_bfs:
["drop_item(['b', 'j'])", "move_right_with_item(['a', 'i'])", "drop_item(['a', 'i'])", "pick_up(['b', 'j'])", "move_left_with_item(['b', 'j'])", "drop_item(['b', 'j'])"]
2025-10-22 15:45:59,343 DEBUG - __main__.FilterGoalEXPBFS.single_bfs:
["drop_item(['b', 'j'])", "drop_item(['a', 'i'])", "pick_up(['b', 'j'])", "move_left_with_item(['b', 'j'])", "move_right_without_item(['a'])", "drop_item(['b', 'j'])"]
2025-10-22 15:45:59,475 DEBUG - __main__.FilterGoalEXPBFS.single_bfs:
Own Goals of agent a:
  Condition(['a', 'b'] hold_by ['i', 'a'] = 0)
  Condition(['a'] hold_by ['i', 'a'] = 1)
)
2025-10-22 15:45:59,475 DEBUG - __main__.FilterGoalEXPBFS.single_bfs:
Own Goals of agent b:
  Condition(['b'] hold_by ['j', 'b'] = 0)
  Condition(['b', 'a'] hold_by ['j', 'b'] = 1)
)
2025-10-22 15:45:59,722 DEBUG - __main__.FilterGoalEXPBFS.single_bfs:
["drop_item(['b', 'j'])", "move_right_with_item(['a', 'i'])", "drop_item(['a', 'i'])", "pick_up(['b', 'j'])", "move_left_with_item(['b', 'j'])", "drop_item(['b', 'j'])", "pick_up(['a', 'i'])"]
2025-10-22 15:45:59,892 DEBUG - __main__.FilterGoalEXPBFS.single_bfs:
["move_left_with_item(['b', 'j'])", "drop_item(['b', 'j'])", "drop_item(['a', 'i'])", "pick_up(['b', 'j'])", "move_right_with_item(['b', 'j'])", "drop_item(['b', 'j'])", "pick_up(['a', 'i'])"]
2025-10-22 15:45:59,919 DEBUG - __main__.FilterGoalEXPBFS.single_bfs:
["drop_item(['b', 'j'])", "drop_item(['a', 'i'])", "move_right_without_item(['a'])", "pick_up(['b', 'j'])", "move_left_without_item(['a'])", "drop_item(['b', 'j'])", "pick_up(['a', 'i'])"]
2025-10-22 15:46:00,197 DEBUG - __main__.FilterGoalEXPBFS.single_bfs:
Own Goals of agent a:
  Condition(['a', 'b'] hold_by ['i', 'a'] = 0)
  Condition(['a', 'b'] hold_by ['j', 'b'] = 1)
)
2025-10-22 15:46:00,197 DEBUG - __main__.FilterGoalEXPBFS.single_bfs:
Own Goals of agent b:
  Condition(['b'] hold_by ['j', 'b'] = 0)
  Condition(['b', 'a'] hold_by ['j', 'b'] = 1)
)
2025-10-22 15:46:00,306 DEBUG - __main__.FilterGoalEXPBFS.single_bfs:
["drop_item(['b', 'j'])", "drop_item(['a', 'i'])", "pick_up(['b', 'j'])", "move_right_without_item(['a'])", "move_left_with_item(['b', 'j'])", "drop_item(['b', 'j'])"]
2025-10-22 15:46:00,345 DEBUG - __main__.FilterGoalEXPBFS.single_bfs:
["drop_item(['b', 'j'])", "move_right_with_item(['a', 'i'])", "drop_item(['a', 'i'])", "pick_up(['b', 'j'])", "move_left_without_item(['a'])", "drop_item(['b', 'j'])"]
2025-10-22 15:46:00,346 DEBUG - __main__.FilterGoalEXPBFS.single_bfs:
["drop_item(['b', 'j'])", "drop_item(['a', 'i'])", "pick_up(['b', 'j'])", "move_right_without_item(['a'])", "move_left_without_item(['a'])", "drop_item(['b', 'j'])"]
2025-10-22 15:46:00,373 DEBUG - __main__.FilterGoalEXPBFS.single_bfs:
["drop_item(['b', 'j'])", "drop_item(['a', 'i'])", "pick_up(['b', 'j'])", "move_left_with_item(['b', 'j'])", "move_right_with_item(['b', 'j'])", "drop_item(['b', 'j'])"]
2025-10-22 15:46:00,405 DEBUG - __main__.FilterGoalEXPBFS.single_bfs:
["drop_item(['b', 'j'])", "move_right_with_item(['a', 'i'])", "drop_item(['a', 'i'])", "pick_up(['b', 'j'])", "move_left_with_item(['b', 'j'])", "drop_item(['b', 'j'])"]
2025-10-22 15:46:00,406 DEBUG - __main__.FilterGoalEXPBFS.single_bfs:
["drop_item(['b', 'j'])", "drop_item(['a', 'i'])", "pick_up(['b', 'j'])", "move_left_with_item(['b', 'j'])", "move_right_without_item(['a'])", "drop_item(['b', 'j'])"]
2025-10-22 15:46:00,546 DEBUG - __main__.FilterGoalEXPBFS.single_bfs:
Own Goals of agent a:
  Condition(['a', 'b'] hold_by ['i', 'a'] = 1)
  Condition(['a'] hold_by ['i', 'a'] = 0)
)
2025-10-22 15:46:00,546 DEBUG - __main__.FilterGoalEXPBFS.single_bfs:
Own Goals of agent b:
  Condition(['b'] hold_by ['j', 'b'] = 0)
  Condition(['b', 'a'] hold_by ['j', 'b'] = 1)
)
2025-10-22 15:46:00,554 DEBUG - __main__.FilterGoalEXPBFS.single_bfs:
["drop_item(['b', 'j'])", "drop_item(['a', 'i'])"]
2025-10-22 15:46:00,581 INFO - __main__.FilterGoalEXPBFS.bfs:
Models: 6, Exapnds: 576, 2.558ms/expand
2025-10-22 15:46:00,581 INFO - __main__.FilterGoalEXPBFS.get_policy:
[("drop_item(['b', 'j'])", 17), ("move_left_with_item(['b', 'j'])", 1)]
{'a': 2, 'b': 6}
2025-10-22 15:46:00,581 INFO - __main__.Model.simulate:
b takes action: drop_item(['b', 'j'])
2025-10-22 15:46:00,583 DEBUG - __main__.FilterGoalEXPBFS.single_bfs:
Own Goals of agent a:
  Condition(['a'] hold_by ['i', 'a'] = 0)
  Condition(['a', 'b'] hold_by ['i', 'a'] = 1)
)
2025-10-22 15:46:00,583 DEBUG - __main__.FilterGoalEXPBFS.single_bfs:
Own Goals of agent b:
  Condition(['b', 'a'] hold_by ['j', 'b'] = 0)
  Condition(['b'] hold_by ['j', 'b'] = 1)
)
2025-10-22 15:46:00,763 DEBUG - __main__.FilterGoalEXPBFS.single_bfs:
["stay(['a'])", "drop_item(['b', 'j'])", "move_right_with_item(['a', 'i'])", "move_left_with_item(['a', 'i'])", "pick_up(['b', 'j'])", "drop_item(['a', 'i'])"]
2025-10-22 15:46:00,890 DEBUG - __main__.FilterGoalEXPBFS.single_bfs:
Own Goals of agent a:
  Condition(['a'] hold_by ['i', 'a'] = 0)
  Condition(['a', 'b'] hold_by ['i', 'a'] = 1)
)
2025-10-22 15:46:00,890 DEBUG - __main__.FilterGoalEXPBFS.single_bfs:
Own Goals of agent b:
  Condition(['b', 'a'] hold_by ['j', 'b'] = 1)
  Condition(['b'] hold_by ['j', 'b'] = 0)
)
2025-10-22 15:46:00,898 DEBUG - __main__.FilterGoalEXPBFS.single_bfs:
["drop_item(['a', 'i'])", "drop_item(['b', 'j'])"]
2025-10-22 15:46:00,926 INFO - __main__.FilterGoalEXPBFS.bfs:
Models: 2, Exapnds: 153, 2.244ms/expand
2025-10-22 15:46:00,926 INFO - __main__.FilterGoalEXPBFS.get_policy:
[("stay(['a'])", 1), ("drop_item(['a', 'i'])", 1)]
{'a': 2, 'b': 6}
2025-10-22 15:46:00,926 INFO - __main__.Model.simulate:
a takes action: stay(['a'])
2025-10-22 15:46:00,928 DEBUG - __main__.FilterGoalEXPBFS.single_bfs:
Own Goals of agent a:
  Condition(['a'] hold_by ['i', 'a'] = 0)
  Condition(['a'] hold_by ['j', 'b'] = 1)
)
2025-10-22 15:46:00,928 DEBUG - __main__.FilterGoalEXPBFS.single_bfs:
Own Goals of agent b:
  Condition(['b'] hold_by ['j', 'b'] = 0)
  Condition(['b', 'a'] hold_by ['j', 'b'] = 1)
)
2025-10-22 15:46:00,935 DEBUG - __main__.FilterGoalEXPBFS.single_bfs:
["stay(['b'])", "drop_item(['a', 'i'])"]
2025-10-22 15:46:00,951 DEBUG - __main__.FilterGoalEXPBFS.single_bfs:
Own Goals of agent a:
  Condition(['a', 'b'] hold_by ['j', 'b'] = 1)
  Condition(['a'] hold_by ['i', 'a'] = 0)
)
2025-10-22 15:46:00,951 DEBUG - __main__.FilterGoalEXPBFS.single_bfs:
Own Goals of agent b:
  Condition(['b'] hold_by ['j', 'b'] = 0)
  Condition(['b', 'a'] hold_by ['j', 'b'] = 1)
)
2025-10-22 15:46:00,959 DEBUG - __main__.FilterGoalEXPBFS.single_bfs:
["stay(['b'])", "drop_item(['a', 'i'])"]
2025-10-22 15:46:00,975 DEBUG - __main__.FilterGoalEXPBFS.single_bfs:
Own Goals of agent a:
  Condition(['a', 'b'] hold_by ['i', 'a'] = 0)
  Condition(['a'] hold_by ['j', 'b'] = 1)
)
2025-10-22 15:46:00,975 DEBUG - __main__.FilterGoalEXPBFS.single_bfs:
Own Goals of agent b:
  Condition(['b'] hold_by ['j', 'b'] = 0)
  Condition(['b', 'a'] hold_by ['j', 'b'] = 1)
)
2025-10-22 15:46:01,055 DEBUG - __main__.FilterGoalEXPBFS.single_bfs:
["pick_up(['b', 'j'])", "drop_item(['a', 'i'])", "move_left_with_item(['b', 'j'])", "move_right_with_item(['b', 'j'])", "drop_item(['b', 'j'])"]
2025-10-22 15:46:01,055 DEBUG - __main__.FilterGoalEXPBFS.single_bfs:
["pick_up(['b', 'j'])", "drop_item(['a', 'i'])", "move_right_without_item(['a'])", "move_left_with_item(['b', 'j'])", "drop_item(['b', 'j'])"]
2025-10-22 15:46:01,056 DEBUG - __main__.FilterGoalEXPBFS.single_bfs:
["pick_up(['b', 'j'])", "drop_item(['a', 'i'])", "move_left_with_item(['b', 'j'])", "move_right_without_item(['a'])", "drop_item(['b', 'j'])"]
2025-10-22 15:46:01,084 DEBUG - __main__.FilterGoalEXPBFS.single_bfs:
["pick_up(['b', 'j'])", "drop_item(['a', 'i'])", "move_right_without_item(['a'])", "move_left_without_item(['a'])", "drop_item(['b', 'j'])"]
2025-10-22 15:46:01,135 DEBUG - __main__.FilterGoalEXPBFS.single_bfs:
Own Goals of agent a:
  Condition(['a', 'b'] hold_by ['i', 'a'] = 0)
  Condition(['a'] hold_by ['i', 'a'] = 1)
)
2025-10-22 15:46:01,135 DEBUG - __main__.FilterGoalEXPBFS.single_bfs:
Own Goals of agent b:
  Condition(['b'] hold_by ['j', 'b'] = 0)
  Condition(['b', 'a'] hold_by ['j', 'b'] = 1)
)
2025-10-22 15:46:01,349 DEBUG - __main__.FilterGoalEXPBFS.single_bfs:
["pick_up(['b', 'j'])", "drop_item(['a', 'i'])", "move_left_with_item(['b', 'j'])", "move_right_with_item(['b', 'j'])", "drop_item(['b', 'j'])", "pick_up(['a', 'i'])"]
2025-10-22 15:46:01,405 DEBUG - __main__.FilterGoalEXPBFS.single_bfs:
["pick_up(['b', 'j'])", "drop_item(['a', 'i'])", "move_right_without_item(['a'])", "move_left_without_item(['a'])", "pick_up(['a', 'i'])", "drop_item(['b', 'j'])"]
2025-10-22 15:46:01,683 DEBUG - __main__.FilterGoalEXPBFS.single_bfs:
Own Goals of agent a:
  Condition(['a', 'b'] hold_by ['i', 'a'] = 0)
  Condition(['a', 'b'] hold_by ['j', 'b'] = 1)
)
2025-10-22 15:46:01,683 DEBUG - __main__.FilterGoalEXPBFS.single_bfs:
Own Goals of agent b:
  Condition(['b'] hold_by ['j', 'b'] = 0)
  Condition(['b', 'a'] hold_by ['j', 'b'] = 1)
)
2025-10-22 15:46:01,767 DEBUG - __main__.FilterGoalEXPBFS.single_bfs:
["pick_up(['b', 'j'])", "drop_item(['a', 'i'])", "move_left_with_item(['b', 'j'])", "move_right_with_item(['b', 'j'])", "drop_item(['b', 'j'])"]
2025-10-22 15:46:01,768 DEBUG - __main__.FilterGoalEXPBFS.single_bfs:
["pick_up(['b', 'j'])", "drop_item(['a', 'i'])", "move_right_without_item(['a'])", "move_left_with_item(['b', 'j'])", "drop_item(['b', 'j'])"]
2025-10-22 15:46:01,769 DEBUG - __main__.FilterGoalEXPBFS.single_bfs:
["pick_up(['b', 'j'])", "drop_item(['a', 'i'])", "move_left_with_item(['b', 'j'])", "move_right_without_item(['a'])", "drop_item(['b', 'j'])"]
2025-10-22 15:46:01,799 DEBUG - __main__.FilterGoalEXPBFS.single_bfs:
["pick_up(['b', 'j'])", "drop_item(['a', 'i'])", "move_right_without_item(['a'])", "move_left_without_item(['a'])", "drop_item(['b', 'j'])"]
2025-10-22 15:46:01,853 DEBUG - __main__.FilterGoalEXPBFS.single_bfs:
Own Goals of agent a:
  Condition(['a', 'b'] hold_by ['i', 'a'] = 1)
  Condition(['a'] hold_by ['i', 'a'] = 0)
)
2025-10-22 15:46:01,853 DEBUG - __main__.FilterGoalEXPBFS.single_bfs:
Own Goals of agent b:
  Condition(['b'] hold_by ['j', 'b'] = 0)
  Condition(['b', 'a'] hold_by ['j', 'b'] = 1)
)
2025-10-22 15:46:01,862 DEBUG - __main__.FilterGoalEXPBFS.single_bfs:
["stay(['b'])", "drop_item(['a', 'i'])"]
2025-10-22 15:46:01,900 INFO - __main__.FilterGoalEXPBFS.bfs:
Models: 6, Exapnds: 394, 2.468ms/expand
2025-10-22 15:46:01,901 INFO - __main__.FilterGoalEXPBFS.get_policy:
[("stay(['b'])", 3), ("pick_up(['b', 'j'])", 10)]
{'a': 2, 'b': 6}
2025-10-22 15:46:01,901 INFO - __main__.Model.simulate:
b takes action: pick_up(['b', 'j'])
2025-10-22 15:46:01,902 DEBUG - __main__.FilterGoalEXPBFS.single_bfs:
Own Goals of agent a:
  Condition(['a'] hold_by ['i', 'a'] = 0)
  Condition(['a', 'b'] hold_by ['i', 'a'] = 1)
)
2025-10-22 15:46:01,903 DEBUG - __main__.FilterGoalEXPBFS.single_bfs:
Own Goals of agent b:
  Condition(['b', 'a'] hold_by ['j', 'b'] = 0)
  Condition(['b'] hold_by ['j', 'b'] = 1)
)
2025-10-22 15:46:02,098 DEBUG - __main__.FilterGoalEXPBFS.single_bfs:
["stay(['a'])", "drop_item(['b', 'j'])", "move_right_with_item(['a', 'i'])", "move_left_with_item(['a', 'i'])", "pick_up(['b', 'j'])", "drop_item(['a', 'i'])"]
2025-10-22 15:46:02,235 DEBUG - __main__.FilterGoalEXPBFS.single_bfs:
Own Goals of agent a:
  Condition(['a'] hold_by ['i', 'a'] = 0)
  Condition(['a', 'b'] hold_by ['i', 'a'] = 1)
)
2025-10-22 15:46:02,235 DEBUG - __main__.FilterGoalEXPBFS.single_bfs:
Own Goals of agent b:
  Condition(['b', 'a'] hold_by ['j', 'b'] = 1)
  Condition(['b'] hold_by ['j', 'b'] = 0)
)
2025-10-22 15:46:02,244 DEBUG - __main__.FilterGoalEXPBFS.single_bfs:
["drop_item(['a', 'i'])", "drop_item(['b', 'j'])"]
2025-10-22 15:46:02,275 INFO - __main__.FilterGoalEXPBFS.bfs:
Models: 2, Exapnds: 153, 2.435ms/expand
2025-10-22 15:46:02,275 INFO - __main__.FilterGoalEXPBFS.get_policy:
[("stay(['a'])", 1), ("drop_item(['a', 'i'])", 1)]
{'a': 2, 'b': 6}
2025-10-22 15:46:02,275 INFO - __main__.Model.simulate:
a takes action: stay(['a'])
2025-10-22 15:46:02,277 DEBUG - __main__.FilterGoalEXPBFS.single_bfs:
Own Goals of agent a:
  Condition(['a'] hold_by ['i', 'a'] = 0)
  Condition(['a'] hold_by ['j', 'b'] = 1)
)
2025-10-22 15:46:02,277 DEBUG - __main__.FilterGoalEXPBFS.single_bfs:
Own Goals of agent b:
  Condition(['b'] hold_by ['j', 'b'] = 0)
  Condition(['b', 'a'] hold_by ['j', 'b'] = 1)
)
2025-10-22 15:46:02,285 DEBUG - __main__.FilterGoalEXPBFS.single_bfs:
["drop_item(['b', 'j'])", "drop_item(['a', 'i'])"]
2025-10-22 15:46:02,300 DEBUG - __main__.FilterGoalEXPBFS.single_bfs:
Own Goals of agent a:
  Condition(['a', 'b'] hold_by ['j', 'b'] = 1)
  Condition(['a'] hold_by ['i', 'a'] = 0)
)
2025-10-22 15:46:02,300 DEBUG - __main__.FilterGoalEXPBFS.single_bfs:
Own Goals of agent b:
  Condition(['b'] hold_by ['j', 'b'] = 0)
  Condition(['b', 'a'] hold_by ['j', 'b'] = 1)
)
2025-10-22 15:46:02,309 DEBUG - __main__.FilterGoalEXPBFS.single_bfs:
["drop_item(['b', 'j'])", "drop_item(['a', 'i'])"]
2025-10-22 15:46:02,325 DEBUG - __main__.FilterGoalEXPBFS.single_bfs:
Own Goals of agent a:
  Condition(['a', 'b'] hold_by ['i', 'a'] = 0)
  Condition(['a'] hold_by ['j', 'b'] = 1)
)
2025-10-22 15:46:02,325 DEBUG - __main__.FilterGoalEXPBFS.single_bfs:
Own Goals of agent b:
  Condition(['b'] hold_by ['j', 'b'] = 0)
  Condition(['b', 'a'] hold_by ['j', 'b'] = 1)
)
2025-10-22 15:46:02,447 DEBUG - __main__.FilterGoalEXPBFS.single_bfs:
["drop_item(['b', 'j'])", "drop_item(['a', 'i'])", "pick_up(['b', 'j'])", "move_right_without_item(['a'])", "move_left_with_item(['b', 'j'])", "drop_item(['b', 'j'])"]
2025-10-22 15:46:02,490 DEBUG - __main__.FilterGoalEXPBFS.single_bfs:
["drop_item(['b', 'j'])", "move_right_with_item(['a', 'i'])", "drop_item(['a', 'i'])", "pick_up(['b', 'j'])", "move_left_without_item(['a'])", "drop_item(['b', 'j'])"]
2025-10-22 15:46:02,491 DEBUG - __main__.FilterGoalEXPBFS.single_bfs:
["drop_item(['b', 'j'])", "drop_item(['a', 'i'])", "pick_up(['b', 'j'])", "move_right_without_item(['a'])", "move_left_without_item(['a'])", "drop_item(['b', 'j'])"]
2025-10-22 15:46:02,521 DEBUG - __main__.FilterGoalEXPBFS.single_bfs:
["drop_item(['b', 'j'])", "drop_item(['a', 'i'])", "pick_up(['b', 'j'])", "move_left_with_item(['b', 'j'])", "move_right_with_item(['b', 'j'])", "drop_item(['b', 'j'])"]
2025-10-22 15:46:02,557 DEBUG - __main__.FilterGoalEXPBFS.single_bfs:
["drop_item(['b', 'j'])", "move_right_with_item(['a', 'i'])", "drop_item(['a', 'i'])", "pick_up(['b', 'j'])", "move_left_with_item(['b', 'j'])", "drop_item(['b', 'j'])"]
2025-10-22 15:46:02,557 DEBUG - __main__.FilterGoalEXPBFS.single_bfs:
["drop_item(['b', 'j'])", "drop_item(['a', 'i'])", "pick_up(['b', 'j'])", "move_left_with_item(['b', 'j'])", "move_right_without_item(['a'])", "drop_item(['b', 'j'])"]
2025-10-22 15:46:02,711 DEBUG - __main__.FilterGoalEXPBFS.single_bfs:
Own Goals of agent a:
  Condition(['a', 'b'] hold_by ['i', 'a'] = 0)
  Condition(['a'] hold_by ['i', 'a'] = 1)
)
2025-10-22 15:46:02,711 DEBUG - __main__.FilterGoalEXPBFS.single_bfs:
Own Goals of agent b:
  Condition(['b'] hold_by ['j', 'b'] = 0)
  Condition(['b', 'a'] hold_by ['j', 'b'] = 1)
)
2025-10-22 15:46:03,003 DEBUG - __main__.FilterGoalEXPBFS.single_bfs:
["drop_item(['b', 'j'])", "move_right_with_item(['a', 'i'])", "drop_item(['a', 'i'])", "pick_up(['b', 'j'])", "move_left_with_item(['b', 'j'])", "drop_item(['b', 'j'])", "pick_up(['a', 'i'])"]
2025-10-22 15:46:03,201 DEBUG - __main__.FilterGoalEXPBFS.single_bfs:
["move_left_with_item(['b', 'j'])", "drop_item(['b', 'j'])", "drop_item(['a', 'i'])", "pick_up(['b', 'j'])", "move_right_with_item(['b', 'j'])", "drop_item(['b', 'j'])", "pick_up(['a', 'i'])"]
2025-10-22 15:46:03,233 DEBUG - __main__.FilterGoalEXPBFS.single_bfs:
["drop_item(['b', 'j'])", "drop_item(['a', 'i'])", "move_right_without_item(['a'])", "pick_up(['b', 'j'])", "move_left_without_item(['a'])", "drop_item(['b', 'j'])", "pick_up(['a', 'i'])"]
2025-10-22 15:46:03,555 DEBUG - __main__.FilterGoalEXPBFS.single_bfs:
Own Goals of agent a:
  Condition(['a', 'b'] hold_by ['i', 'a'] = 0)
  Condition(['a', 'b'] hold_by ['j', 'b'] = 1)
)
2025-10-22 15:46:03,555 DEBUG - __main__.FilterGoalEXPBFS.single_bfs:
Own Goals of agent b:
  Condition(['b'] hold_by ['j', 'b'] = 0)
  Condition(['b', 'a'] hold_by ['j', 'b'] = 1)
)
2025-10-22 15:46:03,685 DEBUG - __main__.FilterGoalEXPBFS.single_bfs:
["drop_item(['b', 'j'])", "drop_item(['a', 'i'])", "pick_up(['b', 'j'])", "move_right_without_item(['a'])", "move_left_with_item(['b', 'j'])", "drop_item(['b', 'j'])"]
2025-10-22 15:46:03,731 DEBUG - __main__.FilterGoalEXPBFS.single_bfs:
["drop_item(['b', 'j'])", "move_right_with_item(['a', 'i'])", "drop_item(['a', 'i'])", "pick_up(['b', 'j'])", "move_left_without_item(['a'])", "drop_item(['b', 'j'])"]
2025-10-22 15:46:03,731 DEBUG - __main__.FilterGoalEXPBFS.single_bfs:
["drop_item(['b', 'j'])", "drop_item(['a', 'i'])", "pick_up(['b', 'j'])", "move_right_without_item(['a'])", "move_left_without_item(['a'])", "drop_item(['b', 'j'])"]
2025-10-22 15:46:03,766 DEBUG - __main__.FilterGoalEXPBFS.single_bfs:
["drop_item(['b', 'j'])", "drop_item(['a', 'i'])", "pick_up(['b', 'j'])", "move_left_with_item(['b', 'j'])", "move_right_with_item(['b', 'j'])", "drop_item(['b', 'j'])"]
2025-10-22 15:46:03,804 DEBUG - __main__.FilterGoalEXPBFS.single_bfs:
["drop_item(['b', 'j'])", "move_right_with_item(['a', 'i'])", "drop_item(['a', 'i'])", "pick_up(['b', 'j'])", "move_left_with_item(['b', 'j'])", "drop_item(['b', 'j'])"]
2025-10-22 15:46:03,805 DEBUG - __main__.FilterGoalEXPBFS.single_bfs:
["drop_item(['b', 'j'])", "drop_item(['a', 'i'])", "pick_up(['b', 'j'])", "move_left_with_item(['b', 'j'])", "move_right_without_item(['a'])", "drop_item(['b', 'j'])"]
2025-10-22 15:46:03,967 DEBUG - __main__.FilterGoalEXPBFS.single_bfs:
Own Goals of agent a:
  Condition(['a', 'b'] hold_by ['i', 'a'] = 1)
  Condition(['a'] hold_by ['i', 'a'] = 0)
)
2025-10-22 15:46:03,967 DEBUG - __main__.FilterGoalEXPBFS.single_bfs:
Own Goals of agent b:
  Condition(['b'] hold_by ['j', 'b'] = 0)
  Condition(['b', 'a'] hold_by ['j', 'b'] = 1)
)
2025-10-22 15:46:03,977 DEBUG - __main__.FilterGoalEXPBFS.single_bfs:
["drop_item(['b', 'j'])", "drop_item(['a', 'i'])"]
2025-10-22 15:46:04,009 INFO - __main__.FilterGoalEXPBFS.bfs:
Models: 6, Exapnds: 576, 3.006ms/expand
2025-10-22 15:46:04,009 INFO - __main__.FilterGoalEXPBFS.get_policy:
[("drop_item(['b', 'j'])", 17), ("move_left_with_item(['b', 'j'])", 1)]
{'a': 2, 'b': 6}
2025-10-22 15:46:04,009 INFO - __main__.Model.simulate:
b takes action: drop_item(['b', 'j'])
2025-10-22 15:46:04,011 DEBUG - __main__.FilterGoalEXPBFS.single_bfs:
Own Goals of agent a:
  Condition(['a'] hold_by ['i', 'a'] = 0)
  Condition(['a', 'b'] hold_by ['i', 'a'] = 1)
)
2025-10-22 15:46:04,011 DEBUG - __main__.FilterGoalEXPBFS.single_bfs:
Own Goals of agent b:
  Condition(['b', 'a'] hold_by ['j', 'b'] = 0)
  Condition(['b'] hold_by ['j', 'b'] = 1)
)
2025-10-22 15:46:04,223 DEBUG - __main__.FilterGoalEXPBFS.single_bfs:
["stay(['a'])", "drop_item(['b', 'j'])", "move_right_with_item(['a', 'i'])", "move_left_with_item(['a', 'i'])", "pick_up(['b', 'j'])", "drop_item(['a', 'i'])"]
2025-10-22 15:46:04,369 DEBUG - __main__.FilterGoalEXPBFS.single_bfs:
Own Goals of agent a:
  Condition(['a'] hold_by ['i', 'a'] = 0)
  Condition(['a', 'b'] hold_by ['i', 'a'] = 1)
)
2025-10-22 15:46:04,369 DEBUG - __main__.FilterGoalEXPBFS.single_bfs:
Own Goals of agent b:
  Condition(['b', 'a'] hold_by ['j', 'b'] = 1)
  Condition(['b'] hold_by ['j', 'b'] = 0)
)
2025-10-22 15:46:04,379 DEBUG - __main__.FilterGoalEXPBFS.single_bfs:
["drop_item(['a', 'i'])", "drop_item(['b', 'j'])"]
2025-10-22 15:46:04,413 INFO - __main__.FilterGoalEXPBFS.bfs:
Models: 2, Exapnds: 153, 2.623ms/expand
2025-10-22 15:46:04,413 INFO - __main__.FilterGoalEXPBFS.get_policy:
[("stay(['a'])", 1), ("drop_item(['a', 'i'])", 1)]
{'a': 2, 'b': 6}
2025-10-22 15:46:04,413 INFO - __main__.Model.simulate:
a takes action: stay(['a'])
2025-10-22 15:46:04,415 DEBUG - __main__.FilterGoalEXPBFS.single_bfs:
Own Goals of agent a:
  Condition(['a'] hold_by ['i', 'a'] = 0)
  Condition(['a'] hold_by ['j', 'b'] = 1)
)
2025-10-22 15:46:04,415 DEBUG - __main__.FilterGoalEXPBFS.single_bfs:
Own Goals of agent b:
  Condition(['b'] hold_by ['j', 'b'] = 0)
  Condition(['b', 'a'] hold_by ['j', 'b'] = 1)
)
2025-10-22 15:46:04,424 DEBUG - __main__.FilterGoalEXPBFS.single_bfs:
["stay(['b'])", "drop_item(['a', 'i'])"]
2025-10-22 15:46:04,442 DEBUG - __main__.FilterGoalEXPBFS.single_bfs:
Own Goals of agent a:
  Condition(['a', 'b'] hold_by ['j', 'b'] = 1)
  Condition(['a'] hold_by ['i', 'a'] = 0)
)
2025-10-22 15:46:04,442 DEBUG - __main__.FilterGoalEXPBFS.single_bfs:
Own Goals of agent b:
  Condition(['b'] hold_by ['j', 'b'] = 0)
  Condition(['b', 'a'] hold_by ['j', 'b'] = 1)
)
2025-10-22 15:46:04,452 DEBUG - __main__.FilterGoalEXPBFS.single_bfs:
["stay(['b'])", "drop_item(['a', 'i'])"]
2025-10-22 15:46:04,471 DEBUG - __main__.FilterGoalEXPBFS.single_bfs:
Own Goals of agent a:
  Condition(['a', 'b'] hold_by ['i', 'a'] = 0)
  Condition(['a'] hold_by ['j', 'b'] = 1)
)
2025-10-22 15:46:04,471 DEBUG - __main__.FilterGoalEXPBFS.single_bfs:
Own Goals of agent b:
  Condition(['b'] hold_by ['j', 'b'] = 0)
  Condition(['b', 'a'] hold_by ['j', 'b'] = 1)
)
2025-10-22 15:46:04,564 DEBUG - __main__.FilterGoalEXPBFS.single_bfs:
["pick_up(['b', 'j'])", "drop_item(['a', 'i'])", "move_left_with_item(['b', 'j'])", "move_right_with_item(['b', 'j'])", "drop_item(['b', 'j'])"]
2025-10-22 15:46:04,565 DEBUG - __main__.FilterGoalEXPBFS.single_bfs:
["pick_up(['b', 'j'])", "drop_item(['a', 'i'])", "move_right_without_item(['a'])", "move_left_with_item(['b', 'j'])", "drop_item(['b', 'j'])"]
2025-10-22 15:46:04,566 DEBUG - __main__.FilterGoalEXPBFS.single_bfs:
["pick_up(['b', 'j'])", "drop_item(['a', 'i'])", "move_left_with_item(['b', 'j'])", "move_right_without_item(['a'])", "drop_item(['b', 'j'])"]
2025-10-22 15:46:04,599 DEBUG - __main__.FilterGoalEXPBFS.single_bfs:
["pick_up(['b', 'j'])", "drop_item(['a', 'i'])", "move_right_without_item(['a'])", "move_left_without_item(['a'])", "drop_item(['b', 'j'])"]
2025-10-22 15:46:04,657 DEBUG - __main__.FilterGoalEXPBFS.single_bfs:
Own Goals of agent a:
  Condition(['a', 'b'] hold_by ['i', 'a'] = 0)
  Condition(['a'] hold_by ['i', 'a'] = 1)
)
2025-10-22 15:46:04,657 DEBUG - __main__.FilterGoalEXPBFS.single_bfs:
Own Goals of agent b:
  Condition(['b'] hold_by ['j', 'b'] = 0)
  Condition(['b', 'a'] hold_by ['j', 'b'] = 1)
)
2025-10-22 15:46:04,907 DEBUG - __main__.FilterGoalEXPBFS.single_bfs:
["pick_up(['b', 'j'])", "drop_item(['a', 'i'])", "move_left_with_item(['b', 'j'])", "move_right_with_item(['b', 'j'])", "drop_item(['b', 'j'])", "pick_up(['a', 'i'])"]
2025-10-22 15:46:04,973 DEBUG - __main__.FilterGoalEXPBFS.single_bfs:
["pick_up(['b', 'j'])", "drop_item(['a', 'i'])", "move_right_without_item(['a'])", "move_left_without_item(['a'])", "pick_up(['a', 'i'])", "drop_item(['b', 'j'])"]
2025-10-22 15:46:05,293 DEBUG - __main__.FilterGoalEXPBFS.single_bfs:
Own Goals of agent a:
  Condition(['a', 'b'] hold_by ['i', 'a'] = 0)
  Condition(['a', 'b'] hold_by ['j', 'b'] = 1)
)
2025-10-22 15:46:05,293 DEBUG - __main__.FilterGoalEXPBFS.single_bfs:
Own Goals of agent b:
  Condition(['b'] hold_by ['j', 'b'] = 0)
  Condition(['b', 'a'] hold_by ['j', 'b'] = 1)
)
2025-10-22 15:46:05,392 DEBUG - __main__.FilterGoalEXPBFS.single_bfs:
["pick_up(['b', 'j'])", "drop_item(['a', 'i'])", "move_left_with_item(['b', 'j'])", "move_right_with_item(['b', 'j'])", "drop_item(['b', 'j'])"]
2025-10-22 15:46:05,393 DEBUG - __main__.FilterGoalEXPBFS.single_bfs:
["pick_up(['b', 'j'])", "drop_item(['a', 'i'])", "move_right_without_item(['a'])", "move_left_with_item(['b', 'j'])", "drop_item(['b', 'j'])"]
2025-10-22 15:46:05,394 DEBUG - __main__.FilterGoalEXPBFS.single_bfs:
["pick_up(['b', 'j'])", "drop_item(['a', 'i'])", "move_left_with_item(['b', 'j'])", "move_right_without_item(['a'])", "drop_item(['b', 'j'])"]
2025-10-22 15:46:05,430 DEBUG - __main__.FilterGoalEXPBFS.single_bfs:
["pick_up(['b', 'j'])", "drop_item(['a', 'i'])", "move_right_without_item(['a'])", "move_left_without_item(['a'])", "drop_item(['b', 'j'])"]
2025-10-22 15:46:05,492 DEBUG - __main__.FilterGoalEXPBFS.single_bfs:
Own Goals of agent a:
  Condition(['a', 'b'] hold_by ['i', 'a'] = 1)
  Condition(['a'] hold_by ['i', 'a'] = 0)
)
2025-10-22 15:46:05,492 DEBUG - __main__.FilterGoalEXPBFS.single_bfs:
Own Goals of agent b:
  Condition(['b'] hold_by ['j', 'b'] = 0)
  Condition(['b', 'a'] hold_by ['j', 'b'] = 1)
)
2025-10-22 15:46:05,502 DEBUG - __main__.FilterGoalEXPBFS.single_bfs:
["stay(['b'])", "drop_item(['a', 'i'])"]
2025-10-22 15:46:05,548 INFO - __main__.FilterGoalEXPBFS.bfs:
Models: 6, Exapnds: 394, 2.875ms/expand
2025-10-22 15:46:05,548 INFO - __main__.FilterGoalEXPBFS.get_policy:
[("stay(['b'])", 3), ("pick_up(['b', 'j'])", 10)]
{'a': 2, 'b': 6}
2025-10-22 15:46:05,548 INFO - __main__.Model.simulate:
b takes action: pick_up(['b', 'j'])
2025-10-22 15:46:05,550 DEBUG - __main__.FilterGoalEXPBFS.single_bfs:
Own Goals of agent a:
  Condition(['a'] hold_by ['i', 'a'] = 0)
  Condition(['a', 'b'] hold_by ['i', 'a'] = 1)
)
2025-10-22 15:46:05,550 DEBUG - __main__.FilterGoalEXPBFS.single_bfs:
Own Goals of agent b:
  Condition(['b', 'a'] hold_by ['j', 'b'] = 0)
  Condition(['b'] hold_by ['j', 'b'] = 1)
)
2025-10-22 15:46:05,777 DEBUG - __main__.FilterGoalEXPBFS.single_bfs:
["stay(['a'])", "drop_item(['b', 'j'])", "move_right_with_item(['a', 'i'])", "move_left_with_item(['a', 'i'])", "pick_up(['b', 'j'])", "drop_item(['a', 'i'])"]
2025-10-22 15:46:05,935 DEBUG - __main__.FilterGoalEXPBFS.single_bfs:
Own Goals of agent a:
  Condition(['a'] hold_by ['i', 'a'] = 0)
  Condition(['a', 'b'] hold_by ['i', 'a'] = 1)
)
2025-10-22 15:46:05,935 DEBUG - __main__.FilterGoalEXPBFS.single_bfs:
Own Goals of agent b:
  Condition(['b', 'a'] hold_by ['j', 'b'] = 1)
  Condition(['b'] hold_by ['j', 'b'] = 0)
)
2025-10-22 15:46:05,945 DEBUG - __main__.FilterGoalEXPBFS.single_bfs:
["drop_item(['a', 'i'])", "drop_item(['b', 'j'])"]
2025-10-22 15:46:05,981 INFO - __main__.FilterGoalEXPBFS.bfs:
Models: 2, Exapnds: 153, 2.817ms/expand
2025-10-22 15:46:05,982 INFO - __main__.FilterGoalEXPBFS.get_policy:
[("stay(['a'])", 1), ("drop_item(['a', 'i'])", 1)]
{'a': 2, 'b': 6}
2025-10-22 15:46:05,982 INFO - __main__.Model.simulate:
a takes action: drop_item(['a', 'i'])
2025-10-22 15:46:05,984 DEBUG - __main__.FilterGoalEXPBFS.single_bfs:
Own Goals of agent a:
  Condition(['a'] hold_by ['i', 'a'] = 0)
  Condition(['a'] hold_by ['j', 'b'] = 1)
)
2025-10-22 15:46:05,984 DEBUG - __main__.FilterGoalEXPBFS.single_bfs:
Own Goals of agent b:
  Condition(['b'] hold_by ['j', 'b'] = 0)
  Condition(['b', 'a'] hold_by ['j', 'b'] = 1)
)
2025-10-22 15:46:05,994 DEBUG - __main__.FilterGoalEXPBFS.single_bfs:
["drop_item(['b', 'j'])", "drop_item(['a', 'i'])"]
2025-10-22 15:46:06,011 DEBUG - __main__.FilterGoalEXPBFS.single_bfs:
Own Goals of agent a:
  Condition(['a', 'b'] hold_by ['j', 'b'] = 1)
  Condition(['a'] hold_by ['i', 'a'] = 0)
)
2025-10-22 15:46:06,011 DEBUG - __main__.FilterGoalEXPBFS.single_bfs:
Own Goals of agent b:
  Condition(['b'] hold_by ['j', 'b'] = 0)
  Condition(['b', 'a'] hold_by ['j', 'b'] = 1)
)
2025-10-22 15:46:06,022 DEBUG - __main__.FilterGoalEXPBFS.single_bfs:
["drop_item(['b', 'j'])", "drop_item(['a', 'i'])"]
2025-10-22 15:46:06,041 DEBUG - __main__.FilterGoalEXPBFS.single_bfs:
Own Goals of agent a:
  Condition(['a', 'b'] hold_by ['i', 'a'] = 0)
  Condition(['a'] hold_by ['j', 'b'] = 1)
)
2025-10-22 15:46:06,041 DEBUG - __main__.FilterGoalEXPBFS.single_bfs:
Own Goals of agent b:
  Condition(['b'] hold_by ['j', 'b'] = 0)
  Condition(['b', 'a'] hold_by ['j', 'b'] = 1)
)
2025-10-22 15:46:06,182 DEBUG - __main__.FilterGoalEXPBFS.single_bfs:
["drop_item(['b', 'j'])", "drop_item(['a', 'i'])", "pick_up(['b', 'j'])", "move_right_without_item(['a'])", "move_left_with_item(['b', 'j'])", "drop_item(['b', 'j'])"]
2025-10-22 15:46:06,231 DEBUG - __main__.FilterGoalEXPBFS.single_bfs:
["drop_item(['b', 'j'])", "move_right_with_item(['a', 'i'])", "drop_item(['a', 'i'])", "pick_up(['b', 'j'])", "move_left_without_item(['a'])", "drop_item(['b', 'j'])"]
2025-10-22 15:46:06,232 DEBUG - __main__.FilterGoalEXPBFS.single_bfs:
["drop_item(['b', 'j'])", "drop_item(['a', 'i'])", "pick_up(['b', 'j'])", "move_right_without_item(['a'])", "move_left_without_item(['a'])", "drop_item(['b', 'j'])"]
2025-10-22 15:46:06,265 DEBUG - __main__.FilterGoalEXPBFS.single_bfs:
["drop_item(['b', 'j'])", "drop_item(['a', 'i'])", "pick_up(['b', 'j'])", "move_left_with_item(['b', 'j'])", "move_right_with_item(['b', 'j'])", "drop_item(['b', 'j'])"]
2025-10-22 15:46:06,306 DEBUG - __main__.FilterGoalEXPBFS.single_bfs:
["drop_item(['b', 'j'])", "move_right_with_item(['a', 'i'])", "drop_item(['a', 'i'])", "pick_up(['b', 'j'])", "move_left_with_item(['b', 'j'])", "drop_item(['b', 'j'])"]
2025-10-22 15:46:06,306 DEBUG - __main__.FilterGoalEXPBFS.single_bfs:
["drop_item(['b', 'j'])", "drop_item(['a', 'i'])", "pick_up(['b', 'j'])", "move_left_with_item(['b', 'j'])", "move_right_without_item(['a'])", "drop_item(['b', 'j'])"]
2025-10-22 15:46:06,482 DEBUG - __main__.FilterGoalEXPBFS.single_bfs:
Own Goals of agent a:
  Condition(['a', 'b'] hold_by ['i', 'a'] = 0)
  Condition(['a'] hold_by ['i', 'a'] = 1)
)
2025-10-22 15:46:06,482 DEBUG - __main__.FilterGoalEXPBFS.single_bfs:
Own Goals of agent b:
  Condition(['b'] hold_by ['j', 'b'] = 0)
  Condition(['b', 'a'] hold_by ['j', 'b'] = 1)
)
2025-10-22 15:46:06,818 DEBUG - __main__.FilterGoalEXPBFS.single_bfs:
["drop_item(['b', 'j'])", "move_right_with_item(['a', 'i'])", "drop_item(['a', 'i'])", "pick_up(['b', 'j'])", "move_left_with_item(['b', 'j'])", "drop_item(['b', 'j'])", "pick_up(['a', 'i'])"]
2025-10-22 15:46:07,044 DEBUG - __main__.FilterGoalEXPBFS.single_bfs:
["move_left_with_item(['b', 'j'])", "drop_item(['b', 'j'])", "drop_item(['a', 'i'])", "pick_up(['b', 'j'])", "move_right_with_item(['b', 'j'])", "drop_item(['b', 'j'])", "pick_up(['a', 'i'])"]
2025-10-22 15:46:07,081 DEBUG - __main__.FilterGoalEXPBFS.single_bfs:
["drop_item(['b', 'j'])", "drop_item(['a', 'i'])", "move_right_without_item(['a'])", "pick_up(['b', 'j'])", "move_left_without_item(['a'])", "drop_item(['b', 'j'])", "pick_up(['a', 'i'])"]
2025-10-22 15:46:07,446 DEBUG - __main__.FilterGoalEXPBFS.single_bfs:
Own Goals of agent a:
  Condition(['a', 'b'] hold_by ['i', 'a'] = 0)
  Condition(['a', 'b'] hold_by ['j', 'b'] = 1)
)
2025-10-22 15:46:07,446 DEBUG - __main__.FilterGoalEXPBFS.single_bfs:
Own Goals of agent b:
  Condition(['b'] hold_by ['j', 'b'] = 0)
  Condition(['b', 'a'] hold_by ['j', 'b'] = 1)
)
2025-10-22 15:46:07,596 DEBUG - __main__.FilterGoalEXPBFS.single_bfs:
["drop_item(['b', 'j'])", "drop_item(['a', 'i'])", "pick_up(['b', 'j'])", "move_right_without_item(['a'])", "move_left_with_item(['b', 'j'])", "drop_item(['b', 'j'])"]
2025-10-22 15:46:07,649 DEBUG - __main__.FilterGoalEXPBFS.single_bfs:
["drop_item(['b', 'j'])", "move_right_with_item(['a', 'i'])", "drop_item(['a', 'i'])", "pick_up(['b', 'j'])", "move_left_without_item(['a'])", "drop_item(['b', 'j'])"]
2025-10-22 15:46:07,650 DEBUG - __main__.FilterGoalEXPBFS.single_bfs:
["drop_item(['b', 'j'])", "drop_item(['a', 'i'])", "pick_up(['b', 'j'])", "move_right_without_item(['a'])", "move_left_without_item(['a'])", "drop_item(['b', 'j'])"]
2025-10-22 15:46:07,686 DEBUG - __main__.FilterGoalEXPBFS.single_bfs:
["drop_item(['b', 'j'])", "drop_item(['a', 'i'])", "pick_up(['b', 'j'])", "move_left_with_item(['b', 'j'])", "move_right_with_item(['b', 'j'])", "drop_item(['b', 'j'])"]
2025-10-22 15:46:07,730 DEBUG - __main__.FilterGoalEXPBFS.single_bfs:
["drop_item(['b', 'j'])", "move_right_with_item(['a', 'i'])", "drop_item(['a', 'i'])", "pick_up(['b', 'j'])", "move_left_with_item(['b', 'j'])", "drop_item(['b', 'j'])"]
2025-10-22 15:46:07,731 DEBUG - __main__.FilterGoalEXPBFS.single_bfs:
["drop_item(['b', 'j'])", "drop_item(['a', 'i'])", "pick_up(['b', 'j'])", "move_left_with_item(['b', 'j'])", "move_right_without_item(['a'])", "drop_item(['b', 'j'])"]
2025-10-22 15:46:07,918 DEBUG - __main__.FilterGoalEXPBFS.single_bfs:
Own Goals of agent a:
  Condition(['a', 'b'] hold_by ['i', 'a'] = 1)
  Condition(['a'] hold_by ['i', 'a'] = 0)
)
2025-10-22 15:46:07,918 DEBUG - __main__.FilterGoalEXPBFS.single_bfs:
Own Goals of agent b:
  Condition(['b'] hold_by ['j', 'b'] = 0)
  Condition(['b', 'a'] hold_by ['j', 'b'] = 1)
)
2025-10-22 15:46:07,929 DEBUG - __main__.FilterGoalEXPBFS.single_bfs:
["drop_item(['b', 'j'])", "drop_item(['a', 'i'])"]
2025-10-22 15:46:07,966 INFO - __main__.FilterGoalEXPBFS.bfs:
Models: 6, Exapnds: 576, 3.441ms/expand
2025-10-22 15:46:07,966 INFO - __main__.FilterGoalEXPBFS.get_policy:
[("drop_item(['b', 'j'])", 17), ("move_left_with_item(['b', 'j'])", 1)]
{'a': 2, 'b': 6}
2025-10-22 15:46:07,966 INFO - __main__.Model.simulate:
b takes action: drop_item(['b', 'j'])
2025-10-22 15:46:07,967 DEBUG - __main__.Model.simulate:
====== Solution ======
Step 1:
a: pick_up(['a', 'i'])
{'a': False, 'b': False}
-----------------
Step 2:
b: pick_up(['b', 'j'])
{'a': False, 'b': False}
-----------------
Step 3:
a: stay(['a'])
{'a': False, 'b': False}
-----------------
Step 4:
b: move_right_with_item(['b', 'j'])
{'a': False, 'b': False}
-----------------
Step 5:
a: drop_item(['a', 'i'])
{'a': False, 'b': False}
-----------------
Step 6:
b: stay(['b'])
{'a': True, 'b': False}
-----------------
Step 7:
a: pick_up(['a', 'i'])
{'a': True, 'b': False}
-----------------
Step 8:
b: stay(['b'])
{'a': False, 'b': False}
-----------------
Step 9:
a: move_right_with_item(['a', 'i'])
{'a': False, 'b': False}
-----------------
Step 10:
b: stay(['b'])
{'a': False, 'b': False}
-----------------
Step 11:
a: move_left_with_item(['a', 'i'])
{'a': False, 'b': False}
-----------------
Step 12:
b: drop_item(['b', 'j'])
{'a': False, 'b': False}
-----------------
Step 13:
a: stay(['a'])
{'a': False, 'b': True}
-----------------
Step 14:
b: pick_up(['b', 'j'])
{'a': False, 'b': True}
-----------------
Step 15:
a: stay(['a'])
{'a': False, 'b': False}
-----------------
Step 16:
b: drop_item(['b', 'j'])
{'a': False, 'b': False}
-----------------
Step 17:
a: stay(['a'])
{'a': False, 'b': True}
-----------------
Step 18:
b: pick_up(['b', 'j'])
{'a': False, 'b': True}
-----------------
Step 19:
a: drop_item(['a', 'i'])
{'a': False, 'b': False}
-----------------
Step 20:
b: drop_item(['b', 'j'])
{'a': True, 'b': False}
-----------------

2025-10-22 15:46:07,967 EXP - __main__.Logger.exp:
a takes action: pick_up(['a', 'i'])
b takes action: pick_up(['b', 'j'])
a takes action: stay(['a'])
b takes action: move_right_with_item(['b', 'j'])
a takes action: drop_item(['a', 'i'])
b takes action: stay(['b'])
a takes action: pick_up(['a', 'i'])
b takes action: stay(['b'])
a takes action: move_right_with_item(['a', 'i'])
b takes action: stay(['b'])
a takes action: move_left_with_item(['a', 'i'])
b takes action: drop_item(['b', 'j'])
a takes action: stay(['a'])
b takes action: pick_up(['b', 'j'])
a takes action: stay(['a'])
b takes action: drop_item(['b', 'j'])
a takes action: stay(['a'])
b takes action: pick_up(['b', 'j'])
a takes action: drop_item(['a', 'i'])
b takes action: drop_item(['b', 'j'])
Steps: 20
Time cost: 13.677845s
2025-10-22 15:46:07,969 DEBUG - __main__.FilterGoalEXPBFS.single_bfs:
Own Goals of agent a:
  Condition(['a'] hold_by ['i', 'a'] = 0)
  Condition(['a', 'b'] hold_by ['i', 'a'] = 1)
)
2025-10-22 15:46:07,969 DEBUG - __main__.FilterGoalEXPBFS.single_bfs:
Own Goals of agent b:
  Condition(['b'] hold_by ['j', 'b'] = 1)
)
2025-10-22 15:46:07,998 DEBUG - __main__.FilterGoalEXPBFS.single_bfs:
["pick_up(['a', 'i'])", "pick_up(['b', 'j'])", "move_right_with_item(['a', 'i'])", "drop_item(['a', 'i'])"]
2025-10-22 15:46:08,004 DEBUG - __main__.FilterGoalEXPBFS.single_bfs:
["pick_up(['a', 'i'])", "move_right_with_item(['a', 'i'])", "drop_item(['a', 'i'])", "pick_up(['b', 'j'])"]
2025-10-22 15:46:08,007 DEBUG - __main__.FilterGoalEXPBFS.single_bfs:
["pick_up(['a', 'i'])", "pick_up(['b', 'j'])", "move_right_with_item(['b', 'j'])", "drop_item(['a', 'i'])"]
2025-10-22 15:46:08,036 DEBUG - __main__.FilterGoalEXPBFS.single_bfs:
Own Goals of agent a:
  Condition(['a'] hold_by ['i', 'a'] = 0)
  Condition(['a', 'b'] hold_by ['i', 'a'] = 1)
)
2025-10-22 15:46:08,036 DEBUG - __main__.FilterGoalEXPBFS.single_bfs:
Own Goals of agent b:
  Condition(['b'] hold_by ['i', 'a'] = 1)
)
2025-10-22 15:46:08,048 DEBUG - __main__.FilterGoalEXPBFS.single_bfs:
["pick_up(['a', 'i'])", "move_right_without_item(['b'])", "drop_item(['a', 'i'])"]
2025-10-22 15:46:08,048 DEBUG - __main__.FilterGoalEXPBFS.single_bfs:
["pick_up(['a', 'i'])", "move_right_with_item(['a', 'i'])", "drop_item(['a', 'i'])"]
2025-10-22 15:46:08,056 DEBUG - __main__.FilterGoalEXPBFS.single_bfs:
Own Goals of agent a:
  Condition(['a'] hold_by ['i', 'a'] = 0)
  Condition(['a', 'b'] hold_by ['i', 'a'] = 1)
)
2025-10-22 15:46:08,056 DEBUG - __main__.FilterGoalEXPBFS.single_bfs:
Own Goals of agent b:
  Condition(['b'] hold_by ['i', 'a'] = 1)
  Condition(['b'] hold_by ['j', 'b'] = 0)
)
2025-10-22 15:46:08,067 DEBUG - __main__.FilterGoalEXPBFS.single_bfs:
["pick_up(['a', 'i'])", "move_right_without_item(['b'])", "drop_item(['a', 'i'])"]
2025-10-22 15:46:08,067 DEBUG - __main__.FilterGoalEXPBFS.single_bfs:
["pick_up(['a', 'i'])", "move_right_with_item(['a', 'i'])", "drop_item(['a', 'i'])"]
2025-10-22 15:46:08,095 DEBUG - __main__.FilterGoalEXPBFS.single_bfs:
Own Goals of agent a:
  Condition(['a'] hold_by ['i', 'a'] = 0)
  Condition(['a', 'b'] hold_by ['i', 'a'] = 1)
)
2025-10-22 15:46:08,095 DEBUG - __main__.FilterGoalEXPBFS.single_bfs:
Own Goals of agent b:
  Condition(['b'] hold_by ['i', 'a'] = 1)
  Condition(['b'] hold_by ['j', 'b'] = 1)
)
2025-10-22 15:46:08,109 DEBUG - __main__.FilterGoalEXPBFS.single_bfs:
["pick_up(['a', 'i'])", "pick_up(['b', 'j'])", "move_right_with_item(['b', 'j'])", "drop_item(['a', 'i'])"]
2025-10-22 15:46:08,110 DEBUG - __main__.FilterGoalEXPBFS.single_bfs:
["pick_up(['a', 'i'])", "pick_up(['b', 'j'])", "move_right_with_item(['a', 'i'])", "drop_item(['a', 'i'])"]
2025-10-22 15:46:08,119 DEBUG - __main__.FilterGoalEXPBFS.single_bfs:
["pick_up(['a', 'i'])", "move_right_with_item(['a', 'i'])", "drop_item(['a', 'i'])", "pick_up(['b', 'j'])"]
2025-10-22 15:46:08,153 DEBUG - __main__.FilterGoalEXPBFS.single_bfs:
Own Goals of agent a:
  Condition(['a'] hold_by ['i', 'a'] = 0)
  Condition(['a', 'b'] hold_by ['i', 'a'] = 1)
)
2025-10-22 15:46:08,153 DEBUG - __main__.FilterGoalEXPBFS.single_bfs:
Own Goals of agent b:
  Condition(['b', 'a'] hold_by ['j', 'b'] = 0)
  Condition(['b'] hold_by ['j', 'b'] = 1)
)
2025-10-22 15:46:08,187 DEBUG - __main__.FilterGoalEXPBFS.single_bfs:
["pick_up(['a', 'i'])", "move_right_with_item(['a', 'i'])", "drop_item(['a', 'i'])", "pick_up(['b', 'j'])"]
2025-10-22 15:46:08,259 DEBUG - __main__.FilterGoalEXPBFS.single_bfs:
Own Goals of agent a:
  Condition(['a'] hold_by ['i', 'a'] = 0)
  Condition(['a', 'b'] hold_by ['i', 'a'] = 1)
)
2025-10-22 15:46:08,259 DEBUG - __main__.FilterGoalEXPBFS.single_bfs:
Own Goals of agent b:
  Condition(['b', 'a'] hold_by ['j', 'b'] = 0)
  Condition(['b'] hold_by ['i', 'a'] = 1)
)
2025-10-22 15:46:08,270 DEBUG - __main__.FilterGoalEXPBFS.single_bfs:
["pick_up(['a', 'i'])", "move_right_without_item(['b'])", "drop_item(['a', 'i'])"]
2025-10-22 15:46:08,271 DEBUG - __main__.FilterGoalEXPBFS.single_bfs:
["pick_up(['a', 'i'])", "move_right_with_item(['a', 'i'])", "drop_item(['a', 'i'])"]
2025-10-22 15:46:08,279 DEBUG - __main__.FilterGoalEXPBFS.single_bfs:
Own Goals of agent a:
  Condition(['a'] hold_by ['i', 'a'] = 0)
  Condition(['a', 'b'] hold_by ['i', 'a'] = 1)
)
2025-10-22 15:46:08,279 DEBUG - __main__.FilterGoalEXPBFS.single_bfs:
Own Goals of agent b:
  Condition(['b', 'a'] hold_by ['j', 'b'] = 1)
)
2025-10-22 15:46:08,316 DEBUG - __main__.FilterGoalEXPBFS.single_bfs:
["pick_up(['a', 'i'])", "pick_up(['b', 'j'])", "move_right_with_item(['a', 'i'])", "drop_item(['a', 'i'])"]
2025-10-22 15:46:08,316 DEBUG - __main__.FilterGoalEXPBFS.single_bfs:
["pick_up(['a', 'i'])", "pick_up(['b', 'j'])", "move_right_with_item(['b', 'j'])", "drop_item(['a', 'i'])"]
2025-10-22 15:46:08,333 DEBUG - __main__.FilterGoalEXPBFS.single_bfs:
Own Goals of agent a:
  Condition(['a'] hold_by ['i', 'a'] = 0)
  Condition(['a', 'b'] hold_by ['i', 'a'] = 1)
)
2025-10-22 15:46:08,333 DEBUG - __main__.FilterGoalEXPBFS.single_bfs:
Own Goals of agent b:
  Condition(['b', 'a'] hold_by ['j', 'b'] = 1)
  Condition(['b'] hold_by ['j', 'b'] = 0)
)
2025-10-22 15:46:08,387 DEBUG - __main__.FilterGoalEXPBFS.single_bfs:
["pick_up(['a', 'i'])", "pick_up(['b', 'j'])", "move_right_with_item(['a', 'i'])", "drop_item(['b', 'j'])", "drop_item(['a', 'i'])"]
2025-10-22 15:46:08,403 DEBUG - __main__.FilterGoalEXPBFS.single_bfs:
["pick_up(['a', 'i'])", "pick_up(['b', 'j'])", "move_right_with_item(['b', 'j'])", "drop_item(['a', 'i'])", "drop_item(['b', 'j'])"]
2025-10-22 15:46:08,542 DEBUG - __main__.FilterGoalEXPBFS.single_bfs:
Own Goals of agent a:
  Condition(['a'] hold_by ['i', 'a'] = 0)
  Condition(['a', 'b'] hold_by ['i', 'a'] = 1)
)
2025-10-22 15:46:08,542 DEBUG - __main__.FilterGoalEXPBFS.single_bfs:
Own Goals of agent b:
  Condition(['b', 'a'] hold_by ['j', 'b'] = 1)
  Condition(['b'] hold_by ['j', 'b'] = 1)
)
2025-10-22 15:46:08,587 DEBUG - __main__.FilterGoalEXPBFS.single_bfs:
["stay(['a'])", "pick_up(['b', 'j'])", "pick_up(['a', 'i'])", "move_right_with_item(['b', 'j'])", "drop_item(['a', 'i'])"]
2025-10-22 15:46:08,589 DEBUG - __main__.FilterGoalEXPBFS.single_bfs:
["stay(['a'])", "pick_up(['b', 'j'])", "pick_up(['a', 'i'])", "move_right_with_item(['a', 'i'])", "drop_item(['a', 'i'])"]
2025-10-22 15:46:08,628 DEBUG - __main__.FilterGoalEXPBFS.single_bfs:
Own Goals of agent a:
  Condition(['a'] hold_by ['i', 'a'] = 0)
  Condition(['a', 'b'] hold_by ['i', 'a'] = 1)
)
2025-10-22 15:46:08,628 DEBUG - __main__.FilterGoalEXPBFS.single_bfs:
Own Goals of agent b:
  Condition(['b', 'a'] hold_by ['j', 'b'] = 1)
  Condition(['b'] hold_by ['i', 'a'] = 1)
)
2025-10-22 15:46:08,643 DEBUG - __main__.FilterGoalEXPBFS.single_bfs:
["pick_up(['a', 'i'])", "pick_up(['b', 'j'])", "move_right_with_item(['b', 'j'])", "drop_item(['a', 'i'])"]
2025-10-22 15:46:08,645 DEBUG - __main__.FilterGoalEXPBFS.single_bfs:
["pick_up(['a', 'i'])", "pick_up(['b', 'j'])", "move_right_with_item(['a', 'i'])", "drop_item(['a', 'i'])"]
2025-10-22 15:46:08,666 DEBUG - __main__.FilterGoalEXPBFS.single_bfs:
Own Goals of agent a:
  Condition(['a'] hold_by ['i', 'a'] = 0)
  Condition(['a', 'b'] hold_by ['i', 'a'] = 1)
)
2025-10-22 15:46:08,666 DEBUG - __main__.FilterGoalEXPBFS.single_bfs:
Own Goals of agent b:
  Condition(['b', 'a'] hold_by ['i', 'a'] = 1)
)
2025-10-22 15:46:08,679 DEBUG - __main__.FilterGoalEXPBFS.single_bfs:
["pick_up(['a', 'i'])", "move_right_without_item(['b'])", "drop_item(['a', 'i'])"]
2025-10-22 15:46:08,679 DEBUG - __main__.FilterGoalEXPBFS.single_bfs:
["pick_up(['a', 'i'])", "move_right_with_item(['a', 'i'])", "drop_item(['a', 'i'])"]
2025-10-22 15:46:08,687 DEBUG - __main__.FilterGoalEXPBFS.single_bfs:
Own Goals of agent a:
  Condition(['a'] hold_by ['i', 'a'] = 0)
  Condition(['a', 'b'] hold_by ['i', 'a'] = 1)
)
2025-10-22 15:46:08,687 DEBUG - __main__.FilterGoalEXPBFS.single_bfs:
Own Goals of agent b:
  Condition(['b', 'a'] hold_by ['i', 'a'] = 1)
  Condition(['b'] hold_by ['j', 'b'] = 0)
)
2025-10-22 15:46:08,699 DEBUG - __main__.FilterGoalEXPBFS.single_bfs:
["pick_up(['a', 'i'])", "move_right_without_item(['b'])", "drop_item(['a', 'i'])"]
2025-10-22 15:46:08,699 DEBUG - __main__.FilterGoalEXPBFS.single_bfs:
["pick_up(['a', 'i'])", "move_right_with_item(['a', 'i'])", "drop_item(['a', 'i'])"]
2025-10-22 15:46:08,728 DEBUG - __main__.FilterGoalEXPBFS.single_bfs:
Own Goals of agent a:
  Condition(['a'] hold_by ['i', 'a'] = 0)
  Condition(['a', 'b'] hold_by ['i', 'a'] = 1)
)
2025-10-22 15:46:08,728 DEBUG - __main__.FilterGoalEXPBFS.single_bfs:
Own Goals of agent b:
  Condition(['b', 'a'] hold_by ['i', 'a'] = 1)
  Condition(['b'] hold_by ['j', 'b'] = 1)
)
2025-10-22 15:46:08,743 DEBUG - __main__.FilterGoalEXPBFS.single_bfs:
["pick_up(['a', 'i'])", "pick_up(['b', 'j'])", "move_right_with_item(['b', 'j'])", "drop_item(['a', 'i'])"]
2025-10-22 15:46:08,745 DEBUG - __main__.FilterGoalEXPBFS.single_bfs:
["pick_up(['a', 'i'])", "pick_up(['b', 'j'])", "move_right_with_item(['a', 'i'])", "drop_item(['a', 'i'])"]
2025-10-22 15:46:08,754 DEBUG - __main__.FilterGoalEXPBFS.single_bfs:
["pick_up(['a', 'i'])", "move_right_with_item(['a', 'i'])", "drop_item(['a', 'i'])", "pick_up(['b', 'j'])"]
2025-10-22 15:46:08,790 DEBUG - __main__.FilterGoalEXPBFS.single_bfs:
Own Goals of agent a:
  Condition(['a'] hold_by ['i', 'a'] = 0)
  Condition(['a', 'b'] hold_by ['i', 'a'] = 1)
)
2025-10-22 15:46:08,790 DEBUG - __main__.FilterGoalEXPBFS.single_bfs:
Own Goals of agent b:
  Condition(['b', 'a'] hold_by ['i', 'a'] = 1)
  Condition(['b'] hold_by ['i', 'a'] = 1)
)
2025-10-22 15:46:08,797 DEBUG - __main__.FilterGoalEXPBFS.single_bfs:
["pick_up(['a', 'i'])", "move_right_with_item(['a', 'i'])", "drop_item(['a', 'i'])"]
2025-10-22 15:46:08,798 DEBUG - __main__.FilterGoalEXPBFS.single_bfs:
["pick_up(['a', 'i'])", "move_right_without_item(['b'])", "drop_item(['a', 'i'])"]
2025-10-22 15:46:08,811 DEBUG - __main__.FilterGoalEXPBFS.single_bfs:
Own Goals of agent a:
  Condition(['a'] hold_by ['i', 'a'] = 0)
  Condition(['a', 'b'] hold_by ['i', 'a'] = 1)
)
2025-10-22 15:46:08,811 DEBUG - __main__.FilterGoalEXPBFS.single_bfs:
Own Goals of agent b:
  Condition(['b', 'a'] hold_by ['i', 'a'] = 1)
  Condition(['b', 'a'] hold_by ['j', 'b'] = 0)
)
2025-10-22 15:46:08,823 DEBUG - __main__.FilterGoalEXPBFS.single_bfs:
["pick_up(['a', 'i'])", "move_right_without_item(['b'])", "drop_item(['a', 'i'])"]
2025-10-22 15:46:08,824 DEBUG - __main__.FilterGoalEXPBFS.single_bfs:
["pick_up(['a', 'i'])", "move_right_with_item(['a', 'i'])", "drop_item(['a', 'i'])"]
2025-10-22 15:46:08,833 DEBUG - __main__.FilterGoalEXPBFS.single_bfs:
Own Goals of agent a:
  Condition(['a'] hold_by ['i', 'a'] = 0)
  Condition(['a', 'b'] hold_by ['i', 'a'] = 1)
)
2025-10-22 15:46:08,833 DEBUG - __main__.FilterGoalEXPBFS.single_bfs:
Own Goals of agent b:
  Condition(['b', 'a'] hold_by ['i', 'a'] = 1)
  Condition(['b', 'a'] hold_by ['j', 'b'] = 1)
)
2025-10-22 15:46:08,848 DEBUG - __main__.FilterGoalEXPBFS.single_bfs:
["pick_up(['a', 'i'])", "pick_up(['b', 'j'])", "move_right_with_item(['b', 'j'])", "drop_item(['a', 'i'])"]
2025-10-22 15:46:08,850 DEBUG - __main__.FilterGoalEXPBFS.single_bfs:
["pick_up(['a', 'i'])", "pick_up(['b', 'j'])", "move_right_with_item(['a', 'i'])", "drop_item(['a', 'i'])"]
2025-10-22 15:46:08,872 INFO - __main__.FilterGoalEXPBFS.bfs:
Models: 16, Exapnds: 955, 0.946ms/expand
2025-10-22 15:46:08,872 INFO - __main__.FilterGoalEXPBFS.get_policy:
[("pick_up(['a', 'i'])", 32), ("stay(['a'])", 2)]
{'a': 16, 'b': 16}
2025-10-22 15:46:08,872 INFO - __main__.Model.simulate:
a takes action: pick_up(['a', 'i'])
2025-10-22 15:46:08,873 DEBUG - __main__.FilterGoalEXPBFS.single_bfs:
Own Goals of agent a:
  Condition(['a'] hold_by ['j', 'b'] = 1)
)
2025-10-22 15:46:08,873 DEBUG - __main__.FilterGoalEXPBFS.single_bfs:
Own Goals of agent b:
  Condition(['b'] hold_by ['j', 'b'] = 0)
  Condition(['b', 'a'] hold_by ['j', 'b'] = 1)
)
2025-10-22 15:46:08,884 DEBUG - __main__.FilterGoalEXPBFS.single_bfs:
["pick_up(['b', 'j'])", "move_right_with_item(['b', 'j'])", "drop_item(['b', 'j'])"]
2025-10-22 15:46:08,885 DEBUG - __main__.FilterGoalEXPBFS.single_bfs:
["pick_up(['b', 'j'])", "move_right_with_item(['a', 'i'])", "drop_item(['b', 'j'])"]
2025-10-22 15:46:08,897 DEBUG - __main__.FilterGoalEXPBFS.single_bfs:
Own Goals of agent a:
  Condition(['a'] hold_by ['i', 'a'] = 0)
  Condition(['a'] hold_by ['j', 'b'] = 1)
)
2025-10-22 15:46:08,897 DEBUG - __main__.FilterGoalEXPBFS.single_bfs:
Own Goals of agent b:
  Condition(['b'] hold_by ['j', 'b'] = 0)
  Condition(['b', 'a'] hold_by ['j', 'b'] = 1)
)
2025-10-22 15:46:08,912 DEBUG - __main__.FilterGoalEXPBFS.single_bfs:
["pick_up(['b', 'j'])", "drop_item(['a', 'i'])", "move_right_with_item(['b', 'j'])", "drop_item(['b', 'j'])"]
2025-10-22 15:46:08,913 DEBUG - __main__.FilterGoalEXPBFS.single_bfs:
["pick_up(['b', 'j'])", "move_right_with_item(['b', 'j'])", "drop_item(['b', 'j'])", "drop_item(['a', 'i'])"]
2025-10-22 15:46:08,918 DEBUG - __main__.FilterGoalEXPBFS.single_bfs:
["pick_up(['b', 'j'])", "drop_item(['a', 'i'])", "move_right_without_item(['a'])", "drop_item(['b', 'j'])"]
2025-10-22 15:46:08,922 DEBUG - __main__.FilterGoalEXPBFS.single_bfs:
["pick_up(['b', 'j'])", "move_right_with_item(['a', 'i'])", "drop_item(['a', 'i'])", "drop_item(['b', 'j'])"]
2025-10-22 15:46:08,950 DEBUG - __main__.FilterGoalEXPBFS.single_bfs:
Own Goals of agent a:
  Condition(['a'] hold_by ['i', 'a'] = 1)
  Condition(['a'] hold_by ['j', 'b'] = 1)
)
2025-10-22 15:46:08,950 DEBUG - __main__.FilterGoalEXPBFS.single_bfs:
Own Goals of agent b:
  Condition(['b'] hold_by ['j', 'b'] = 0)
  Condition(['b', 'a'] hold_by ['j', 'b'] = 1)
)
2025-10-22 15:46:08,960 DEBUG - __main__.FilterGoalEXPBFS.single_bfs:
["pick_up(['b', 'j'])", "move_right_with_item(['a', 'i'])", "drop_item(['b', 'j'])"]
2025-10-22 15:46:08,960 DEBUG - __main__.FilterGoalEXPBFS.single_bfs:
["pick_up(['b', 'j'])", "move_right_with_item(['b', 'j'])", "drop_item(['b', 'j'])"]
2025-10-22 15:46:08,974 DEBUG - __main__.FilterGoalEXPBFS.single_bfs:
Own Goals of agent a:
  Condition(['a', 'b'] hold_by ['j', 'b'] = 1)
)
2025-10-22 15:46:08,974 DEBUG - __main__.FilterGoalEXPBFS.single_bfs:
Own Goals of agent b:
  Condition(['b'] hold_by ['j', 'b'] = 0)
  Condition(['b', 'a'] hold_by ['j', 'b'] = 1)
)
2025-10-22 15:46:08,986 DEBUG - __main__.FilterGoalEXPBFS.single_bfs:
["pick_up(['b', 'j'])", "move_right_with_item(['b', 'j'])", "drop_item(['b', 'j'])"]
2025-10-22 15:46:08,986 DEBUG - __main__.FilterGoalEXPBFS.single_bfs:
["pick_up(['b', 'j'])", "move_right_with_item(['a', 'i'])", "drop_item(['b', 'j'])"]
2025-10-22 15:46:09,000 DEBUG - __main__.FilterGoalEXPBFS.single_bfs:
Own Goals of agent a:
  Condition(['a', 'b'] hold_by ['j', 'b'] = 1)
  Condition(['a'] hold_by ['j', 'b'] = 1)
)
2025-10-22 15:46:09,000 DEBUG - __main__.FilterGoalEXPBFS.single_bfs:
Own Goals of agent b:
  Condition(['b'] hold_by ['j', 'b'] = 0)
  Condition(['b', 'a'] hold_by ['j', 'b'] = 1)
)
2025-10-22 15:46:09,010 DEBUG - __main__.FilterGoalEXPBFS.single_bfs:
["pick_up(['b', 'j'])", "move_right_with_item(['a', 'i'])", "drop_item(['b', 'j'])"]
2025-10-22 15:46:09,010 DEBUG - __main__.FilterGoalEXPBFS.single_bfs:
["pick_up(['b', 'j'])", "move_right_with_item(['b', 'j'])", "drop_item(['b', 'j'])"]
2025-10-22 15:46:09,018 DEBUG - __main__.FilterGoalEXPBFS.single_bfs:
Own Goals of agent a:
  Condition(['a', 'b'] hold_by ['j', 'b'] = 1)
  Condition(['a'] hold_by ['i', 'a'] = 0)
)
2025-10-22 15:46:09,018 DEBUG - __main__.FilterGoalEXPBFS.single_bfs:
Own Goals of agent b:
  Condition(['b'] hold_by ['j', 'b'] = 0)
  Condition(['b', 'a'] hold_by ['j', 'b'] = 1)
)
2025-10-22 15:46:09,034 DEBUG - __main__.FilterGoalEXPBFS.single_bfs:
["pick_up(['b', 'j'])", "drop_item(['a', 'i'])", "move_right_with_item(['b', 'j'])", "drop_item(['b', 'j'])"]
2025-10-22 15:46:09,034 DEBUG - __main__.FilterGoalEXPBFS.single_bfs:
["pick_up(['b', 'j'])", "move_right_with_item(['b', 'j'])", "drop_item(['b', 'j'])", "drop_item(['a', 'i'])"]
2025-10-22 15:46:09,040 DEBUG - __main__.FilterGoalEXPBFS.single_bfs:
["pick_up(['b', 'j'])", "drop_item(['a', 'i'])", "move_right_without_item(['a'])", "drop_item(['b', 'j'])"]
2025-10-22 15:46:09,045 DEBUG - __main__.FilterGoalEXPBFS.single_bfs:
["pick_up(['b', 'j'])", "move_right_with_item(['a', 'i'])", "drop_item(['a', 'i'])", "drop_item(['b', 'j'])"]
2025-10-22 15:46:09,074 DEBUG - __main__.FilterGoalEXPBFS.single_bfs:
Own Goals of agent a:
  Condition(['a', 'b'] hold_by ['j', 'b'] = 1)
  Condition(['a'] hold_by ['i', 'a'] = 1)
)
2025-10-22 15:46:09,074 DEBUG - __main__.FilterGoalEXPBFS.single_bfs:
Own Goals of agent b:
  Condition(['b'] hold_by ['j', 'b'] = 0)
  Condition(['b', 'a'] hold_by ['j', 'b'] = 1)
)
2025-10-22 15:46:09,085 DEBUG - __main__.FilterGoalEXPBFS.single_bfs:
["pick_up(['b', 'j'])", "move_right_with_item(['a', 'i'])", "drop_item(['b', 'j'])"]
2025-10-22 15:46:09,085 DEBUG - __main__.FilterGoalEXPBFS.single_bfs:
["pick_up(['b', 'j'])", "move_right_with_item(['b', 'j'])", "drop_item(['b', 'j'])"]
2025-10-22 15:46:09,100 DEBUG - __main__.FilterGoalEXPBFS.single_bfs:
Own Goals of agent a:
  Condition(['a', 'b'] hold_by ['i', 'a'] = 0)
  Condition(['a'] hold_by ['j', 'b'] = 1)
)
2025-10-22 15:46:09,100 DEBUG - __main__.FilterGoalEXPBFS.single_bfs:
Own Goals of agent b:
  Condition(['b'] hold_by ['j', 'b'] = 0)
  Condition(['b', 'a'] hold_by ['j', 'b'] = 1)
)
2025-10-22 15:46:09,113 DEBUG - __main__.FilterGoalEXPBFS.single_bfs:
["pick_up(['b', 'j'])", "drop_item(['a', 'i'])", "move_right_with_item(['b', 'j'])", "drop_item(['b', 'j'])"]
2025-10-22 15:46:09,119 DEBUG - __main__.FilterGoalEXPBFS.single_bfs:
["pick_up(['b', 'j'])", "drop_item(['a', 'i'])", "move_right_without_item(['a'])", "drop_item(['b', 'j'])"]
2025-10-22 15:46:09,148 DEBUG - __main__.FilterGoalEXPBFS.single_bfs:
Own Goals of agent a:
  Condition(['a', 'b'] hold_by ['i', 'a'] = 0)
  Condition(['a'] hold_by ['i', 'a'] = 1)
)
2025-10-22 15:46:09,148 DEBUG - __main__.FilterGoalEXPBFS.single_bfs:
Own Goals of agent b:
  Condition(['b'] hold_by ['j', 'b'] = 0)
  Condition(['b', 'a'] hold_by ['j', 'b'] = 1)
)
2025-10-22 15:46:09,190 DEBUG - __main__.FilterGoalEXPBFS.single_bfs:
["pick_up(['b', 'j'])", "drop_item(['a', 'i'])", "move_right_with_item(['b', 'j'])", "pick_up(['a', 'i'])", "drop_item(['b', 'j'])"]
2025-10-22 15:46:09,287 DEBUG - __main__.FilterGoalEXPBFS.single_bfs:
Own Goals of agent a:
  Condition(['a', 'b'] hold_by ['i', 'a'] = 0)
  Condition(['a', 'b'] hold_by ['j', 'b'] = 1)
)
2025-10-22 15:46:09,288 DEBUG - __main__.FilterGoalEXPBFS.single_bfs:
Own Goals of agent b:
  Condition(['b'] hold_by ['j', 'b'] = 0)
  Condition(['b', 'a'] hold_by ['j', 'b'] = 1)
)
2025-10-22 15:46:09,302 DEBUG - __main__.FilterGoalEXPBFS.single_bfs:
["pick_up(['b', 'j'])", "drop_item(['a', 'i'])", "move_right_with_item(['b', 'j'])", "drop_item(['b', 'j'])"]
2025-10-22 15:46:09,308 DEBUG - __main__.FilterGoalEXPBFS.single_bfs:
["pick_up(['b', 'j'])", "drop_item(['a', 'i'])", "move_right_without_item(['a'])", "drop_item(['b', 'j'])"]
2025-10-22 15:46:09,338 DEBUG - __main__.FilterGoalEXPBFS.single_bfs:
Own Goals of agent a:
  Condition(['a', 'b'] hold_by ['i', 'a'] = 1)
  Condition(['a'] hold_by ['j', 'b'] = 1)
)
2025-10-22 15:46:09,338 DEBUG - __main__.FilterGoalEXPBFS.single_bfs:
Own Goals of agent b:
  Condition(['b'] hold_by ['j', 'b'] = 0)
  Condition(['b', 'a'] hold_by ['j', 'b'] = 1)
)
2025-10-22 15:46:09,349 DEBUG - __main__.FilterGoalEXPBFS.single_bfs:
["pick_up(['b', 'j'])", "move_right_with_item(['a', 'i'])", "drop_item(['b', 'j'])"]
2025-10-22 15:46:09,349 DEBUG - __main__.FilterGoalEXPBFS.single_bfs:
["pick_up(['b', 'j'])", "move_right_with_item(['b', 'j'])", "drop_item(['b', 'j'])"]
2025-10-22 15:46:09,358 DEBUG - __main__.FilterGoalEXPBFS.single_bfs:
Own Goals of agent a:
  Condition(['a', 'b'] hold_by ['i', 'a'] = 1)
  Condition(['a'] hold_by ['i', 'a'] = 0)
)
2025-10-22 15:46:09,358 DEBUG - __main__.FilterGoalEXPBFS.single_bfs:
Own Goals of agent b:
  Condition(['b'] hold_by ['j', 'b'] = 0)
  Condition(['b', 'a'] hold_by ['j', 'b'] = 1)
)
2025-10-22 15:46:09,383 DEBUG - __main__.FilterGoalEXPBFS.single_bfs:
["pick_up(['b', 'j'])", "move_right_with_item(['b', 'j'])", "drop_item(['a', 'i'])", "drop_item(['b', 'j'])"]
2025-10-22 15:46:09,390 DEBUG - __main__.FilterGoalEXPBFS.single_bfs:
["pick_up(['b', 'j'])", "move_right_with_item(['a', 'i'])", "drop_item(['a', 'i'])", "drop_item(['b', 'j'])"]
2025-10-22 15:46:09,417 DEBUG - __main__.FilterGoalEXPBFS.single_bfs:
Own Goals of agent a:
  Condition(['a', 'b'] hold_by ['i', 'a'] = 1)
  Condition(['a', 'b'] hold_by ['j', 'b'] = 1)
)
2025-10-22 15:46:09,417 DEBUG - __main__.FilterGoalEXPBFS.single_bfs:
Own Goals of agent b:
  Condition(['b'] hold_by ['j', 'b'] = 0)
  Condition(['b', 'a'] hold_by ['j', 'b'] = 1)
)
2025-10-22 15:46:09,428 DEBUG - __main__.FilterGoalEXPBFS.single_bfs:
["pick_up(['b', 'j'])", "move_right_with_item(['a', 'i'])", "drop_item(['b', 'j'])"]
2025-10-22 15:46:09,429 DEBUG - __main__.FilterGoalEXPBFS.single_bfs:
["pick_up(['b', 'j'])", "move_right_with_item(['b', 'j'])", "drop_item(['b', 'j'])"]
2025-10-22 15:46:09,437 INFO - __main__.FilterGoalEXPBFS.bfs:
Models: 13, Exapnds: 572, 0.987ms/expand
2025-10-22 15:46:09,438 INFO - __main__.FilterGoalEXPBFS.get_policy:
[("pick_up(['b', 'j'])", 29)]
{'a': 9, 'b': 13}
2025-10-22 15:46:09,438 INFO - __main__.Model.simulate:
b takes action: pick_up(['b', 'j'])
2025-10-22 15:46:09,438 DEBUG - __main__.FilterGoalEXPBFS.single_bfs:
Own Goals of agent a:
  Condition(['a'] hold_by ['i', 'a'] = 0)
  Condition(['a', 'b'] hold_by ['i', 'a'] = 1)
)
2025-10-22 15:46:09,438 DEBUG - __main__.FilterGoalEXPBFS.single_bfs:
Own Goals of agent b:
  Condition(['b', 'a'] hold_by ['j', 'b'] = 0)
  Condition(['b'] hold_by ['j', 'b'] = 1)
)
2025-10-22 15:46:09,489 DEBUG - __main__.FilterGoalEXPBFS.single_bfs:
["stay(['a'])", "drop_item(['b', 'j'])", "move_right_with_item(['a', 'i'])", "drop_item(['a', 'i'])", "pick_up(['b', 'j'])"]
2025-10-22 15:46:09,561 DEBUG - __main__.FilterGoalEXPBFS.single_bfs:
Own Goals of agent a:
  Condition(['a'] hold_by ['i', 'a'] = 0)
  Condition(['a', 'b'] hold_by ['i', 'a'] = 1)
)
2025-10-22 15:46:09,561 DEBUG - __main__.FilterGoalEXPBFS.single_bfs:
Own Goals of agent b:
  Condition(['b', 'a'] hold_by ['j', 'b'] = 1)
  Condition(['b'] hold_by ['j', 'b'] = 0)
)
2025-10-22 15:46:09,574 DEBUG - __main__.FilterGoalEXPBFS.single_bfs:
["move_right_with_item(['a', 'i'])", "drop_item(['b', 'j'])", "drop_item(['a', 'i'])"]
2025-10-22 15:46:09,594 INFO - __main__.FilterGoalEXPBFS.bfs:
Models: 2, Exapnds: 131, 1.188ms/expand
2025-10-22 15:46:09,594 INFO - __main__.FilterGoalEXPBFS.get_policy:
[("stay(['a'])", 1), ("move_right_with_item(['a', 'i'])", 1)]
{'a': 2, 'b': 6}
2025-10-22 15:46:09,594 INFO - __main__.Model.simulate:
a takes action: move_right_with_item(['a', 'i'])
2025-10-22 15:46:09,595 DEBUG - __main__.FilterGoalEXPBFS.single_bfs:
Own Goals of agent a:
  Condition(['a'] hold_by ['i', 'a'] = 0)
  Condition(['a'] hold_by ['j', 'b'] = 1)
)
2025-10-22 15:46:09,595 DEBUG - __main__.FilterGoalEXPBFS.single_bfs:
Own Goals of agent b:
  Condition(['b'] hold_by ['j', 'b'] = 0)
  Condition(['b', 'a'] hold_by ['j', 'b'] = 1)
)
2025-10-22 15:46:09,599 DEBUG - __main__.FilterGoalEXPBFS.single_bfs:
["drop_item(['b', 'j'])", "drop_item(['a', 'i'])"]
2025-10-22 15:46:09,609 DEBUG - __main__.FilterGoalEXPBFS.single_bfs:
Own Goals of agent a:
  Condition(['a', 'b'] hold_by ['j', 'b'] = 1)
  Condition(['a'] hold_by ['i', 'a'] = 0)
)
2025-10-22 15:46:09,609 DEBUG - __main__.FilterGoalEXPBFS.single_bfs:
Own Goals of agent b:
  Condition(['b'] hold_by ['j', 'b'] = 0)
  Condition(['b', 'a'] hold_by ['j', 'b'] = 1)
)
2025-10-22 15:46:09,613 DEBUG - __main__.FilterGoalEXPBFS.single_bfs:
["drop_item(['b', 'j'])", "drop_item(['a', 'i'])"]
2025-10-22 15:46:09,627 DEBUG - __main__.FilterGoalEXPBFS.single_bfs:
Own Goals of agent a:
  Condition(['a', 'b'] hold_by ['i', 'a'] = 0)
  Condition(['a'] hold_by ['j', 'b'] = 1)
)
2025-10-22 15:46:09,627 DEBUG - __main__.FilterGoalEXPBFS.single_bfs:
Own Goals of agent b:
  Condition(['b'] hold_by ['j', 'b'] = 0)
  Condition(['b', 'a'] hold_by ['j', 'b'] = 1)
)
2025-10-22 15:46:09,652 DEBUG - __main__.FilterGoalEXPBFS.single_bfs:
["move_right_with_item(['b', 'j'])", "drop_item(['a', 'i'])", "move_left_with_item(['b', 'j'])", "drop_item(['b', 'j'])"]
2025-10-22 15:46:09,652 DEBUG - __main__.FilterGoalEXPBFS.single_bfs:
["move_right_with_item(['b', 'j'])", "drop_item(['a', 'i'])", "move_left_without_item(['a'])", "drop_item(['b', 'j'])"]
2025-10-22 15:46:09,666 DEBUG - __main__.FilterGoalEXPBFS.single_bfs:
Own Goals of agent a:
  Condition(['a', 'b'] hold_by ['i', 'a'] = 0)
  Condition(['a'] hold_by ['i', 'a'] = 1)
)
2025-10-22 15:46:09,666 DEBUG - __main__.FilterGoalEXPBFS.single_bfs:
Own Goals of agent b:
  Condition(['b'] hold_by ['j', 'b'] = 0)
  Condition(['b', 'a'] hold_by ['j', 'b'] = 1)
)
2025-10-22 15:46:09,723 DEBUG - __main__.FilterGoalEXPBFS.single_bfs:
["move_right_with_item(['b', 'j'])", "drop_item(['a', 'i'])", "move_left_with_item(['b', 'j'])", "drop_item(['b', 'j'])", "pick_up(['a', 'i'])"]
2025-10-22 15:46:09,813 DEBUG - __main__.FilterGoalEXPBFS.single_bfs:
Own Goals of agent a:
  Condition(['a', 'b'] hold_by ['i', 'a'] = 0)
  Condition(['a', 'b'] hold_by ['j', 'b'] = 1)
)
2025-10-22 15:46:09,813 DEBUG - __main__.FilterGoalEXPBFS.single_bfs:
Own Goals of agent b:
  Condition(['b'] hold_by ['j', 'b'] = 0)
  Condition(['b', 'a'] hold_by ['j', 'b'] = 1)
)
2025-10-22 15:46:09,840 DEBUG - __main__.FilterGoalEXPBFS.single_bfs:
["move_right_with_item(['b', 'j'])", "drop_item(['a', 'i'])", "move_left_with_item(['b', 'j'])", "drop_item(['b', 'j'])"]
2025-10-22 15:46:09,840 DEBUG - __main__.FilterGoalEXPBFS.single_bfs:
["move_right_with_item(['b', 'j'])", "drop_item(['a', 'i'])", "move_left_without_item(['a'])", "drop_item(['b', 'j'])"]
2025-10-22 15:46:09,854 DEBUG - __main__.FilterGoalEXPBFS.single_bfs:
Own Goals of agent a:
  Condition(['a', 'b'] hold_by ['i', 'a'] = 1)
  Condition(['a'] hold_by ['i', 'a'] = 0)
)
2025-10-22 15:46:09,854 DEBUG - __main__.FilterGoalEXPBFS.single_bfs:
Own Goals of agent b:
  Condition(['b'] hold_by ['j', 'b'] = 0)
  Condition(['b', 'a'] hold_by ['j', 'b'] = 1)
)
2025-10-22 15:46:09,858 DEBUG - __main__.FilterGoalEXPBFS.single_bfs:
["drop_item(['b', 'j'])", "drop_item(['a', 'i'])"]
2025-10-22 15:46:09,879 INFO - __main__.FilterGoalEXPBFS.bfs:
Models: 6, Exapnds: 239, 1.189ms/expand
2025-10-22 15:46:09,879 INFO - __main__.FilterGoalEXPBFS.get_policy:
[("drop_item(['b', 'j'])", 3), ("move_right_with_item(['b', 'j'])", 5)]
{'a': 2, 'b': 6}
2025-10-22 15:46:09,879 INFO - __main__.Model.simulate:
b takes action: move_right_with_item(['b', 'j'])
2025-10-22 15:46:09,880 DEBUG - __main__.FilterGoalEXPBFS.single_bfs:
Own Goals of agent a:
  Condition(['a'] hold_by ['i', 'a'] = 0)
  Condition(['a', 'b'] hold_by ['i', 'a'] = 1)
)
2025-10-22 15:46:09,880 DEBUG - __main__.FilterGoalEXPBFS.single_bfs:
Own Goals of agent b:
  Condition(['b', 'a'] hold_by ['j', 'b'] = 0)
  Condition(['b'] hold_by ['j', 'b'] = 1)
)
2025-10-22 15:46:09,951 DEBUG - __main__.FilterGoalEXPBFS.single_bfs:
["stay(['a'])", "drop_item(['b', 'j'])", "move_left_with_item(['a', 'i'])", "drop_item(['a', 'i'])", "pick_up(['b', 'j'])"]
2025-10-22 15:46:10,023 DEBUG - __main__.FilterGoalEXPBFS.single_bfs:
Own Goals of agent a:
  Condition(['a'] hold_by ['i', 'a'] = 0)
  Condition(['a', 'b'] hold_by ['i', 'a'] = 1)
)
2025-10-22 15:46:10,023 DEBUG - __main__.FilterGoalEXPBFS.single_bfs:
Own Goals of agent b:
  Condition(['b', 'a'] hold_by ['j', 'b'] = 1)
  Condition(['b'] hold_by ['j', 'b'] = 0)
)
2025-10-22 15:46:10,038 DEBUG - __main__.FilterGoalEXPBFS.single_bfs:
["move_left_with_item(['a', 'i'])", "drop_item(['b', 'j'])", "drop_item(['a', 'i'])"]
2025-10-22 15:46:10,058 INFO - __main__.FilterGoalEXPBFS.bfs:
Models: 2, Exapnds: 128, 1.388ms/expand
2025-10-22 15:46:10,058 INFO - __main__.FilterGoalEXPBFS.get_policy:
[("stay(['a'])", 1), ("move_left_with_item(['a', 'i'])", 1)]
{'a': 2, 'b': 6}
2025-10-22 15:46:10,058 INFO - __main__.Model.simulate:
a takes action: move_left_with_item(['a', 'i'])
2025-10-22 15:46:10,059 DEBUG - __main__.FilterGoalEXPBFS.single_bfs:
Own Goals of agent a:
  Condition(['a'] hold_by ['i', 'a'] = 0)
  Condition(['a'] hold_by ['j', 'b'] = 1)
)
2025-10-22 15:46:10,059 DEBUG - __main__.FilterGoalEXPBFS.single_bfs:
Own Goals of agent b:
  Condition(['b'] hold_by ['j', 'b'] = 0)
  Condition(['b', 'a'] hold_by ['j', 'b'] = 1)
)
2025-10-22 15:46:10,063 DEBUG - __main__.FilterGoalEXPBFS.single_bfs:
["drop_item(['b', 'j'])", "drop_item(['a', 'i'])"]
2025-10-22 15:46:10,072 DEBUG - __main__.FilterGoalEXPBFS.single_bfs:
Own Goals of agent a:
  Condition(['a', 'b'] hold_by ['j', 'b'] = 1)
  Condition(['a'] hold_by ['i', 'a'] = 0)
)
2025-10-22 15:46:10,072 DEBUG - __main__.FilterGoalEXPBFS.single_bfs:
Own Goals of agent b:
  Condition(['b'] hold_by ['j', 'b'] = 0)
  Condition(['b', 'a'] hold_by ['j', 'b'] = 1)
)
2025-10-22 15:46:10,077 DEBUG - __main__.FilterGoalEXPBFS.single_bfs:
["drop_item(['b', 'j'])", "drop_item(['a', 'i'])"]
2025-10-22 15:46:10,086 DEBUG - __main__.FilterGoalEXPBFS.single_bfs:
Own Goals of agent a:
  Condition(['a', 'b'] hold_by ['i', 'a'] = 0)
  Condition(['a'] hold_by ['j', 'b'] = 1)
)
2025-10-22 15:46:10,086 DEBUG - __main__.FilterGoalEXPBFS.single_bfs:
Own Goals of agent b:
  Condition(['b'] hold_by ['j', 'b'] = 0)
  Condition(['b', 'a'] hold_by ['j', 'b'] = 1)
)
2025-10-22 15:46:10,165 DEBUG - __main__.FilterGoalEXPBFS.single_bfs:
["move_left_with_item(['b', 'j'])", "move_right_with_item(['a', 'i'])", "drop_item(['a', 'i'])", "move_left_without_item(['a'])", "move_right_with_item(['b', 'j'])", "drop_item(['b', 'j'])"]
2025-10-22 15:46:10,172 DEBUG - __main__.FilterGoalEXPBFS.single_bfs:
["drop_item(['b', 'j'])", "drop_item(['a', 'i'])", "pick_up(['b', 'j'])", "move_left_with_item(['b', 'j'])", "move_right_with_item(['b', 'j'])", "drop_item(['b', 'j'])"]
2025-10-22 15:46:10,207 DEBUG - __main__.FilterGoalEXPBFS.single_bfs:
["move_left_with_item(['b', 'j'])", "move_right_with_item(['a', 'i'])", "drop_item(['a', 'i'])", "move_right_with_item(['b', 'j'])", "move_left_with_item(['b', 'j'])", "drop_item(['b', 'j'])"]
2025-10-22 15:46:10,208 DEBUG - __main__.FilterGoalEXPBFS.single_bfs:
["drop_item(['b', 'j'])", "drop_item(['a', 'i'])", "move_right_without_item(['a'])", "pick_up(['b', 'j'])", "move_left_without_item(['a'])", "drop_item(['b', 'j'])"]
2025-10-22 15:46:10,214 DEBUG - __main__.FilterGoalEXPBFS.single_bfs:
["drop_item(['b', 'j'])", "drop_item(['a', 'i'])", "pick_up(['b', 'j'])", "move_left_with_item(['b', 'j'])", "move_right_without_item(['a'])", "drop_item(['b', 'j'])"]
2025-10-22 15:46:10,214 DEBUG - __main__.FilterGoalEXPBFS.single_bfs:
["move_left_with_item(['b', 'j'])", "move_right_with_item(['a', 'i'])", "drop_item(['a', 'i'])", "move_right_with_item(['b', 'j'])", "move_left_without_item(['a'])", "drop_item(['b', 'j'])"]
2025-10-22 15:46:10,224 DEBUG - __main__.FilterGoalEXPBFS.single_bfs:
["move_left_with_item(['b', 'j'])", "move_right_with_item(['a', 'i'])", "drop_item(['a', 'i'])", "move_left_without_item(['a'])", "move_right_without_item(['a'])", "drop_item(['b', 'j'])"]
2025-10-22 15:46:10,225 DEBUG - __main__.FilterGoalEXPBFS.single_bfs:
["drop_item(['b', 'j'])", "drop_item(['a', 'i'])", "move_right_without_item(['a'])", "pick_up(['b', 'j'])", "move_left_with_item(['b', 'j'])", "drop_item(['b', 'j'])"]
2025-10-22 15:46:10,301 DEBUG - __main__.FilterGoalEXPBFS.single_bfs:
Own Goals of agent a:
  Condition(['a', 'b'] hold_by ['i', 'a'] = 0)
  Condition(['a'] hold_by ['i', 'a'] = 1)
)
2025-10-22 15:46:10,301 DEBUG - __main__.FilterGoalEXPBFS.single_bfs:
Own Goals of agent b:
  Condition(['b'] hold_by ['j', 'b'] = 0)
  Condition(['b', 'a'] hold_by ['j', 'b'] = 1)
)
2025-10-22 15:46:10,439 DEBUG - __main__.FilterGoalEXPBFS.single_bfs:
["stay(['b'])", "drop_item(['a', 'i'])", "move_left_with_item(['b', 'j'])", "move_right_with_item(['b', 'j'])", "pick_up(['a', 'i'])", "drop_item(['b', 'j'])"]
2025-10-22 15:46:10,458 DEBUG - __main__.FilterGoalEXPBFS.single_bfs:
["stay(['b'])", "drop_item(['a', 'i'])", "move_right_without_item(['a'])", "move_left_without_item(['a'])", "drop_item(['b', 'j'])", "pick_up(['a', 'i'])"]
2025-10-22 15:46:10,626 DEBUG - __main__.FilterGoalEXPBFS.single_bfs:
Own Goals of agent a:
  Condition(['a', 'b'] hold_by ['i', 'a'] = 0)
  Condition(['a', 'b'] hold_by ['j', 'b'] = 1)
)
2025-10-22 15:46:10,626 DEBUG - __main__.FilterGoalEXPBFS.single_bfs:
Own Goals of agent b:
  Condition(['b'] hold_by ['j', 'b'] = 0)
  Condition(['b', 'a'] hold_by ['j', 'b'] = 1)
)
2025-10-22 15:46:10,710 DEBUG - __main__.FilterGoalEXPBFS.single_bfs:
["move_left_with_item(['b', 'j'])", "move_right_with_item(['a', 'i'])", "drop_item(['a', 'i'])", "move_left_without_item(['a'])", "move_right_with_item(['b', 'j'])", "drop_item(['b', 'j'])"]
2025-10-22 15:46:10,718 DEBUG - __main__.FilterGoalEXPBFS.single_bfs:
["drop_item(['b', 'j'])", "drop_item(['a', 'i'])", "pick_up(['b', 'j'])", "move_left_with_item(['b', 'j'])", "move_right_with_item(['b', 'j'])", "drop_item(['b', 'j'])"]
2025-10-22 15:46:10,755 DEBUG - __main__.FilterGoalEXPBFS.single_bfs:
["move_left_with_item(['b', 'j'])", "move_right_with_item(['a', 'i'])", "drop_item(['a', 'i'])", "move_right_with_item(['b', 'j'])", "move_left_with_item(['b', 'j'])", "drop_item(['b', 'j'])"]
2025-10-22 15:46:10,756 DEBUG - __main__.FilterGoalEXPBFS.single_bfs:
["drop_item(['b', 'j'])", "drop_item(['a', 'i'])", "move_right_without_item(['a'])", "pick_up(['b', 'j'])", "move_left_without_item(['a'])", "drop_item(['b', 'j'])"]
2025-10-22 15:46:10,762 DEBUG - __main__.FilterGoalEXPBFS.single_bfs:
["drop_item(['b', 'j'])", "drop_item(['a', 'i'])", "pick_up(['b', 'j'])", "move_left_with_item(['b', 'j'])", "move_right_without_item(['a'])", "drop_item(['b', 'j'])"]
2025-10-22 15:46:10,763 DEBUG - __main__.FilterGoalEXPBFS.single_bfs:
["move_left_with_item(['b', 'j'])", "move_right_with_item(['a', 'i'])", "drop_item(['a', 'i'])", "move_right_with_item(['b', 'j'])", "move_left_without_item(['a'])", "drop_item(['b', 'j'])"]
2025-10-22 15:46:10,773 DEBUG - __main__.FilterGoalEXPBFS.single_bfs:
["move_left_with_item(['b', 'j'])", "move_right_with_item(['a', 'i'])", "drop_item(['a', 'i'])", "move_left_without_item(['a'])", "move_right_without_item(['a'])", "drop_item(['b', 'j'])"]
2025-10-22 15:46:10,773 DEBUG - __main__.FilterGoalEXPBFS.single_bfs:
["drop_item(['b', 'j'])", "drop_item(['a', 'i'])", "move_right_without_item(['a'])", "pick_up(['b', 'j'])", "move_left_with_item(['b', 'j'])", "drop_item(['b', 'j'])"]
2025-10-22 15:46:10,854 DEBUG - __main__.FilterGoalEXPBFS.single_bfs:
Own Goals of agent a:
  Condition(['a', 'b'] hold_by ['i', 'a'] = 1)
  Condition(['a'] hold_by ['i', 'a'] = 0)
)
2025-10-22 15:46:10,854 DEBUG - __main__.FilterGoalEXPBFS.single_bfs:
Own Goals of agent b:
  Condition(['b'] hold_by ['j', 'b'] = 0)
  Condition(['b', 'a'] hold_by ['j', 'b'] = 1)
)
2025-10-22 15:46:10,860 DEBUG - __main__.FilterGoalEXPBFS.single_bfs:
["drop_item(['b', 'j'])", "drop_item(['a', 'i'])"]
2025-10-22 15:46:10,881 INFO - __main__.FilterGoalEXPBFS.bfs:
Models: 6, Exapnds: 493, 1.668ms/expand
2025-10-22 15:46:10,881 INFO - __main__.FilterGoalEXPBFS.get_policy:
[("drop_item(['b', 'j'])", 11), ("move_left_with_item(['b', 'j'])", 8), ("stay(['b'])", 2)]
{'a': 2, 'b': 6}
2025-10-22 15:46:10,881 INFO - __main__.Model.simulate:
b takes action: drop_item(['b', 'j'])
2025-10-22 15:46:10,882 DEBUG - __main__.FilterGoalEXPBFS.single_bfs:
Own Goals of agent a:
  Condition(['a'] hold_by ['i', 'a'] = 0)
  Condition(['a', 'b'] hold_by ['i', 'a'] = 1)
)
2025-10-22 15:46:10,882 DEBUG - __main__.FilterGoalEXPBFS.single_bfs:
Own Goals of agent b:
  Condition(['b', 'a'] hold_by ['j', 'b'] = 0)
  Condition(['b'] hold_by ['j', 'b'] = 1)
)
2025-10-22 15:46:10,956 DEBUG - __main__.FilterGoalEXPBFS.single_bfs:
["move_right_with_item(['a', 'i'])", "drop_item(['b', 'j'])", "move_left_with_item(['a', 'i'])", "drop_item(['a', 'i'])", "pick_up(['b', 'j'])"]
2025-10-22 15:46:11,061 DEBUG - __main__.FilterGoalEXPBFS.single_bfs:
Own Goals of agent a:
  Condition(['a'] hold_by ['i', 'a'] = 0)
  Condition(['a', 'b'] hold_by ['i', 'a'] = 1)
)
2025-10-22 15:46:11,061 DEBUG - __main__.FilterGoalEXPBFS.single_bfs:
Own Goals of agent b:
  Condition(['b', 'a'] hold_by ['j', 'b'] = 1)
  Condition(['b'] hold_by ['j', 'b'] = 0)
)
2025-10-22 15:46:11,066 DEBUG - __main__.FilterGoalEXPBFS.single_bfs:
["drop_item(['a', 'i'])", "drop_item(['b', 'j'])"]
2025-10-22 15:46:11,091 INFO - __main__.FilterGoalEXPBFS.bfs:
Models: 2, Exapnds: 135, 1.544ms/expand
2025-10-22 15:46:11,091 INFO - __main__.FilterGoalEXPBFS.get_policy:
[("move_right_with_item(['a', 'i'])", 1), ("drop_item(['a', 'i'])", 1)]
{'a': 2, 'b': 6}
2025-10-22 15:46:11,091 INFO - __main__.Model.simulate:
a takes action: move_right_with_item(['a', 'i'])
2025-10-22 15:46:11,092 DEBUG - __main__.FilterGoalEXPBFS.single_bfs:
Own Goals of agent a:
  Condition(['a'] hold_by ['i', 'a'] = 0)
  Condition(['a'] hold_by ['j', 'b'] = 1)
)
2025-10-22 15:46:11,092 DEBUG - __main__.FilterGoalEXPBFS.single_bfs:
Own Goals of agent b:
  Condition(['b'] hold_by ['j', 'b'] = 0)
  Condition(['b', 'a'] hold_by ['j', 'b'] = 1)
)
2025-10-22 15:46:11,126 DEBUG - __main__.FilterGoalEXPBFS.single_bfs:
["pick_up(['b', 'j'])", "move_left_with_item(['b', 'j'])", "drop_item(['a', 'i'])", "drop_item(['b', 'j'])"]
2025-10-22 15:46:11,130 DEBUG - __main__.FilterGoalEXPBFS.single_bfs:
["pick_up(['b', 'j'])", "move_left_with_item(['a', 'i'])", "drop_item(['b', 'j'])", "drop_item(['a', 'i'])"]
2025-10-22 15:46:11,181 DEBUG - __main__.FilterGoalEXPBFS.single_bfs:
Own Goals of agent a:
  Condition(['a', 'b'] hold_by ['j', 'b'] = 1)
  Condition(['a'] hold_by ['i', 'a'] = 0)
)
2025-10-22 15:46:11,181 DEBUG - __main__.FilterGoalEXPBFS.single_bfs:
Own Goals of agent b:
  Condition(['b'] hold_by ['j', 'b'] = 0)
  Condition(['b', 'a'] hold_by ['j', 'b'] = 1)
)
2025-10-22 15:46:11,218 DEBUG - __main__.FilterGoalEXPBFS.single_bfs:
["pick_up(['b', 'j'])", "move_left_with_item(['b', 'j'])", "drop_item(['a', 'i'])", "drop_item(['b', 'j'])"]
2025-10-22 15:46:11,222 DEBUG - __main__.FilterGoalEXPBFS.single_bfs:
["pick_up(['b', 'j'])", "move_left_with_item(['a', 'i'])", "drop_item(['b', 'j'])", "drop_item(['a', 'i'])"]
2025-10-22 15:46:11,276 DEBUG - __main__.FilterGoalEXPBFS.single_bfs:
Own Goals of agent a:
  Condition(['a', 'b'] hold_by ['i', 'a'] = 0)
  Condition(['a'] hold_by ['j', 'b'] = 1)
)
2025-10-22 15:46:11,277 DEBUG - __main__.FilterGoalEXPBFS.single_bfs:
Own Goals of agent b:
  Condition(['b'] hold_by ['j', 'b'] = 0)
  Condition(['b', 'a'] hold_by ['j', 'b'] = 1)
)
2025-10-22 15:46:11,343 DEBUG - __main__.FilterGoalEXPBFS.single_bfs:
["stay(['b'])", "drop_item(['a', 'i'])", "pick_up(['b', 'j'])", "move_left_with_item(['b', 'j'])", "drop_item(['b', 'j'])"]
2025-10-22 15:46:11,378 DEBUG - __main__.FilterGoalEXPBFS.single_bfs:
["stay(['b'])", "drop_item(['a', 'i'])", "pick_up(['b', 'j'])", "move_left_without_item(['a'])", "drop_item(['b', 'j'])"]
2025-10-22 15:46:11,413 DEBUG - __main__.FilterGoalEXPBFS.single_bfs:
Own Goals of agent a:
  Condition(['a', 'b'] hold_by ['i', 'a'] = 0)
  Condition(['a'] hold_by ['i', 'a'] = 1)
)
2025-10-22 15:46:11,413 DEBUG - __main__.FilterGoalEXPBFS.single_bfs:
Own Goals of agent b:
  Condition(['b'] hold_by ['j', 'b'] = 0)
  Condition(['b', 'a'] hold_by ['j', 'b'] = 1)
)
2025-10-22 15:46:11,593 DEBUG - __main__.FilterGoalEXPBFS.single_bfs:
["stay(['b'])", "drop_item(['a', 'i'])", "pick_up(['b', 'j'])", "move_left_with_item(['b', 'j'])", "pick_up(['a', 'i'])", "drop_item(['b', 'j'])"]
2025-10-22 15:46:11,684 DEBUG - __main__.FilterGoalEXPBFS.single_bfs:
Own Goals of agent a:
  Condition(['a', 'b'] hold_by ['i', 'a'] = 0)
  Condition(['a', 'b'] hold_by ['j', 'b'] = 1)
)
2025-10-22 15:46:11,684 DEBUG - __main__.FilterGoalEXPBFS.single_bfs:
Own Goals of agent b:
  Condition(['b'] hold_by ['j', 'b'] = 0)
  Condition(['b', 'a'] hold_by ['j', 'b'] = 1)
)
2025-10-22 15:46:11,755 DEBUG - __main__.FilterGoalEXPBFS.single_bfs:
["stay(['b'])", "drop_item(['a', 'i'])", "pick_up(['b', 'j'])", "move_left_with_item(['b', 'j'])", "drop_item(['b', 'j'])"]
2025-10-22 15:46:11,791 DEBUG - __main__.FilterGoalEXPBFS.single_bfs:
["stay(['b'])", "drop_item(['a', 'i'])", "pick_up(['b', 'j'])", "move_left_without_item(['a'])", "drop_item(['b', 'j'])"]
2025-10-22 15:46:11,828 DEBUG - __main__.FilterGoalEXPBFS.single_bfs:
Own Goals of agent a:
  Condition(['a', 'b'] hold_by ['i', 'a'] = 1)
  Condition(['a'] hold_by ['i', 'a'] = 0)
)
2025-10-22 15:46:11,828 DEBUG - __main__.FilterGoalEXPBFS.single_bfs:
Own Goals of agent b:
  Condition(['b'] hold_by ['j', 'b'] = 0)
  Condition(['b', 'a'] hold_by ['j', 'b'] = 1)
)
2025-10-22 15:46:11,870 DEBUG - __main__.FilterGoalEXPBFS.single_bfs:
["pick_up(['b', 'j'])", "move_left_with_item(['b', 'j'])", "drop_item(['b', 'j'])", "drop_item(['a', 'i'])"]
2025-10-22 15:46:11,871 DEBUG - __main__.FilterGoalEXPBFS.single_bfs:
["pick_up(['b', 'j'])", "move_left_with_item(['a', 'i'])", "drop_item(['b', 'j'])", "drop_item(['a', 'i'])"]
2025-10-22 15:46:11,967 INFO - __main__.FilterGoalEXPBFS.bfs:
Models: 6, Exapnds: 503, 1.738ms/expand
2025-10-22 15:46:11,967 INFO - __main__.FilterGoalEXPBFS.get_policy:
[("pick_up(['b', 'j'])", 6), ("stay(['b'])", 5)]
{'a': 2, 'b': 6}
2025-10-22 15:46:11,967 INFO - __main__.Model.simulate:
b takes action: pick_up(['b', 'j'])
2025-10-22 15:46:11,968 DEBUG - __main__.FilterGoalEXPBFS.single_bfs:
Own Goals of agent a:
  Condition(['a'] hold_by ['i', 'a'] = 0)
  Condition(['a', 'b'] hold_by ['i', 'a'] = 1)
)
2025-10-22 15:46:11,968 DEBUG - __main__.FilterGoalEXPBFS.single_bfs:
Own Goals of agent b:
  Condition(['b', 'a'] hold_by ['j', 'b'] = 0)
  Condition(['b'] hold_by ['j', 'b'] = 1)
)
2025-10-22 15:46:12,048 DEBUG - __main__.FilterGoalEXPBFS.single_bfs:
["stay(['a'])", "drop_item(['b', 'j'])", "move_left_with_item(['a', 'i'])", "drop_item(['a', 'i'])", "pick_up(['b', 'j'])"]
2025-10-22 15:46:12,172 DEBUG - __main__.FilterGoalEXPBFS.single_bfs:
Own Goals of agent a:
  Condition(['a'] hold_by ['i', 'a'] = 0)
  Condition(['a', 'b'] hold_by ['i', 'a'] = 1)
)
2025-10-22 15:46:12,172 DEBUG - __main__.FilterGoalEXPBFS.single_bfs:
Own Goals of agent b:
  Condition(['b', 'a'] hold_by ['j', 'b'] = 1)
  Condition(['b'] hold_by ['j', 'b'] = 0)
)
2025-10-22 15:46:12,193 DEBUG - __main__.FilterGoalEXPBFS.single_bfs:
["move_left_with_item(['a', 'i'])", "drop_item(['b', 'j'])", "drop_item(['a', 'i'])"]
2025-10-22 15:46:12,225 INFO - __main__.FilterGoalEXPBFS.bfs:
Models: 2, Exapnds: 138, 1.864ms/expand
2025-10-22 15:46:12,225 INFO - __main__.FilterGoalEXPBFS.get_policy:
[("stay(['a'])", 1), ("move_left_with_item(['a', 'i'])", 1)]
{'a': 2, 'b': 6}
2025-10-22 15:46:12,225 INFO - __main__.Model.simulate:
a takes action: move_left_with_item(['a', 'i'])
2025-10-22 15:46:12,227 DEBUG - __main__.FilterGoalEXPBFS.single_bfs:
Own Goals of agent a:
  Condition(['a'] hold_by ['i', 'a'] = 0)
  Condition(['a'] hold_by ['j', 'b'] = 1)
)
2025-10-22 15:46:12,227 DEBUG - __main__.FilterGoalEXPBFS.single_bfs:
Own Goals of agent b:
  Condition(['b'] hold_by ['j', 'b'] = 0)
  Condition(['b', 'a'] hold_by ['j', 'b'] = 1)
)
2025-10-22 15:46:12,233 DEBUG - __main__.FilterGoalEXPBFS.single_bfs:
["drop_item(['b', 'j'])", "drop_item(['a', 'i'])"]
2025-10-22 15:46:12,244 DEBUG - __main__.FilterGoalEXPBFS.single_bfs:
Own Goals of agent a:
  Condition(['a', 'b'] hold_by ['j', 'b'] = 1)
  Condition(['a'] hold_by ['i', 'a'] = 0)
)
2025-10-22 15:46:12,244 DEBUG - __main__.FilterGoalEXPBFS.single_bfs:
Own Goals of agent b:
  Condition(['b'] hold_by ['j', 'b'] = 0)
  Condition(['b', 'a'] hold_by ['j', 'b'] = 1)
)
2025-10-22 15:46:12,251 DEBUG - __main__.FilterGoalEXPBFS.single_bfs:
["drop_item(['b', 'j'])", "drop_item(['a', 'i'])"]
2025-10-22 15:46:12,263 DEBUG - __main__.FilterGoalEXPBFS.single_bfs:
Own Goals of agent a:
  Condition(['a', 'b'] hold_by ['i', 'a'] = 0)
  Condition(['a'] hold_by ['j', 'b'] = 1)
)
2025-10-22 15:46:12,263 DEBUG - __main__.FilterGoalEXPBFS.single_bfs:
Own Goals of agent b:
  Condition(['b'] hold_by ['j', 'b'] = 0)
  Condition(['b', 'a'] hold_by ['j', 'b'] = 1)
)
2025-10-22 15:46:12,365 DEBUG - __main__.FilterGoalEXPBFS.single_bfs:
["move_left_with_item(['b', 'j'])", "move_right_with_item(['a', 'i'])", "drop_item(['a', 'i'])", "move_left_without_item(['a'])", "move_right_with_item(['b', 'j'])", "drop_item(['b', 'j'])"]
2025-10-22 15:46:12,374 DEBUG - __main__.FilterGoalEXPBFS.single_bfs:
["drop_item(['b', 'j'])", "drop_item(['a', 'i'])", "pick_up(['b', 'j'])", "move_left_with_item(['b', 'j'])", "move_right_with_item(['b', 'j'])", "drop_item(['b', 'j'])"]
2025-10-22 15:46:12,418 DEBUG - __main__.FilterGoalEXPBFS.single_bfs:
["move_left_with_item(['b', 'j'])", "move_right_with_item(['a', 'i'])", "drop_item(['a', 'i'])", "move_right_with_item(['b', 'j'])", "move_left_with_item(['b', 'j'])", "drop_item(['b', 'j'])"]
2025-10-22 15:46:12,419 DEBUG - __main__.FilterGoalEXPBFS.single_bfs:
["drop_item(['b', 'j'])", "drop_item(['a', 'i'])", "move_right_without_item(['a'])", "pick_up(['b', 'j'])", "move_left_without_item(['a'])", "drop_item(['b', 'j'])"]
2025-10-22 15:46:12,426 DEBUG - __main__.FilterGoalEXPBFS.single_bfs:
["drop_item(['b', 'j'])", "drop_item(['a', 'i'])", "pick_up(['b', 'j'])", "move_left_with_item(['b', 'j'])", "move_right_without_item(['a'])", "drop_item(['b', 'j'])"]
2025-10-22 15:46:12,427 DEBUG - __main__.FilterGoalEXPBFS.single_bfs:
["move_left_with_item(['b', 'j'])", "move_right_with_item(['a', 'i'])", "drop_item(['a', 'i'])", "move_right_with_item(['b', 'j'])", "move_left_without_item(['a'])", "drop_item(['b', 'j'])"]
2025-10-22 15:46:12,439 DEBUG - __main__.FilterGoalEXPBFS.single_bfs:
["move_left_with_item(['b', 'j'])", "move_right_with_item(['a', 'i'])", "drop_item(['a', 'i'])", "move_left_without_item(['a'])", "move_right_without_item(['a'])", "drop_item(['b', 'j'])"]
2025-10-22 15:46:12,440 DEBUG - __main__.FilterGoalEXPBFS.single_bfs:
["drop_item(['b', 'j'])", "drop_item(['a', 'i'])", "move_right_without_item(['a'])", "pick_up(['b', 'j'])", "move_left_with_item(['b', 'j'])", "drop_item(['b', 'j'])"]
2025-10-22 15:46:12,535 DEBUG - __main__.FilterGoalEXPBFS.single_bfs:
Own Goals of agent a:
  Condition(['a', 'b'] hold_by ['i', 'a'] = 0)
  Condition(['a'] hold_by ['i', 'a'] = 1)
)
2025-10-22 15:46:12,535 DEBUG - __main__.FilterGoalEXPBFS.single_bfs:
Own Goals of agent b:
  Condition(['b'] hold_by ['j', 'b'] = 0)
  Condition(['b', 'a'] hold_by ['j', 'b'] = 1)
)
2025-10-22 15:46:12,712 DEBUG - __main__.FilterGoalEXPBFS.single_bfs:
["stay(['b'])", "drop_item(['a', 'i'])", "move_left_with_item(['b', 'j'])", "move_right_with_item(['b', 'j'])", "pick_up(['a', 'i'])", "drop_item(['b', 'j'])"]
2025-10-22 15:46:12,736 DEBUG - __main__.FilterGoalEXPBFS.single_bfs:
["stay(['b'])", "drop_item(['a', 'i'])", "move_right_without_item(['a'])", "move_left_without_item(['a'])", "drop_item(['b', 'j'])", "pick_up(['a', 'i'])"]
2025-10-22 15:46:12,946 DEBUG - __main__.FilterGoalEXPBFS.single_bfs:
Own Goals of agent a:
  Condition(['a', 'b'] hold_by ['i', 'a'] = 0)
  Condition(['a', 'b'] hold_by ['j', 'b'] = 1)
)
2025-10-22 15:46:12,946 DEBUG - __main__.FilterGoalEXPBFS.single_bfs:
Own Goals of agent b:
  Condition(['b'] hold_by ['j', 'b'] = 0)
  Condition(['b', 'a'] hold_by ['j', 'b'] = 1)
)
2025-10-22 15:46:13,055 DEBUG - __main__.FilterGoalEXPBFS.single_bfs:
["move_left_with_item(['b', 'j'])", "move_right_with_item(['a', 'i'])", "drop_item(['a', 'i'])", "move_left_without_item(['a'])", "move_right_with_item(['b', 'j'])", "drop_item(['b', 'j'])"]
2025-10-22 15:46:13,064 DEBUG - __main__.FilterGoalEXPBFS.single_bfs:
["drop_item(['b', 'j'])", "drop_item(['a', 'i'])", "pick_up(['b', 'j'])", "move_left_with_item(['b', 'j'])", "move_right_with_item(['b', 'j'])", "drop_item(['b', 'j'])"]
2025-10-22 15:46:13,111 DEBUG - __main__.FilterGoalEXPBFS.single_bfs:
["move_left_with_item(['b', 'j'])", "move_right_with_item(['a', 'i'])", "drop_item(['a', 'i'])", "move_right_with_item(['b', 'j'])", "move_left_with_item(['b', 'j'])", "drop_item(['b', 'j'])"]
2025-10-22 15:46:13,112 DEBUG - __main__.FilterGoalEXPBFS.single_bfs:
["drop_item(['b', 'j'])", "drop_item(['a', 'i'])", "move_right_without_item(['a'])", "pick_up(['b', 'j'])", "move_left_without_item(['a'])", "drop_item(['b', 'j'])"]
2025-10-22 15:46:13,120 DEBUG - __main__.FilterGoalEXPBFS.single_bfs:
["drop_item(['b', 'j'])", "drop_item(['a', 'i'])", "pick_up(['b', 'j'])", "move_left_with_item(['b', 'j'])", "move_right_without_item(['a'])", "drop_item(['b', 'j'])"]
2025-10-22 15:46:13,121 DEBUG - __main__.FilterGoalEXPBFS.single_bfs:
["move_left_with_item(['b', 'j'])", "move_right_with_item(['a', 'i'])", "drop_item(['a', 'i'])", "move_right_with_item(['b', 'j'])", "move_left_without_item(['a'])", "drop_item(['b', 'j'])"]
2025-10-22 15:46:13,134 DEBUG - __main__.FilterGoalEXPBFS.single_bfs:
["move_left_with_item(['b', 'j'])", "move_right_with_item(['a', 'i'])", "drop_item(['a', 'i'])", "move_left_without_item(['a'])", "move_right_without_item(['a'])", "drop_item(['b', 'j'])"]
2025-10-22 15:46:13,135 DEBUG - __main__.FilterGoalEXPBFS.single_bfs:
["drop_item(['b', 'j'])", "drop_item(['a', 'i'])", "move_right_without_item(['a'])", "pick_up(['b', 'j'])", "move_left_with_item(['b', 'j'])", "drop_item(['b', 'j'])"]
2025-10-22 15:46:13,236 DEBUG - __main__.FilterGoalEXPBFS.single_bfs:
Own Goals of agent a:
  Condition(['a', 'b'] hold_by ['i', 'a'] = 1)
  Condition(['a'] hold_by ['i', 'a'] = 0)
)
2025-10-22 15:46:13,236 DEBUG - __main__.FilterGoalEXPBFS.single_bfs:
Own Goals of agent b:
  Condition(['b'] hold_by ['j', 'b'] = 0)
  Condition(['b', 'a'] hold_by ['j', 'b'] = 1)
)
2025-10-22 15:46:13,243 DEBUG - __main__.FilterGoalEXPBFS.single_bfs:
["drop_item(['b', 'j'])", "drop_item(['a', 'i'])"]
2025-10-22 15:46:13,271 INFO - __main__.FilterGoalEXPBFS.bfs:
Models: 6, Exapnds: 493, 2.118ms/expand
2025-10-22 15:46:13,271 INFO - __main__.FilterGoalEXPBFS.get_policy:
[("drop_item(['b', 'j'])", 11), ("move_left_with_item(['b', 'j'])", 8), ("stay(['b'])", 2)]
{'a': 2, 'b': 6}
2025-10-22 15:46:13,271 INFO - __main__.Model.simulate:
b takes action: drop_item(['b', 'j'])
2025-10-22 15:46:13,273 DEBUG - __main__.FilterGoalEXPBFS.single_bfs:
Own Goals of agent a:
  Condition(['a'] hold_by ['i', 'a'] = 0)
  Condition(['a', 'b'] hold_by ['i', 'a'] = 1)
)
2025-10-22 15:46:13,273 DEBUG - __main__.FilterGoalEXPBFS.single_bfs:
Own Goals of agent b:
  Condition(['b', 'a'] hold_by ['j', 'b'] = 0)
  Condition(['b'] hold_by ['j', 'b'] = 1)
)
2025-10-22 15:46:13,356 DEBUG - __main__.FilterGoalEXPBFS.single_bfs:
["move_right_with_item(['a', 'i'])", "drop_item(['b', 'j'])", "move_left_with_item(['a', 'i'])", "pick_up(['b', 'j'])", "drop_item(['a', 'i'])"]
2025-10-22 15:46:13,453 DEBUG - __main__.FilterGoalEXPBFS.single_bfs:
Own Goals of agent a:
  Condition(['a'] hold_by ['i', 'a'] = 0)
  Condition(['a', 'b'] hold_by ['i', 'a'] = 1)
)
2025-10-22 15:46:13,453 DEBUG - __main__.FilterGoalEXPBFS.single_bfs:
Own Goals of agent b:
  Condition(['b', 'a'] hold_by ['j', 'b'] = 1)
  Condition(['b'] hold_by ['j', 'b'] = 0)
)
2025-10-22 15:46:13,461 DEBUG - __main__.FilterGoalEXPBFS.single_bfs:
["drop_item(['a', 'i'])", "drop_item(['b', 'j'])"]
2025-10-22 15:46:13,491 INFO - __main__.FilterGoalEXPBFS.bfs:
Models: 2, Exapnds: 116, 1.883ms/expand
2025-10-22 15:46:13,491 INFO - __main__.FilterGoalEXPBFS.get_policy:
[("move_right_with_item(['a', 'i'])", 1), ("drop_item(['a', 'i'])", 1)]
{'a': 2, 'b': 6}
2025-10-22 15:46:13,491 INFO - __main__.Model.simulate:
a takes action: move_right_with_item(['a', 'i'])
2025-10-22 15:46:13,493 DEBUG - __main__.FilterGoalEXPBFS.single_bfs:
Own Goals of agent a:
  Condition(['a'] hold_by ['i', 'a'] = 0)
  Condition(['a'] hold_by ['j', 'b'] = 1)
)
2025-10-22 15:46:13,493 DEBUG - __main__.FilterGoalEXPBFS.single_bfs:
Own Goals of agent b:
  Condition(['b'] hold_by ['j', 'b'] = 0)
  Condition(['b', 'a'] hold_by ['j', 'b'] = 1)
)
2025-10-22 15:46:13,537 DEBUG - __main__.FilterGoalEXPBFS.single_bfs:
["pick_up(['b', 'j'])", "move_left_with_item(['b', 'j'])", "drop_item(['a', 'i'])", "drop_item(['b', 'j'])"]
2025-10-22 15:46:13,542 DEBUG - __main__.FilterGoalEXPBFS.single_bfs:
["pick_up(['b', 'j'])", "move_left_with_item(['a', 'i'])", "drop_item(['b', 'j'])", "drop_item(['a', 'i'])"]
2025-10-22 15:46:13,605 DEBUG - __main__.FilterGoalEXPBFS.single_bfs:
Own Goals of agent a:
  Condition(['a', 'b'] hold_by ['j', 'b'] = 1)
  Condition(['a'] hold_by ['i', 'a'] = 0)
)
2025-10-22 15:46:13,605 DEBUG - __main__.FilterGoalEXPBFS.single_bfs:
Own Goals of agent b:
  Condition(['b'] hold_by ['j', 'b'] = 0)
  Condition(['b', 'a'] hold_by ['j', 'b'] = 1)
)
2025-10-22 15:46:13,652 DEBUG - __main__.FilterGoalEXPBFS.single_bfs:
["pick_up(['b', 'j'])", "move_left_with_item(['b', 'j'])", "drop_item(['a', 'i'])", "drop_item(['b', 'j'])"]
2025-10-22 15:46:13,657 DEBUG - __main__.FilterGoalEXPBFS.single_bfs:
["pick_up(['b', 'j'])", "move_left_with_item(['a', 'i'])", "drop_item(['b', 'j'])", "drop_item(['a', 'i'])"]
2025-10-22 15:46:13,724 DEBUG - __main__.FilterGoalEXPBFS.single_bfs:
Own Goals of agent a:
  Condition(['a', 'b'] hold_by ['i', 'a'] = 0)
  Condition(['a'] hold_by ['j', 'b'] = 1)
)
2025-10-22 15:46:13,724 DEBUG - __main__.FilterGoalEXPBFS.single_bfs:
Own Goals of agent b:
  Condition(['b'] hold_by ['j', 'b'] = 0)
  Condition(['b', 'a'] hold_by ['j', 'b'] = 1)
)
2025-10-22 15:46:13,808 DEBUG - __main__.FilterGoalEXPBFS.single_bfs:
["stay(['b'])", "drop_item(['a', 'i'])", "pick_up(['b', 'j'])", "move_left_with_item(['b', 'j'])", "drop_item(['b', 'j'])"]
2025-10-22 15:46:13,851 DEBUG - __main__.FilterGoalEXPBFS.single_bfs:
["stay(['b'])", "drop_item(['a', 'i'])", "pick_up(['b', 'j'])", "move_left_without_item(['a'])", "drop_item(['b', 'j'])"]
2025-10-22 15:46:13,894 DEBUG - __main__.FilterGoalEXPBFS.single_bfs:
Own Goals of agent a:
  Condition(['a', 'b'] hold_by ['i', 'a'] = 0)
  Condition(['a'] hold_by ['i', 'a'] = 1)
)
2025-10-22 15:46:13,894 DEBUG - __main__.FilterGoalEXPBFS.single_bfs:
Own Goals of agent b:
  Condition(['b'] hold_by ['j', 'b'] = 0)
  Condition(['b', 'a'] hold_by ['j', 'b'] = 1)
)
2025-10-22 15:46:14,116 DEBUG - __main__.FilterGoalEXPBFS.single_bfs:
["stay(['b'])", "drop_item(['a', 'i'])", "pick_up(['b', 'j'])", "move_left_with_item(['b', 'j'])", "pick_up(['a', 'i'])", "drop_item(['b', 'j'])"]
2025-10-22 15:46:14,228 DEBUG - __main__.FilterGoalEXPBFS.single_bfs:
Own Goals of agent a:
  Condition(['a', 'b'] hold_by ['i', 'a'] = 0)
  Condition(['a', 'b'] hold_by ['j', 'b'] = 1)
)
2025-10-22 15:46:14,228 DEBUG - __main__.FilterGoalEXPBFS.single_bfs:
Own Goals of agent b:
  Condition(['b'] hold_by ['j', 'b'] = 0)
  Condition(['b', 'a'] hold_by ['j', 'b'] = 1)
)
2025-10-22 15:46:14,316 DEBUG - __main__.FilterGoalEXPBFS.single_bfs:
["stay(['b'])", "drop_item(['a', 'i'])", "pick_up(['b', 'j'])", "move_left_with_item(['b', 'j'])", "drop_item(['b', 'j'])"]
2025-10-22 15:46:14,362 DEBUG - __main__.FilterGoalEXPBFS.single_bfs:
["stay(['b'])", "drop_item(['a', 'i'])", "pick_up(['b', 'j'])", "move_left_without_item(['a'])", "drop_item(['b', 'j'])"]
2025-10-22 15:46:14,408 DEBUG - __main__.FilterGoalEXPBFS.single_bfs:
Own Goals of agent a:
  Condition(['a', 'b'] hold_by ['i', 'a'] = 1)
  Condition(['a'] hold_by ['i', 'a'] = 0)
)
2025-10-22 15:46:14,408 DEBUG - __main__.FilterGoalEXPBFS.single_bfs:
Own Goals of agent b:
  Condition(['b'] hold_by ['j', 'b'] = 0)
  Condition(['b', 'a'] hold_by ['j', 'b'] = 1)
)
2025-10-22 15:46:14,461 DEBUG - __main__.FilterGoalEXPBFS.single_bfs:
["pick_up(['b', 'j'])", "move_left_with_item(['b', 'j'])", "drop_item(['b', 'j'])", "drop_item(['a', 'i'])"]
2025-10-22 15:46:14,462 DEBUG - __main__.FilterGoalEXPBFS.single_bfs:
["pick_up(['b', 'j'])", "move_left_with_item(['a', 'i'])", "drop_item(['b', 'j'])", "drop_item(['a', 'i'])"]
2025-10-22 15:46:14,581 INFO - __main__.FilterGoalEXPBFS.bfs:
Models: 6, Exapnds: 503, 2.162ms/expand
2025-10-22 15:46:14,581 INFO - __main__.FilterGoalEXPBFS.get_policy:
[("pick_up(['b', 'j'])", 6), ("stay(['b'])", 5)]
{'a': 2, 'b': 6}
2025-10-22 15:46:14,581 INFO - __main__.Model.simulate:
b takes action: pick_up(['b', 'j'])
2025-10-22 15:46:14,583 DEBUG - __main__.FilterGoalEXPBFS.single_bfs:
Own Goals of agent a:
  Condition(['a'] hold_by ['i', 'a'] = 0)
  Condition(['a', 'b'] hold_by ['i', 'a'] = 1)
)
2025-10-22 15:46:14,583 DEBUG - __main__.FilterGoalEXPBFS.single_bfs:
Own Goals of agent b:
  Condition(['b', 'a'] hold_by ['j', 'b'] = 0)
  Condition(['b'] hold_by ['j', 'b'] = 1)
)
2025-10-22 15:46:14,682 DEBUG - __main__.FilterGoalEXPBFS.single_bfs:
["stay(['a'])", "drop_item(['b', 'j'])", "move_left_with_item(['a', 'i'])", "drop_item(['a', 'i'])", "pick_up(['b', 'j'])"]
2025-10-22 15:46:14,834 DEBUG - __main__.FilterGoalEXPBFS.single_bfs:
Own Goals of agent a:
  Condition(['a'] hold_by ['i', 'a'] = 0)
  Condition(['a', 'b'] hold_by ['i', 'a'] = 1)
)
2025-10-22 15:46:14,834 DEBUG - __main__.FilterGoalEXPBFS.single_bfs:
Own Goals of agent b:
  Condition(['b', 'a'] hold_by ['j', 'b'] = 1)
  Condition(['b'] hold_by ['j', 'b'] = 0)
)
2025-10-22 15:46:14,860 DEBUG - __main__.FilterGoalEXPBFS.single_bfs:
["move_left_with_item(['a', 'i'])", "drop_item(['b', 'j'])", "drop_item(['a', 'i'])"]
2025-10-22 15:46:14,900 INFO - __main__.FilterGoalEXPBFS.bfs:
Models: 2, Exapnds: 138, 2.299ms/expand
2025-10-22 15:46:14,900 INFO - __main__.FilterGoalEXPBFS.get_policy:
[("stay(['a'])", 1), ("move_left_with_item(['a', 'i'])", 1)]
{'a': 2, 'b': 6}
2025-10-22 15:46:14,900 INFO - __main__.Model.simulate:
a takes action: stay(['a'])
2025-10-22 15:46:14,902 DEBUG - __main__.FilterGoalEXPBFS.single_bfs:
Own Goals of agent a:
  Condition(['a'] hold_by ['i', 'a'] = 0)
  Condition(['a'] hold_by ['j', 'b'] = 1)
)
2025-10-22 15:46:14,902 DEBUG - __main__.FilterGoalEXPBFS.single_bfs:
Own Goals of agent b:
  Condition(['b'] hold_by ['j', 'b'] = 0)
  Condition(['b', 'a'] hold_by ['j', 'b'] = 1)
)
2025-10-22 15:46:14,921 DEBUG - __main__.FilterGoalEXPBFS.single_bfs:
["move_left_with_item(['b', 'j'])", "drop_item(['a', 'i'])", "drop_item(['b', 'j'])"]
2025-10-22 15:46:14,952 DEBUG - __main__.FilterGoalEXPBFS.single_bfs:
Own Goals of agent a:
  Condition(['a', 'b'] hold_by ['j', 'b'] = 1)
  Condition(['a'] hold_by ['i', 'a'] = 0)
)
2025-10-22 15:46:14,952 DEBUG - __main__.FilterGoalEXPBFS.single_bfs:
Own Goals of agent b:
  Condition(['b'] hold_by ['j', 'b'] = 0)
  Condition(['b', 'a'] hold_by ['j', 'b'] = 1)
)
2025-10-22 15:46:14,973 DEBUG - __main__.FilterGoalEXPBFS.single_bfs:
["move_left_with_item(['b', 'j'])", "drop_item(['a', 'i'])", "drop_item(['b', 'j'])"]
2025-10-22 15:46:15,009 DEBUG - __main__.FilterGoalEXPBFS.single_bfs:
Own Goals of agent a:
  Condition(['a', 'b'] hold_by ['i', 'a'] = 0)
  Condition(['a'] hold_by ['j', 'b'] = 1)
)
2025-10-22 15:46:15,009 DEBUG - __main__.FilterGoalEXPBFS.single_bfs:
Own Goals of agent b:
  Condition(['b'] hold_by ['j', 'b'] = 0)
  Condition(['b', 'a'] hold_by ['j', 'b'] = 1)
)
2025-10-22 15:46:15,097 DEBUG - __main__.FilterGoalEXPBFS.single_bfs:
["move_left_with_item(['b', 'j'])", "drop_item(['a', 'i'])", "move_left_without_item(['a'])", "move_right_with_item(['b', 'j'])", "drop_item(['b', 'j'])"]
2025-10-22 15:46:15,098 DEBUG - __main__.FilterGoalEXPBFS.single_bfs:
["move_left_with_item(['b', 'j'])", "drop_item(['a', 'i'])", "move_right_with_item(['b', 'j'])", "move_left_without_item(['a'])", "drop_item(['b', 'j'])"]
2025-10-22 15:46:15,104 DEBUG - __main__.FilterGoalEXPBFS.single_bfs:
["move_left_with_item(['b', 'j'])", "drop_item(['a', 'i'])", "move_right_with_item(['b', 'j'])", "move_left_with_item(['b', 'j'])", "drop_item(['b', 'j'])"]
2025-10-22 15:46:15,115 DEBUG - __main__.FilterGoalEXPBFS.single_bfs:
["move_left_with_item(['b', 'j'])", "drop_item(['a', 'i'])", "move_left_without_item(['a'])", "move_right_without_item(['a'])", "drop_item(['b', 'j'])"]
2025-10-22 15:46:15,210 DEBUG - __main__.FilterGoalEXPBFS.single_bfs:
Own Goals of agent a:
  Condition(['a', 'b'] hold_by ['i', 'a'] = 0)
  Condition(['a'] hold_by ['i', 'a'] = 1)
)
2025-10-22 15:46:15,210 DEBUG - __main__.FilterGoalEXPBFS.single_bfs:
Own Goals of agent b:
  Condition(['b'] hold_by ['j', 'b'] = 0)
  Condition(['b', 'a'] hold_by ['j', 'b'] = 1)
)
2025-10-22 15:46:15,419 DEBUG - __main__.FilterGoalEXPBFS.single_bfs:
["move_left_with_item(['b', 'j'])", "drop_item(['a', 'i'])", "move_left_without_item(['a'])", "move_right_without_item(['a'])", "drop_item(['b', 'j'])", "pick_up(['a', 'i'])"]
2025-10-22 15:46:15,453 DEBUG - __main__.FilterGoalEXPBFS.single_bfs:
["drop_item(['b', 'j'])", "drop_item(['a', 'i'])", "pick_up(['b', 'j'])", "move_left_with_item(['b', 'j'])", "pick_up(['a', 'i'])", "drop_item(['b', 'j'])"]
2025-10-22 15:46:15,825 DEBUG - __main__.FilterGoalEXPBFS.single_bfs:
Own Goals of agent a:
  Condition(['a', 'b'] hold_by ['i', 'a'] = 0)
  Condition(['a', 'b'] hold_by ['j', 'b'] = 1)
)
2025-10-22 15:46:15,825 DEBUG - __main__.FilterGoalEXPBFS.single_bfs:
Own Goals of agent b:
  Condition(['b'] hold_by ['j', 'b'] = 0)
  Condition(['b', 'a'] hold_by ['j', 'b'] = 1)
)
2025-10-22 15:46:15,920 DEBUG - __main__.FilterGoalEXPBFS.single_bfs:
["move_left_with_item(['b', 'j'])", "drop_item(['a', 'i'])", "move_left_without_item(['a'])", "move_right_with_item(['b', 'j'])", "drop_item(['b', 'j'])"]
2025-10-22 15:46:15,921 DEBUG - __main__.FilterGoalEXPBFS.single_bfs:
["move_left_with_item(['b', 'j'])", "drop_item(['a', 'i'])", "move_right_with_item(['b', 'j'])", "move_left_without_item(['a'])", "drop_item(['b', 'j'])"]
2025-10-22 15:46:15,927 DEBUG - __main__.FilterGoalEXPBFS.single_bfs:
["move_left_with_item(['b', 'j'])", "drop_item(['a', 'i'])", "move_right_with_item(['b', 'j'])", "move_left_with_item(['b', 'j'])", "drop_item(['b', 'j'])"]
2025-10-22 15:46:15,938 DEBUG - __main__.FilterGoalEXPBFS.single_bfs:
["move_left_with_item(['b', 'j'])", "drop_item(['a', 'i'])", "move_left_without_item(['a'])", "move_right_without_item(['a'])", "drop_item(['b', 'j'])"]
2025-10-22 15:46:16,040 DEBUG - __main__.FilterGoalEXPBFS.single_bfs:
Own Goals of agent a:
  Condition(['a', 'b'] hold_by ['i', 'a'] = 1)
  Condition(['a'] hold_by ['i', 'a'] = 0)
)
2025-10-22 15:46:16,040 DEBUG - __main__.FilterGoalEXPBFS.single_bfs:
Own Goals of agent b:
  Condition(['b'] hold_by ['j', 'b'] = 0)
  Condition(['b', 'a'] hold_by ['j', 'b'] = 1)
)
2025-10-22 15:46:16,066 DEBUG - __main__.FilterGoalEXPBFS.single_bfs:
["move_left_with_item(['b', 'j'])", "drop_item(['b', 'j'])", "drop_item(['a', 'i'])"]
2025-10-22 15:46:16,116 INFO - __main__.FilterGoalEXPBFS.bfs:
Models: 6, Exapnds: 476, 2.551ms/expand
2025-10-22 15:46:16,116 INFO - __main__.FilterGoalEXPBFS.get_policy:
[("move_left_with_item(['b', 'j'])", 12), ("drop_item(['b', 'j'])", 1)]
{'a': 2, 'b': 6}
2025-10-22 15:46:16,117 INFO - __main__.Model.simulate:
b takes action: move_left_with_item(['b', 'j'])
2025-10-22 15:46:16,118 DEBUG - __main__.FilterGoalEXPBFS.single_bfs:
Own Goals of agent a:
  Condition(['a'] hold_by ['i', 'a'] = 0)
  Condition(['a', 'b'] hold_by ['i', 'a'] = 1)
)
2025-10-22 15:46:16,119 DEBUG - __main__.FilterGoalEXPBFS.single_bfs:
Own Goals of agent b:
  Condition(['b', 'a'] hold_by ['j', 'b'] = 0)
  Condition(['b'] hold_by ['j', 'b'] = 1)
)
2025-10-22 15:46:16,220 DEBUG - __main__.FilterGoalEXPBFS.single_bfs:
["move_left_with_item(['a', 'i'])", "drop_item(['b', 'j'])", "move_right_with_item(['a', 'i'])", "drop_item(['a', 'i'])", "pick_up(['b', 'j'])"]
2025-10-22 15:46:16,329 DEBUG - __main__.FilterGoalEXPBFS.single_bfs:
Own Goals of agent a:
  Condition(['a'] hold_by ['i', 'a'] = 0)
  Condition(['a', 'b'] hold_by ['i', 'a'] = 1)
)
2025-10-22 15:46:16,329 DEBUG - __main__.FilterGoalEXPBFS.single_bfs:
Own Goals of agent b:
  Condition(['b', 'a'] hold_by ['j', 'b'] = 1)
  Condition(['b'] hold_by ['j', 'b'] = 0)
)
2025-10-22 15:46:16,338 DEBUG - __main__.FilterGoalEXPBFS.single_bfs:
["drop_item(['a', 'i'])", "drop_item(['b', 'j'])"]
2025-10-22 15:46:16,374 INFO - __main__.FilterGoalEXPBFS.bfs:
Models: 2, Exapnds: 115, 2.222ms/expand
2025-10-22 15:46:16,374 INFO - __main__.FilterGoalEXPBFS.get_policy:
[("move_left_with_item(['a', 'i'])", 1), ("drop_item(['a', 'i'])", 1)]
{'a': 2, 'b': 6}
2025-10-22 15:46:16,374 INFO - __main__.Model.simulate:
a takes action: drop_item(['a', 'i'])
2025-10-22 15:46:16,376 DEBUG - __main__.FilterGoalEXPBFS.single_bfs:
Own Goals of agent a:
  Condition(['a'] hold_by ['i', 'a'] = 0)
  Condition(['a'] hold_by ['j', 'b'] = 1)
)
2025-10-22 15:46:16,376 DEBUG - __main__.FilterGoalEXPBFS.single_bfs:
Own Goals of agent b:
  Condition(['b'] hold_by ['j', 'b'] = 0)
  Condition(['b', 'a'] hold_by ['j', 'b'] = 1)
)
2025-10-22 15:46:16,385 DEBUG - __main__.FilterGoalEXPBFS.single_bfs:
["drop_item(['b', 'j'])", "drop_item(['a', 'i'])"]
2025-10-22 15:46:16,400 DEBUG - __main__.FilterGoalEXPBFS.single_bfs:
Own Goals of agent a:
  Condition(['a', 'b'] hold_by ['j', 'b'] = 1)
  Condition(['a'] hold_by ['i', 'a'] = 0)
)
2025-10-22 15:46:16,400 DEBUG - __main__.FilterGoalEXPBFS.single_bfs:
Own Goals of agent b:
  Condition(['b'] hold_by ['j', 'b'] = 0)
  Condition(['b', 'a'] hold_by ['j', 'b'] = 1)
)
2025-10-22 15:46:16,409 DEBUG - __main__.FilterGoalEXPBFS.single_bfs:
["drop_item(['b', 'j'])", "drop_item(['a', 'i'])"]
2025-10-22 15:46:16,426 DEBUG - __main__.FilterGoalEXPBFS.single_bfs:
Own Goals of agent a:
  Condition(['a', 'b'] hold_by ['i', 'a'] = 0)
  Condition(['a'] hold_by ['j', 'b'] = 1)
)
2025-10-22 15:46:16,426 DEBUG - __main__.FilterGoalEXPBFS.single_bfs:
Own Goals of agent b:
  Condition(['b'] hold_by ['j', 'b'] = 0)
  Condition(['b', 'a'] hold_by ['j', 'b'] = 1)
)
2025-10-22 15:46:16,554 DEBUG - __main__.FilterGoalEXPBFS.single_bfs:
["drop_item(['b', 'j'])", "move_left_with_item(['a', 'i'])", "drop_item(['a', 'i'])", "pick_up(['b', 'j'])", "move_right_with_item(['b', 'j'])", "drop_item(['b', 'j'])"]
2025-10-22 15:46:16,555 DEBUG - __main__.FilterGoalEXPBFS.single_bfs:
["drop_item(['b', 'j'])", "drop_item(['a', 'i'])", "pick_up(['b', 'j'])", "move_left_without_item(['a'])", "move_right_with_item(['b', 'j'])", "drop_item(['b', 'j'])"]
2025-10-22 15:46:16,566 DEBUG - __main__.FilterGoalEXPBFS.single_bfs:
["drop_item(['b', 'j'])", "drop_item(['a', 'i'])", "pick_up(['b', 'j'])", "move_right_with_item(['b', 'j'])", "move_left_without_item(['a'])", "drop_item(['b', 'j'])"]
2025-10-22 15:46:16,605 DEBUG - __main__.FilterGoalEXPBFS.single_bfs:
["drop_item(['b', 'j'])", "move_left_with_item(['a', 'i'])", "drop_item(['a', 'i'])", "pick_up(['b', 'j'])", "move_right_without_item(['a'])", "drop_item(['b', 'j'])"]
2025-10-22 15:46:16,606 DEBUG - __main__.FilterGoalEXPBFS.single_bfs:
["drop_item(['b', 'j'])", "drop_item(['a', 'i'])", "pick_up(['b', 'j'])", "move_left_without_item(['a'])", "move_right_without_item(['a'])", "drop_item(['b', 'j'])"]
2025-10-22 15:46:16,658 DEBUG - __main__.FilterGoalEXPBFS.single_bfs:
["drop_item(['b', 'j'])", "drop_item(['a', 'i'])", "pick_up(['b', 'j'])", "move_right_with_item(['b', 'j'])", "move_left_with_item(['b', 'j'])", "drop_item(['b', 'j'])"]
2025-10-22 15:46:16,739 DEBUG - __main__.FilterGoalEXPBFS.single_bfs:
Own Goals of agent a:
  Condition(['a', 'b'] hold_by ['i', 'a'] = 0)
  Condition(['a'] hold_by ['i', 'a'] = 1)
)
2025-10-22 15:46:16,739 DEBUG - __main__.FilterGoalEXPBFS.single_bfs:
Own Goals of agent b:
  Condition(['b'] hold_by ['j', 'b'] = 0)
  Condition(['b', 'a'] hold_by ['j', 'b'] = 1)
)
2025-10-22 15:46:17,037 DEBUG - __main__.FilterGoalEXPBFS.single_bfs:
["drop_item(['b', 'j'])", "move_left_with_item(['a', 'i'])", "drop_item(['a', 'i'])", "pick_up(['b', 'j'])", "move_right_with_item(['b', 'j'])", "drop_item(['b', 'j'])", "pick_up(['a', 'i'])"]
2025-10-22 15:46:17,038 DEBUG - __main__.FilterGoalEXPBFS.single_bfs:
["move_right_with_item(['b', 'j'])", "drop_item(['b', 'j'])", "drop_item(['a', 'i'])", "pick_up(['b', 'j'])", "move_left_with_item(['b', 'j'])", "drop_item(['b', 'j'])", "pick_up(['a', 'i'])"]
2025-10-22 15:46:17,285 DEBUG - __main__.FilterGoalEXPBFS.single_bfs:
["drop_item(['b', 'j'])", "drop_item(['a', 'i'])", "move_left_without_item(['a'])", "pick_up(['b', 'j'])", "move_right_without_item(['a'])", "pick_up(['a', 'i'])", "drop_item(['b', 'j'])"]
2025-10-22 15:46:17,747 DEBUG - __main__.FilterGoalEXPBFS.single_bfs:
Own Goals of agent a:
  Condition(['a', 'b'] hold_by ['i', 'a'] = 0)
  Condition(['a', 'b'] hold_by ['j', 'b'] = 1)
)
2025-10-22 15:46:17,747 DEBUG - __main__.FilterGoalEXPBFS.single_bfs:
Own Goals of agent b:
  Condition(['b'] hold_by ['j', 'b'] = 0)
  Condition(['b', 'a'] hold_by ['j', 'b'] = 1)
)
2025-10-22 15:46:17,884 DEBUG - __main__.FilterGoalEXPBFS.single_bfs:
["drop_item(['b', 'j'])", "move_left_with_item(['a', 'i'])", "drop_item(['a', 'i'])", "pick_up(['b', 'j'])", "move_right_with_item(['b', 'j'])", "drop_item(['b', 'j'])"]
2025-10-22 15:46:17,885 DEBUG - __main__.FilterGoalEXPBFS.single_bfs:
["drop_item(['b', 'j'])", "drop_item(['a', 'i'])", "pick_up(['b', 'j'])", "move_left_without_item(['a'])", "move_right_with_item(['b', 'j'])", "drop_item(['b', 'j'])"]
2025-10-22 15:46:17,898 DEBUG - __main__.FilterGoalEXPBFS.single_bfs:
["drop_item(['b', 'j'])", "drop_item(['a', 'i'])", "pick_up(['b', 'j'])", "move_right_with_item(['b', 'j'])", "move_left_without_item(['a'])", "drop_item(['b', 'j'])"]
2025-10-22 15:46:17,939 DEBUG - __main__.FilterGoalEXPBFS.single_bfs:
["drop_item(['b', 'j'])", "move_left_with_item(['a', 'i'])", "drop_item(['a', 'i'])", "pick_up(['b', 'j'])", "move_right_without_item(['a'])", "drop_item(['b', 'j'])"]
2025-10-22 15:46:17,940 DEBUG - __main__.FilterGoalEXPBFS.single_bfs:
["drop_item(['b', 'j'])", "drop_item(['a', 'i'])", "pick_up(['b', 'j'])", "move_left_without_item(['a'])", "move_right_without_item(['a'])", "drop_item(['b', 'j'])"]
2025-10-22 15:46:17,985 DEBUG - __main__.FilterGoalEXPBFS.single_bfs:
["drop_item(['b', 'j'])", "drop_item(['a', 'i'])", "pick_up(['b', 'j'])", "move_right_with_item(['b', 'j'])", "move_left_with_item(['b', 'j'])", "drop_item(['b', 'j'])"]
2025-10-22 15:46:18,055 DEBUG - __main__.FilterGoalEXPBFS.single_bfs:
Own Goals of agent a:
  Condition(['a', 'b'] hold_by ['i', 'a'] = 1)
  Condition(['a'] hold_by ['i', 'a'] = 0)
)
2025-10-22 15:46:18,055 DEBUG - __main__.FilterGoalEXPBFS.single_bfs:
Own Goals of agent b:
  Condition(['b'] hold_by ['j', 'b'] = 0)
  Condition(['b', 'a'] hold_by ['j', 'b'] = 1)
)
2025-10-22 15:46:18,064 DEBUG - __main__.FilterGoalEXPBFS.single_bfs:
["drop_item(['b', 'j'])", "drop_item(['a', 'i'])"]
2025-10-22 15:46:18,098 INFO - __main__.FilterGoalEXPBFS.bfs:
Models: 6, Exapnds: 544, 3.164ms/expand
2025-10-22 15:46:18,098 INFO - __main__.FilterGoalEXPBFS.get_policy:
[("drop_item(['b', 'j'])", 17), ("move_right_with_item(['b', 'j'])", 1)]
{'a': 2, 'b': 6}
2025-10-22 15:46:18,098 INFO - __main__.Model.simulate:
b takes action: drop_item(['b', 'j'])
2025-10-22 15:46:18,098 DEBUG - __main__.Model.simulate:
====== Solution ======
Step 1:
a: pick_up(['a', 'i'])
{'a': False, 'b': False}
-----------------
Step 2:
b: pick_up(['b', 'j'])
{'a': False, 'b': False}
-----------------
Step 3:
a: move_right_with_item(['a', 'i'])
{'a': False, 'b': False}
-----------------
Step 4:
b: move_right_with_item(['b', 'j'])
{'a': False, 'b': False}
-----------------
Step 5:
a: move_left_with_item(['a', 'i'])
{'a': False, 'b': False}
-----------------
Step 6:
b: drop_item(['b', 'j'])
{'a': False, 'b': False}
-----------------
Step 7:
a: move_right_with_item(['a', 'i'])
{'a': False, 'b': True}
-----------------
Step 8:
b: pick_up(['b', 'j'])
{'a': False, 'b': False}
-----------------
Step 9:
a: move_left_with_item(['a', 'i'])
{'a': False, 'b': False}
-----------------
Step 10:
b: drop_item(['b', 'j'])
{'a': False, 'b': False}
-----------------
Step 11:
a: move_right_with_item(['a', 'i'])
{'a': False, 'b': True}
-----------------
Step 12:
b: pick_up(['b', 'j'])
{'a': False, 'b': False}
-----------------
Step 13:
a: stay(['a'])
{'a': False, 'b': False}
-----------------
Step 14:
b: move_left_with_item(['b', 'j'])
{'a': False, 'b': False}
-----------------
Step 15:
a: drop_item(['a', 'i'])
{'a': False, 'b': False}
-----------------
Step 16:
b: drop_item(['b', 'j'])
{'a': True, 'b': False}
-----------------

2025-10-22 15:46:18,098 EXP - __main__.Logger.exp:
a takes action: pick_up(['a', 'i'])
b takes action: pick_up(['b', 'j'])
a takes action: move_right_with_item(['a', 'i'])
b takes action: move_right_with_item(['b', 'j'])
a takes action: move_left_with_item(['a', 'i'])
b takes action: drop_item(['b', 'j'])
a takes action: move_right_with_item(['a', 'i'])
b takes action: pick_up(['b', 'j'])
a takes action: move_left_with_item(['a', 'i'])
b takes action: drop_item(['b', 'j'])
a takes action: move_right_with_item(['a', 'i'])
b takes action: pick_up(['b', 'j'])
a takes action: stay(['a'])
b takes action: move_left_with_item(['b', 'j'])
a takes action: drop_item(['a', 'i'])
b takes action: drop_item(['b', 'j'])
Steps: 16
Time cost: 10.130274s
2025-10-22 15:46:18,100 DEBUG - __main__.FilterGoalEXPBFS.single_bfs:
Own Goals of agent a:
  Condition(['a'] hold_by ['i', 'a'] = 0)
  Condition(['a', 'b'] hold_by ['i', 'a'] = 1)
)
2025-10-22 15:46:18,100 DEBUG - __main__.FilterGoalEXPBFS.single_bfs:
Own Goals of agent b:
  Condition(['b'] hold_by ['j', 'b'] = 1)
)
2025-10-22 15:46:18,129 DEBUG - __main__.FilterGoalEXPBFS.single_bfs:
["pick_up(['a', 'i'])", "pick_up(['b', 'j'])", "move_right_with_item(['a', 'i'])", "drop_item(['a', 'i'])"]
2025-10-22 15:46:18,135 DEBUG - __main__.FilterGoalEXPBFS.single_bfs:
["pick_up(['a', 'i'])", "move_right_with_item(['a', 'i'])", "drop_item(['a', 'i'])", "pick_up(['b', 'j'])"]
2025-10-22 15:46:18,137 DEBUG - __main__.FilterGoalEXPBFS.single_bfs:
["pick_up(['a', 'i'])", "pick_up(['b', 'j'])", "move_right_with_item(['b', 'j'])", "drop_item(['a', 'i'])"]
2025-10-22 15:46:18,167 DEBUG - __main__.FilterGoalEXPBFS.single_bfs:
Own Goals of agent a:
  Condition(['a'] hold_by ['i', 'a'] = 0)
  Condition(['a', 'b'] hold_by ['i', 'a'] = 1)
)
2025-10-22 15:46:18,167 DEBUG - __main__.FilterGoalEXPBFS.single_bfs:
Own Goals of agent b:
  Condition(['b'] hold_by ['i', 'a'] = 1)
)
2025-10-22 15:46:18,179 DEBUG - __main__.FilterGoalEXPBFS.single_bfs:
["pick_up(['a', 'i'])", "move_right_without_item(['b'])", "drop_item(['a', 'i'])"]
2025-10-22 15:46:18,179 DEBUG - __main__.FilterGoalEXPBFS.single_bfs:
["pick_up(['a', 'i'])", "move_right_with_item(['a', 'i'])", "drop_item(['a', 'i'])"]
2025-10-22 15:46:18,187 DEBUG - __main__.FilterGoalEXPBFS.single_bfs:
Own Goals of agent a:
  Condition(['a'] hold_by ['i', 'a'] = 0)
  Condition(['a', 'b'] hold_by ['i', 'a'] = 1)
)
2025-10-22 15:46:18,187 DEBUG - __main__.FilterGoalEXPBFS.single_bfs:
Own Goals of agent b:
  Condition(['b'] hold_by ['i', 'a'] = 1)
  Condition(['b'] hold_by ['j', 'b'] = 0)
)
2025-10-22 15:46:18,198 DEBUG - __main__.FilterGoalEXPBFS.single_bfs:
["pick_up(['a', 'i'])", "move_right_without_item(['b'])", "drop_item(['a', 'i'])"]
2025-10-22 15:46:18,198 DEBUG - __main__.FilterGoalEXPBFS.single_bfs:
["pick_up(['a', 'i'])", "move_right_with_item(['a', 'i'])", "drop_item(['a', 'i'])"]
2025-10-22 15:46:18,226 DEBUG - __main__.FilterGoalEXPBFS.single_bfs:
Own Goals of agent a:
  Condition(['a'] hold_by ['i', 'a'] = 0)
  Condition(['a', 'b'] hold_by ['i', 'a'] = 1)
)
2025-10-22 15:46:18,226 DEBUG - __main__.FilterGoalEXPBFS.single_bfs:
Own Goals of agent b:
  Condition(['b'] hold_by ['i', 'a'] = 1)
  Condition(['b'] hold_by ['j', 'b'] = 1)
)
2025-10-22 15:46:18,239 DEBUG - __main__.FilterGoalEXPBFS.single_bfs:
["pick_up(['a', 'i'])", "pick_up(['b', 'j'])", "move_right_with_item(['b', 'j'])", "drop_item(['a', 'i'])"]
2025-10-22 15:46:18,241 DEBUG - __main__.FilterGoalEXPBFS.single_bfs:
["pick_up(['a', 'i'])", "pick_up(['b', 'j'])", "move_right_with_item(['a', 'i'])", "drop_item(['a', 'i'])"]
2025-10-22 15:46:18,250 DEBUG - __main__.FilterGoalEXPBFS.single_bfs:
["pick_up(['a', 'i'])", "move_right_with_item(['a', 'i'])", "drop_item(['a', 'i'])", "pick_up(['b', 'j'])"]
2025-10-22 15:46:18,284 DEBUG - __main__.FilterGoalEXPBFS.single_bfs:
Own Goals of agent a:
  Condition(['a'] hold_by ['i', 'a'] = 0)
  Condition(['a', 'b'] hold_by ['i', 'a'] = 1)
)
2025-10-22 15:46:18,284 DEBUG - __main__.FilterGoalEXPBFS.single_bfs:
Own Goals of agent b:
  Condition(['b', 'a'] hold_by ['j', 'b'] = 0)
  Condition(['b'] hold_by ['j', 'b'] = 1)
)
2025-10-22 15:46:18,318 DEBUG - __main__.FilterGoalEXPBFS.single_bfs:
["pick_up(['a', 'i'])", "move_right_with_item(['a', 'i'])", "drop_item(['a', 'i'])", "pick_up(['b', 'j'])"]
2025-10-22 15:46:18,389 DEBUG - __main__.FilterGoalEXPBFS.single_bfs:
Own Goals of agent a:
  Condition(['a'] hold_by ['i', 'a'] = 0)
  Condition(['a', 'b'] hold_by ['i', 'a'] = 1)
)
2025-10-22 15:46:18,389 DEBUG - __main__.FilterGoalEXPBFS.single_bfs:
Own Goals of agent b:
  Condition(['b', 'a'] hold_by ['j', 'b'] = 0)
  Condition(['b'] hold_by ['i', 'a'] = 1)
)
2025-10-22 15:46:18,401 DEBUG - __main__.FilterGoalEXPBFS.single_bfs:
["pick_up(['a', 'i'])", "move_right_without_item(['b'])", "drop_item(['a', 'i'])"]
2025-10-22 15:46:18,401 DEBUG - __main__.FilterGoalEXPBFS.single_bfs:
["pick_up(['a', 'i'])", "move_right_with_item(['a', 'i'])", "drop_item(['a', 'i'])"]
2025-10-22 15:46:18,410 DEBUG - __main__.FilterGoalEXPBFS.single_bfs:
Own Goals of agent a:
  Condition(['a'] hold_by ['i', 'a'] = 0)
  Condition(['a', 'b'] hold_by ['i', 'a'] = 1)
)
2025-10-22 15:46:18,410 DEBUG - __main__.FilterGoalEXPBFS.single_bfs:
Own Goals of agent b:
  Condition(['b', 'a'] hold_by ['j', 'b'] = 1)
)
2025-10-22 15:46:18,447 DEBUG - __main__.FilterGoalEXPBFS.single_bfs:
["pick_up(['a', 'i'])", "pick_up(['b', 'j'])", "move_right_with_item(['a', 'i'])", "drop_item(['a', 'i'])"]
2025-10-22 15:46:18,447 DEBUG - __main__.FilterGoalEXPBFS.single_bfs:
["pick_up(['a', 'i'])", "pick_up(['b', 'j'])", "move_right_with_item(['b', 'j'])", "drop_item(['a', 'i'])"]
2025-10-22 15:46:18,464 DEBUG - __main__.FilterGoalEXPBFS.single_bfs:
Own Goals of agent a:
  Condition(['a'] hold_by ['i', 'a'] = 0)
  Condition(['a', 'b'] hold_by ['i', 'a'] = 1)
)
2025-10-22 15:46:18,464 DEBUG - __main__.FilterGoalEXPBFS.single_bfs:
Own Goals of agent b:
  Condition(['b', 'a'] hold_by ['j', 'b'] = 1)
  Condition(['b'] hold_by ['j', 'b'] = 0)
)
2025-10-22 15:46:18,517 DEBUG - __main__.FilterGoalEXPBFS.single_bfs:
["pick_up(['a', 'i'])", "pick_up(['b', 'j'])", "move_right_with_item(['a', 'i'])", "drop_item(['b', 'j'])", "drop_item(['a', 'i'])"]
2025-10-22 15:46:18,533 DEBUG - __main__.FilterGoalEXPBFS.single_bfs:
["pick_up(['a', 'i'])", "pick_up(['b', 'j'])", "move_right_with_item(['b', 'j'])", "drop_item(['a', 'i'])", "drop_item(['b', 'j'])"]
2025-10-22 15:46:18,673 DEBUG - __main__.FilterGoalEXPBFS.single_bfs:
Own Goals of agent a:
  Condition(['a'] hold_by ['i', 'a'] = 0)
  Condition(['a', 'b'] hold_by ['i', 'a'] = 1)
)
2025-10-22 15:46:18,673 DEBUG - __main__.FilterGoalEXPBFS.single_bfs:
Own Goals of agent b:
  Condition(['b', 'a'] hold_by ['j', 'b'] = 1)
  Condition(['b'] hold_by ['j', 'b'] = 1)
)
2025-10-22 15:46:18,717 DEBUG - __main__.FilterGoalEXPBFS.single_bfs:
["stay(['a'])", "pick_up(['b', 'j'])", "pick_up(['a', 'i'])", "move_right_with_item(['b', 'j'])", "drop_item(['a', 'i'])"]
2025-10-22 15:46:18,719 DEBUG - __main__.FilterGoalEXPBFS.single_bfs:
["stay(['a'])", "pick_up(['b', 'j'])", "pick_up(['a', 'i'])", "move_right_with_item(['a', 'i'])", "drop_item(['a', 'i'])"]
2025-10-22 15:46:18,759 DEBUG - __main__.FilterGoalEXPBFS.single_bfs:
Own Goals of agent a:
  Condition(['a'] hold_by ['i', 'a'] = 0)
  Condition(['a', 'b'] hold_by ['i', 'a'] = 1)
)
2025-10-22 15:46:18,759 DEBUG - __main__.FilterGoalEXPBFS.single_bfs:
Own Goals of agent b:
  Condition(['b', 'a'] hold_by ['j', 'b'] = 1)
  Condition(['b'] hold_by ['i', 'a'] = 1)
)
2025-10-22 15:46:18,773 DEBUG - __main__.FilterGoalEXPBFS.single_bfs:
["pick_up(['a', 'i'])", "pick_up(['b', 'j'])", "move_right_with_item(['b', 'j'])", "drop_item(['a', 'i'])"]
2025-10-22 15:46:18,775 DEBUG - __main__.FilterGoalEXPBFS.single_bfs:
["pick_up(['a', 'i'])", "pick_up(['b', 'j'])", "move_right_with_item(['a', 'i'])", "drop_item(['a', 'i'])"]
2025-10-22 15:46:18,796 DEBUG - __main__.FilterGoalEXPBFS.single_bfs:
Own Goals of agent a:
  Condition(['a'] hold_by ['i', 'a'] = 0)
  Condition(['a', 'b'] hold_by ['i', 'a'] = 1)
)
2025-10-22 15:46:18,796 DEBUG - __main__.FilterGoalEXPBFS.single_bfs:
Own Goals of agent b:
  Condition(['b', 'a'] hold_by ['i', 'a'] = 1)
)
2025-10-22 15:46:18,809 DEBUG - __main__.FilterGoalEXPBFS.single_bfs:
["pick_up(['a', 'i'])", "move_right_without_item(['b'])", "drop_item(['a', 'i'])"]
2025-10-22 15:46:18,809 DEBUG - __main__.FilterGoalEXPBFS.single_bfs:
["pick_up(['a', 'i'])", "move_right_with_item(['a', 'i'])", "drop_item(['a', 'i'])"]
2025-10-22 15:46:18,817 DEBUG - __main__.FilterGoalEXPBFS.single_bfs:
Own Goals of agent a:
  Condition(['a'] hold_by ['i', 'a'] = 0)
  Condition(['a', 'b'] hold_by ['i', 'a'] = 1)
)
2025-10-22 15:46:18,817 DEBUG - __main__.FilterGoalEXPBFS.single_bfs:
Own Goals of agent b:
  Condition(['b', 'a'] hold_by ['i', 'a'] = 1)
  Condition(['b'] hold_by ['j', 'b'] = 0)
)
2025-10-22 15:46:18,829 DEBUG - __main__.FilterGoalEXPBFS.single_bfs:
["pick_up(['a', 'i'])", "move_right_without_item(['b'])", "drop_item(['a', 'i'])"]
2025-10-22 15:46:18,829 DEBUG - __main__.FilterGoalEXPBFS.single_bfs:
["pick_up(['a', 'i'])", "move_right_with_item(['a', 'i'])", "drop_item(['a', 'i'])"]
2025-10-22 15:46:18,858 DEBUG - __main__.FilterGoalEXPBFS.single_bfs:
Own Goals of agent a:
  Condition(['a'] hold_by ['i', 'a'] = 0)
  Condition(['a', 'b'] hold_by ['i', 'a'] = 1)
)
2025-10-22 15:46:18,859 DEBUG - __main__.FilterGoalEXPBFS.single_bfs:
Own Goals of agent b:
  Condition(['b', 'a'] hold_by ['i', 'a'] = 1)
  Condition(['b'] hold_by ['j', 'b'] = 1)
)
2025-10-22 15:46:18,873 DEBUG - __main__.FilterGoalEXPBFS.single_bfs:
["pick_up(['a', 'i'])", "pick_up(['b', 'j'])", "move_right_with_item(['b', 'j'])", "drop_item(['a', 'i'])"]
2025-10-22 15:46:18,875 DEBUG - __main__.FilterGoalEXPBFS.single_bfs:
["pick_up(['a', 'i'])", "pick_up(['b', 'j'])", "move_right_with_item(['a', 'i'])", "drop_item(['a', 'i'])"]
2025-10-22 15:46:18,884 DEBUG - __main__.FilterGoalEXPBFS.single_bfs:
["pick_up(['a', 'i'])", "move_right_with_item(['a', 'i'])", "drop_item(['a', 'i'])", "pick_up(['b', 'j'])"]
2025-10-22 15:46:18,920 DEBUG - __main__.FilterGoalEXPBFS.single_bfs:
Own Goals of agent a:
  Condition(['a'] hold_by ['i', 'a'] = 0)
  Condition(['a', 'b'] hold_by ['i', 'a'] = 1)
)
2025-10-22 15:46:18,920 DEBUG - __main__.FilterGoalEXPBFS.single_bfs:
Own Goals of agent b:
  Condition(['b', 'a'] hold_by ['i', 'a'] = 1)
  Condition(['b'] hold_by ['i', 'a'] = 1)
)
2025-10-22 15:46:18,926 DEBUG - __main__.FilterGoalEXPBFS.single_bfs:
["pick_up(['a', 'i'])", "move_right_with_item(['a', 'i'])", "drop_item(['a', 'i'])"]
2025-10-22 15:46:18,928 DEBUG - __main__.FilterGoalEXPBFS.single_bfs:
["pick_up(['a', 'i'])", "move_right_without_item(['b'])", "drop_item(['a', 'i'])"]
2025-10-22 15:46:18,941 DEBUG - __main__.FilterGoalEXPBFS.single_bfs:
Own Goals of agent a:
  Condition(['a'] hold_by ['i', 'a'] = 0)
  Condition(['a', 'b'] hold_by ['i', 'a'] = 1)
)
2025-10-22 15:46:18,941 DEBUG - __main__.FilterGoalEXPBFS.single_bfs:
Own Goals of agent b:
  Condition(['b', 'a'] hold_by ['i', 'a'] = 1)
  Condition(['b', 'a'] hold_by ['j', 'b'] = 0)
)
2025-10-22 15:46:18,953 DEBUG - __main__.FilterGoalEXPBFS.single_bfs:
["pick_up(['a', 'i'])", "move_right_without_item(['b'])", "drop_item(['a', 'i'])"]
2025-10-22 15:46:18,954 DEBUG - __main__.FilterGoalEXPBFS.single_bfs:
["pick_up(['a', 'i'])", "move_right_with_item(['a', 'i'])", "drop_item(['a', 'i'])"]
2025-10-22 15:46:18,963 DEBUG - __main__.FilterGoalEXPBFS.single_bfs:
Own Goals of agent a:
  Condition(['a'] hold_by ['i', 'a'] = 0)
  Condition(['a', 'b'] hold_by ['i', 'a'] = 1)
)
2025-10-22 15:46:18,963 DEBUG - __main__.FilterGoalEXPBFS.single_bfs:
Own Goals of agent b:
  Condition(['b', 'a'] hold_by ['i', 'a'] = 1)
  Condition(['b', 'a'] hold_by ['j', 'b'] = 1)
)
2025-10-22 15:46:18,978 DEBUG - __main__.FilterGoalEXPBFS.single_bfs:
["pick_up(['a', 'i'])", "pick_up(['b', 'j'])", "move_right_with_item(['b', 'j'])", "drop_item(['a', 'i'])"]
2025-10-22 15:46:18,980 DEBUG - __main__.FilterGoalEXPBFS.single_bfs:
["pick_up(['a', 'i'])", "pick_up(['b', 'j'])", "move_right_with_item(['a', 'i'])", "drop_item(['a', 'i'])"]
2025-10-22 15:46:19,002 INFO - __main__.FilterGoalEXPBFS.bfs:
Models: 16, Exapnds: 955, 0.945ms/expand
2025-10-22 15:46:19,002 INFO - __main__.FilterGoalEXPBFS.get_policy:
[("pick_up(['a', 'i'])", 32), ("stay(['a'])", 2)]
{'a': 16, 'b': 16}
2025-10-22 15:46:19,002 INFO - __main__.Model.simulate:
a takes action: pick_up(['a', 'i'])
2025-10-22 15:46:19,003 DEBUG - __main__.FilterGoalEXPBFS.single_bfs:
Own Goals of agent a:
  Condition(['a'] hold_by ['j', 'b'] = 1)
)
2025-10-22 15:46:19,003 DEBUG - __main__.FilterGoalEXPBFS.single_bfs:
Own Goals of agent b:
  Condition(['b'] hold_by ['j', 'b'] = 0)
  Condition(['b', 'a'] hold_by ['j', 'b'] = 1)
)
2025-10-22 15:46:19,014 DEBUG - __main__.FilterGoalEXPBFS.single_bfs:
["pick_up(['b', 'j'])", "move_right_with_item(['b', 'j'])", "drop_item(['b', 'j'])"]
2025-10-22 15:46:19,014 DEBUG - __main__.FilterGoalEXPBFS.single_bfs:
["pick_up(['b', 'j'])", "move_right_with_item(['a', 'i'])", "drop_item(['b', 'j'])"]
2025-10-22 15:46:19,027 DEBUG - __main__.FilterGoalEXPBFS.single_bfs:
Own Goals of agent a:
  Condition(['a'] hold_by ['i', 'a'] = 0)
  Condition(['a'] hold_by ['j', 'b'] = 1)
)
2025-10-22 15:46:19,027 DEBUG - __main__.FilterGoalEXPBFS.single_bfs:
Own Goals of agent b:
  Condition(['b'] hold_by ['j', 'b'] = 0)
  Condition(['b', 'a'] hold_by ['j', 'b'] = 1)
)
2025-10-22 15:46:19,042 DEBUG - __main__.FilterGoalEXPBFS.single_bfs:
["pick_up(['b', 'j'])", "drop_item(['a', 'i'])", "move_right_with_item(['b', 'j'])", "drop_item(['b', 'j'])"]
2025-10-22 15:46:19,043 DEBUG - __main__.FilterGoalEXPBFS.single_bfs:
["pick_up(['b', 'j'])", "move_right_with_item(['b', 'j'])", "drop_item(['b', 'j'])", "drop_item(['a', 'i'])"]
2025-10-22 15:46:19,048 DEBUG - __main__.FilterGoalEXPBFS.single_bfs:
["pick_up(['b', 'j'])", "drop_item(['a', 'i'])", "move_right_without_item(['a'])", "drop_item(['b', 'j'])"]
2025-10-22 15:46:19,052 DEBUG - __main__.FilterGoalEXPBFS.single_bfs:
["pick_up(['b', 'j'])", "move_right_with_item(['a', 'i'])", "drop_item(['a', 'i'])", "drop_item(['b', 'j'])"]
2025-10-22 15:46:19,080 DEBUG - __main__.FilterGoalEXPBFS.single_bfs:
Own Goals of agent a:
  Condition(['a'] hold_by ['i', 'a'] = 1)
  Condition(['a'] hold_by ['j', 'b'] = 1)
)
2025-10-22 15:46:19,080 DEBUG - __main__.FilterGoalEXPBFS.single_bfs:
Own Goals of agent b:
  Condition(['b'] hold_by ['j', 'b'] = 0)
  Condition(['b', 'a'] hold_by ['j', 'b'] = 1)
)
2025-10-22 15:46:19,090 DEBUG - __main__.FilterGoalEXPBFS.single_bfs:
["pick_up(['b', 'j'])", "move_right_with_item(['a', 'i'])", "drop_item(['b', 'j'])"]
2025-10-22 15:46:19,090 DEBUG - __main__.FilterGoalEXPBFS.single_bfs:
["pick_up(['b', 'j'])", "move_right_with_item(['b', 'j'])", "drop_item(['b', 'j'])"]
2025-10-22 15:46:19,104 DEBUG - __main__.FilterGoalEXPBFS.single_bfs:
Own Goals of agent a:
  Condition(['a', 'b'] hold_by ['j', 'b'] = 1)
)
2025-10-22 15:46:19,104 DEBUG - __main__.FilterGoalEXPBFS.single_bfs:
Own Goals of agent b:
  Condition(['b'] hold_by ['j', 'b'] = 0)
  Condition(['b', 'a'] hold_by ['j', 'b'] = 1)
)
2025-10-22 15:46:19,116 DEBUG - __main__.FilterGoalEXPBFS.single_bfs:
["pick_up(['b', 'j'])", "move_right_with_item(['b', 'j'])", "drop_item(['b', 'j'])"]
2025-10-22 15:46:19,116 DEBUG - __main__.FilterGoalEXPBFS.single_bfs:
["pick_up(['b', 'j'])", "move_right_with_item(['a', 'i'])", "drop_item(['b', 'j'])"]
2025-10-22 15:46:19,130 DEBUG - __main__.FilterGoalEXPBFS.single_bfs:
Own Goals of agent a:
  Condition(['a', 'b'] hold_by ['j', 'b'] = 1)
  Condition(['a'] hold_by ['j', 'b'] = 1)
)
2025-10-22 15:46:19,130 DEBUG - __main__.FilterGoalEXPBFS.single_bfs:
Own Goals of agent b:
  Condition(['b'] hold_by ['j', 'b'] = 0)
  Condition(['b', 'a'] hold_by ['j', 'b'] = 1)
)
2025-10-22 15:46:19,139 DEBUG - __main__.FilterGoalEXPBFS.single_bfs:
["pick_up(['b', 'j'])", "move_right_with_item(['a', 'i'])", "drop_item(['b', 'j'])"]
2025-10-22 15:46:19,140 DEBUG - __main__.FilterGoalEXPBFS.single_bfs:
["pick_up(['b', 'j'])", "move_right_with_item(['b', 'j'])", "drop_item(['b', 'j'])"]
2025-10-22 15:46:19,148 DEBUG - __main__.FilterGoalEXPBFS.single_bfs:
Own Goals of agent a:
  Condition(['a', 'b'] hold_by ['j', 'b'] = 1)
  Condition(['a'] hold_by ['i', 'a'] = 0)
)
2025-10-22 15:46:19,148 DEBUG - __main__.FilterGoalEXPBFS.single_bfs:
Own Goals of agent b:
  Condition(['b'] hold_by ['j', 'b'] = 0)
  Condition(['b', 'a'] hold_by ['j', 'b'] = 1)
)
2025-10-22 15:46:19,164 DEBUG - __main__.FilterGoalEXPBFS.single_bfs:
["pick_up(['b', 'j'])", "drop_item(['a', 'i'])", "move_right_with_item(['b', 'j'])", "drop_item(['b', 'j'])"]
2025-10-22 15:46:19,164 DEBUG - __main__.FilterGoalEXPBFS.single_bfs:
["pick_up(['b', 'j'])", "move_right_with_item(['b', 'j'])", "drop_item(['b', 'j'])", "drop_item(['a', 'i'])"]
2025-10-22 15:46:19,170 DEBUG - __main__.FilterGoalEXPBFS.single_bfs:
["pick_up(['b', 'j'])", "drop_item(['a', 'i'])", "move_right_without_item(['a'])", "drop_item(['b', 'j'])"]
2025-10-22 15:46:19,175 DEBUG - __main__.FilterGoalEXPBFS.single_bfs:
["pick_up(['b', 'j'])", "move_right_with_item(['a', 'i'])", "drop_item(['a', 'i'])", "drop_item(['b', 'j'])"]
2025-10-22 15:46:19,205 DEBUG - __main__.FilterGoalEXPBFS.single_bfs:
Own Goals of agent a:
  Condition(['a', 'b'] hold_by ['j', 'b'] = 1)
  Condition(['a'] hold_by ['i', 'a'] = 1)
)
2025-10-22 15:46:19,205 DEBUG - __main__.FilterGoalEXPBFS.single_bfs:
Own Goals of agent b:
  Condition(['b'] hold_by ['j', 'b'] = 0)
  Condition(['b', 'a'] hold_by ['j', 'b'] = 1)
)
2025-10-22 15:46:19,216 DEBUG - __main__.FilterGoalEXPBFS.single_bfs:
["pick_up(['b', 'j'])", "move_right_with_item(['a', 'i'])", "drop_item(['b', 'j'])"]
2025-10-22 15:46:19,216 DEBUG - __main__.FilterGoalEXPBFS.single_bfs:
["pick_up(['b', 'j'])", "move_right_with_item(['b', 'j'])", "drop_item(['b', 'j'])"]
2025-10-22 15:46:19,230 DEBUG - __main__.FilterGoalEXPBFS.single_bfs:
Own Goals of agent a:
  Condition(['a', 'b'] hold_by ['i', 'a'] = 0)
  Condition(['a'] hold_by ['j', 'b'] = 1)
)
2025-10-22 15:46:19,230 DEBUG - __main__.FilterGoalEXPBFS.single_bfs:
Own Goals of agent b:
  Condition(['b'] hold_by ['j', 'b'] = 0)
  Condition(['b', 'a'] hold_by ['j', 'b'] = 1)
)
2025-10-22 15:46:19,243 DEBUG - __main__.FilterGoalEXPBFS.single_bfs:
["pick_up(['b', 'j'])", "drop_item(['a', 'i'])", "move_right_with_item(['b', 'j'])", "drop_item(['b', 'j'])"]
2025-10-22 15:46:19,250 DEBUG - __main__.FilterGoalEXPBFS.single_bfs:
["pick_up(['b', 'j'])", "drop_item(['a', 'i'])", "move_right_without_item(['a'])", "drop_item(['b', 'j'])"]
2025-10-22 15:46:19,278 DEBUG - __main__.FilterGoalEXPBFS.single_bfs:
Own Goals of agent a:
  Condition(['a', 'b'] hold_by ['i', 'a'] = 0)
  Condition(['a'] hold_by ['i', 'a'] = 1)
)
2025-10-22 15:46:19,278 DEBUG - __main__.FilterGoalEXPBFS.single_bfs:
Own Goals of agent b:
  Condition(['b'] hold_by ['j', 'b'] = 0)
  Condition(['b', 'a'] hold_by ['j', 'b'] = 1)
)
2025-10-22 15:46:19,321 DEBUG - __main__.FilterGoalEXPBFS.single_bfs:
["pick_up(['b', 'j'])", "drop_item(['a', 'i'])", "move_right_with_item(['b', 'j'])", "pick_up(['a', 'i'])", "drop_item(['b', 'j'])"]
2025-10-22 15:46:19,418 DEBUG - __main__.FilterGoalEXPBFS.single_bfs:
Own Goals of agent a:
  Condition(['a', 'b'] hold_by ['i', 'a'] = 0)
  Condition(['a', 'b'] hold_by ['j', 'b'] = 1)
)
2025-10-22 15:46:19,418 DEBUG - __main__.FilterGoalEXPBFS.single_bfs:
Own Goals of agent b:
  Condition(['b'] hold_by ['j', 'b'] = 0)
  Condition(['b', 'a'] hold_by ['j', 'b'] = 1)
)
2025-10-22 15:46:19,432 DEBUG - __main__.FilterGoalEXPBFS.single_bfs:
["pick_up(['b', 'j'])", "drop_item(['a', 'i'])", "move_right_with_item(['b', 'j'])", "drop_item(['b', 'j'])"]
2025-10-22 15:46:19,439 DEBUG - __main__.FilterGoalEXPBFS.single_bfs:
["pick_up(['b', 'j'])", "drop_item(['a', 'i'])", "move_right_without_item(['a'])", "drop_item(['b', 'j'])"]
2025-10-22 15:46:19,469 DEBUG - __main__.FilterGoalEXPBFS.single_bfs:
Own Goals of agent a:
  Condition(['a', 'b'] hold_by ['i', 'a'] = 1)
  Condition(['a'] hold_by ['j', 'b'] = 1)
)
2025-10-22 15:46:19,469 DEBUG - __main__.FilterGoalEXPBFS.single_bfs:
Own Goals of agent b:
  Condition(['b'] hold_by ['j', 'b'] = 0)
  Condition(['b', 'a'] hold_by ['j', 'b'] = 1)
)
2025-10-22 15:46:19,480 DEBUG - __main__.FilterGoalEXPBFS.single_bfs:
["pick_up(['b', 'j'])", "move_right_with_item(['a', 'i'])", "drop_item(['b', 'j'])"]
2025-10-22 15:46:19,480 DEBUG - __main__.FilterGoalEXPBFS.single_bfs:
["pick_up(['b', 'j'])", "move_right_with_item(['b', 'j'])", "drop_item(['b', 'j'])"]
2025-10-22 15:46:19,488 DEBUG - __main__.FilterGoalEXPBFS.single_bfs:
Own Goals of agent a:
  Condition(['a', 'b'] hold_by ['i', 'a'] = 1)
  Condition(['a'] hold_by ['i', 'a'] = 0)
)
2025-10-22 15:46:19,488 DEBUG - __main__.FilterGoalEXPBFS.single_bfs:
Own Goals of agent b:
  Condition(['b'] hold_by ['j', 'b'] = 0)
  Condition(['b', 'a'] hold_by ['j', 'b'] = 1)
)
2025-10-22 15:46:19,513 DEBUG - __main__.FilterGoalEXPBFS.single_bfs:
["pick_up(['b', 'j'])", "move_right_with_item(['b', 'j'])", "drop_item(['a', 'i'])", "drop_item(['b', 'j'])"]
2025-10-22 15:46:19,520 DEBUG - __main__.FilterGoalEXPBFS.single_bfs:
["pick_up(['b', 'j'])", "move_right_with_item(['a', 'i'])", "drop_item(['a', 'i'])", "drop_item(['b', 'j'])"]
2025-10-22 15:46:19,547 DEBUG - __main__.FilterGoalEXPBFS.single_bfs:
Own Goals of agent a:
  Condition(['a', 'b'] hold_by ['i', 'a'] = 1)
  Condition(['a', 'b'] hold_by ['j', 'b'] = 1)
)
2025-10-22 15:46:19,547 DEBUG - __main__.FilterGoalEXPBFS.single_bfs:
Own Goals of agent b:
  Condition(['b'] hold_by ['j', 'b'] = 0)
  Condition(['b', 'a'] hold_by ['j', 'b'] = 1)
)
2025-10-22 15:46:19,559 DEBUG - __main__.FilterGoalEXPBFS.single_bfs:
["pick_up(['b', 'j'])", "move_right_with_item(['a', 'i'])", "drop_item(['b', 'j'])"]
2025-10-22 15:46:19,559 DEBUG - __main__.FilterGoalEXPBFS.single_bfs:
["pick_up(['b', 'j'])", "move_right_with_item(['b', 'j'])", "drop_item(['b', 'j'])"]
2025-10-22 15:46:19,568 INFO - __main__.FilterGoalEXPBFS.bfs:
Models: 13, Exapnds: 572, 0.988ms/expand
2025-10-22 15:46:19,568 INFO - __main__.FilterGoalEXPBFS.get_policy:
[("pick_up(['b', 'j'])", 29)]
{'a': 9, 'b': 13}
2025-10-22 15:46:19,568 INFO - __main__.Model.simulate:
b takes action: pick_up(['b', 'j'])
2025-10-22 15:46:19,569 DEBUG - __main__.FilterGoalEXPBFS.single_bfs:
Own Goals of agent a:
  Condition(['a'] hold_by ['i', 'a'] = 0)
  Condition(['a', 'b'] hold_by ['i', 'a'] = 1)
)
2025-10-22 15:46:19,569 DEBUG - __main__.FilterGoalEXPBFS.single_bfs:
Own Goals of agent b:
  Condition(['b', 'a'] hold_by ['j', 'b'] = 0)
  Condition(['b'] hold_by ['j', 'b'] = 1)
)
2025-10-22 15:46:19,619 DEBUG - __main__.FilterGoalEXPBFS.single_bfs:
["stay(['a'])", "drop_item(['b', 'j'])", "move_right_with_item(['a', 'i'])", "drop_item(['a', 'i'])", "pick_up(['b', 'j'])"]
2025-10-22 15:46:19,691 DEBUG - __main__.FilterGoalEXPBFS.single_bfs:
Own Goals of agent a:
  Condition(['a'] hold_by ['i', 'a'] = 0)
  Condition(['a', 'b'] hold_by ['i', 'a'] = 1)
)
2025-10-22 15:46:19,691 DEBUG - __main__.FilterGoalEXPBFS.single_bfs:
Own Goals of agent b:
  Condition(['b', 'a'] hold_by ['j', 'b'] = 1)
  Condition(['b'] hold_by ['j', 'b'] = 0)
)
2025-10-22 15:46:19,704 DEBUG - __main__.FilterGoalEXPBFS.single_bfs:
["move_right_with_item(['a', 'i'])", "drop_item(['b', 'j'])", "drop_item(['a', 'i'])"]
2025-10-22 15:46:19,724 INFO - __main__.FilterGoalEXPBFS.bfs:
Models: 2, Exapnds: 131, 1.185ms/expand
2025-10-22 15:46:19,724 INFO - __main__.FilterGoalEXPBFS.get_policy:
[("stay(['a'])", 1), ("move_right_with_item(['a', 'i'])", 1)]
{'a': 2, 'b': 6}
2025-10-22 15:46:19,724 INFO - __main__.Model.simulate:
a takes action: move_right_with_item(['a', 'i'])
2025-10-22 15:46:19,725 DEBUG - __main__.FilterGoalEXPBFS.single_bfs:
Own Goals of agent a:
  Condition(['a'] hold_by ['i', 'a'] = 0)
  Condition(['a'] hold_by ['j', 'b'] = 1)
)
2025-10-22 15:46:19,725 DEBUG - __main__.FilterGoalEXPBFS.single_bfs:
Own Goals of agent b:
  Condition(['b'] hold_by ['j', 'b'] = 0)
  Condition(['b', 'a'] hold_by ['j', 'b'] = 1)
)
2025-10-22 15:46:19,729 DEBUG - __main__.FilterGoalEXPBFS.single_bfs:
["drop_item(['b', 'j'])", "drop_item(['a', 'i'])"]
2025-10-22 15:46:19,739 DEBUG - __main__.FilterGoalEXPBFS.single_bfs:
Own Goals of agent a:
  Condition(['a', 'b'] hold_by ['j', 'b'] = 1)
  Condition(['a'] hold_by ['i', 'a'] = 0)
)
2025-10-22 15:46:19,739 DEBUG - __main__.FilterGoalEXPBFS.single_bfs:
Own Goals of agent b:
  Condition(['b'] hold_by ['j', 'b'] = 0)
  Condition(['b', 'a'] hold_by ['j', 'b'] = 1)
)
2025-10-22 15:46:19,743 DEBUG - __main__.FilterGoalEXPBFS.single_bfs:
["drop_item(['b', 'j'])", "drop_item(['a', 'i'])"]
2025-10-22 15:46:19,754 DEBUG - __main__.FilterGoalEXPBFS.single_bfs:
Own Goals of agent a:
  Condition(['a', 'b'] hold_by ['i', 'a'] = 0)
  Condition(['a'] hold_by ['j', 'b'] = 1)
)
2025-10-22 15:46:19,754 DEBUG - __main__.FilterGoalEXPBFS.single_bfs:
Own Goals of agent b:
  Condition(['b'] hold_by ['j', 'b'] = 0)
  Condition(['b', 'a'] hold_by ['j', 'b'] = 1)
)
2025-10-22 15:46:19,779 DEBUG - __main__.FilterGoalEXPBFS.single_bfs:
["move_right_with_item(['b', 'j'])", "drop_item(['a', 'i'])", "move_left_with_item(['b', 'j'])", "drop_item(['b', 'j'])"]
2025-10-22 15:46:19,780 DEBUG - __main__.FilterGoalEXPBFS.single_bfs:
["move_right_with_item(['b', 'j'])", "drop_item(['a', 'i'])", "move_left_without_item(['a'])", "drop_item(['b', 'j'])"]
2025-10-22 15:46:19,793 DEBUG - __main__.FilterGoalEXPBFS.single_bfs:
Own Goals of agent a:
  Condition(['a', 'b'] hold_by ['i', 'a'] = 0)
  Condition(['a'] hold_by ['i', 'a'] = 1)
)
2025-10-22 15:46:19,793 DEBUG - __main__.FilterGoalEXPBFS.single_bfs:
Own Goals of agent b:
  Condition(['b'] hold_by ['j', 'b'] = 0)
  Condition(['b', 'a'] hold_by ['j', 'b'] = 1)
)
2025-10-22 15:46:19,850 DEBUG - __main__.FilterGoalEXPBFS.single_bfs:
["move_right_with_item(['b', 'j'])", "drop_item(['a', 'i'])", "move_left_with_item(['b', 'j'])", "drop_item(['b', 'j'])", "pick_up(['a', 'i'])"]
2025-10-22 15:46:19,940 DEBUG - __main__.FilterGoalEXPBFS.single_bfs:
Own Goals of agent a:
  Condition(['a', 'b'] hold_by ['i', 'a'] = 0)
  Condition(['a', 'b'] hold_by ['j', 'b'] = 1)
)
2025-10-22 15:46:19,940 DEBUG - __main__.FilterGoalEXPBFS.single_bfs:
Own Goals of agent b:
  Condition(['b'] hold_by ['j', 'b'] = 0)
  Condition(['b', 'a'] hold_by ['j', 'b'] = 1)
)
2025-10-22 15:46:19,966 DEBUG - __main__.FilterGoalEXPBFS.single_bfs:
["move_right_with_item(['b', 'j'])", "drop_item(['a', 'i'])", "move_left_with_item(['b', 'j'])", "drop_item(['b', 'j'])"]
2025-10-22 15:46:19,967 DEBUG - __main__.FilterGoalEXPBFS.single_bfs:
["move_right_with_item(['b', 'j'])", "drop_item(['a', 'i'])", "move_left_without_item(['a'])", "drop_item(['b', 'j'])"]
2025-10-22 15:46:19,981 DEBUG - __main__.FilterGoalEXPBFS.single_bfs:
Own Goals of agent a:
  Condition(['a', 'b'] hold_by ['i', 'a'] = 1)
  Condition(['a'] hold_by ['i', 'a'] = 0)
)
2025-10-22 15:46:19,981 DEBUG - __main__.FilterGoalEXPBFS.single_bfs:
Own Goals of agent b:
  Condition(['b'] hold_by ['j', 'b'] = 0)
  Condition(['b', 'a'] hold_by ['j', 'b'] = 1)
)
2025-10-22 15:46:19,985 DEBUG - __main__.FilterGoalEXPBFS.single_bfs:
["drop_item(['b', 'j'])", "drop_item(['a', 'i'])"]
2025-10-22 15:46:20,006 INFO - __main__.FilterGoalEXPBFS.bfs:
Models: 6, Exapnds: 239, 1.174ms/expand
2025-10-22 15:46:20,006 INFO - __main__.FilterGoalEXPBFS.get_policy:
[("drop_item(['b', 'j'])", 3), ("move_right_with_item(['b', 'j'])", 5)]
{'a': 2, 'b': 6}
2025-10-22 15:46:20,006 INFO - __main__.Model.simulate:
b takes action: move_right_with_item(['b', 'j'])
2025-10-22 15:46:20,007 DEBUG - __main__.FilterGoalEXPBFS.single_bfs:
Own Goals of agent a:
  Condition(['a'] hold_by ['i', 'a'] = 0)
  Condition(['a', 'b'] hold_by ['i', 'a'] = 1)
)
2025-10-22 15:46:20,007 DEBUG - __main__.FilterGoalEXPBFS.single_bfs:
Own Goals of agent b:
  Condition(['b', 'a'] hold_by ['j', 'b'] = 0)
  Condition(['b'] hold_by ['j', 'b'] = 1)
)
2025-10-22 15:46:20,078 DEBUG - __main__.FilterGoalEXPBFS.single_bfs:
["stay(['a'])", "drop_item(['b', 'j'])", "move_left_with_item(['a', 'i'])", "drop_item(['a', 'i'])", "pick_up(['b', 'j'])"]
2025-10-22 15:46:20,152 DEBUG - __main__.FilterGoalEXPBFS.single_bfs:
Own Goals of agent a:
  Condition(['a'] hold_by ['i', 'a'] = 0)
  Condition(['a', 'b'] hold_by ['i', 'a'] = 1)
)
2025-10-22 15:46:20,152 DEBUG - __main__.FilterGoalEXPBFS.single_bfs:
Own Goals of agent b:
  Condition(['b', 'a'] hold_by ['j', 'b'] = 1)
  Condition(['b'] hold_by ['j', 'b'] = 0)
)
2025-10-22 15:46:20,167 DEBUG - __main__.FilterGoalEXPBFS.single_bfs:
["move_left_with_item(['a', 'i'])", "drop_item(['b', 'j'])", "drop_item(['a', 'i'])"]
2025-10-22 15:46:20,187 INFO - __main__.FilterGoalEXPBFS.bfs:
Models: 2, Exapnds: 128, 1.408ms/expand
2025-10-22 15:46:20,187 INFO - __main__.FilterGoalEXPBFS.get_policy:
[("stay(['a'])", 1), ("move_left_with_item(['a', 'i'])", 1)]
{'a': 2, 'b': 6}
2025-10-22 15:46:20,187 INFO - __main__.Model.simulate:
a takes action: stay(['a'])
2025-10-22 15:46:20,188 DEBUG - __main__.FilterGoalEXPBFS.single_bfs:
Own Goals of agent a:
  Condition(['a'] hold_by ['i', 'a'] = 0)
  Condition(['a'] hold_by ['j', 'b'] = 1)
)
2025-10-22 15:46:20,188 DEBUG - __main__.FilterGoalEXPBFS.single_bfs:
Own Goals of agent b:
  Condition(['b'] hold_by ['j', 'b'] = 0)
  Condition(['b', 'a'] hold_by ['j', 'b'] = 1)
)
2025-10-22 15:46:20,199 DEBUG - __main__.FilterGoalEXPBFS.single_bfs:
["move_left_with_item(['b', 'j'])", "drop_item(['a', 'i'])", "drop_item(['b', 'j'])"]
2025-10-22 15:46:20,218 DEBUG - __main__.FilterGoalEXPBFS.single_bfs:
Own Goals of agent a:
  Condition(['a', 'b'] hold_by ['j', 'b'] = 1)
  Condition(['a'] hold_by ['i', 'a'] = 0)
)
2025-10-22 15:46:20,219 DEBUG - __main__.FilterGoalEXPBFS.single_bfs:
Own Goals of agent b:
  Condition(['b'] hold_by ['j', 'b'] = 0)
  Condition(['b', 'a'] hold_by ['j', 'b'] = 1)
)
2025-10-22 15:46:20,231 DEBUG - __main__.FilterGoalEXPBFS.single_bfs:
["move_left_with_item(['b', 'j'])", "drop_item(['a', 'i'])", "drop_item(['b', 'j'])"]
2025-10-22 15:46:20,252 DEBUG - __main__.FilterGoalEXPBFS.single_bfs:
Own Goals of agent a:
  Condition(['a', 'b'] hold_by ['i', 'a'] = 0)
  Condition(['a'] hold_by ['j', 'b'] = 1)
)
2025-10-22 15:46:20,252 DEBUG - __main__.FilterGoalEXPBFS.single_bfs:
Own Goals of agent b:
  Condition(['b'] hold_by ['j', 'b'] = 0)
  Condition(['b', 'a'] hold_by ['j', 'b'] = 1)
)
2025-10-22 15:46:20,308 DEBUG - __main__.FilterGoalEXPBFS.single_bfs:
["move_left_with_item(['b', 'j'])", "drop_item(['a', 'i'])", "move_left_without_item(['a'])", "move_right_with_item(['b', 'j'])", "drop_item(['b', 'j'])"]
2025-10-22 15:46:20,308 DEBUG - __main__.FilterGoalEXPBFS.single_bfs:
["move_left_with_item(['b', 'j'])", "drop_item(['a', 'i'])", "move_right_with_item(['b', 'j'])", "move_left_without_item(['a'])", "drop_item(['b', 'j'])"]
2025-10-22 15:46:20,312 DEBUG - __main__.FilterGoalEXPBFS.single_bfs:
["move_left_with_item(['b', 'j'])", "drop_item(['a', 'i'])", "move_right_with_item(['b', 'j'])", "move_left_with_item(['b', 'j'])", "drop_item(['b', 'j'])"]
2025-10-22 15:46:20,319 DEBUG - __main__.FilterGoalEXPBFS.single_bfs:
["move_left_with_item(['b', 'j'])", "drop_item(['a', 'i'])", "move_left_without_item(['a'])", "move_right_without_item(['a'])", "drop_item(['b', 'j'])"]
2025-10-22 15:46:20,381 DEBUG - __main__.FilterGoalEXPBFS.single_bfs:
Own Goals of agent a:
  Condition(['a', 'b'] hold_by ['i', 'a'] = 0)
  Condition(['a'] hold_by ['i', 'a'] = 1)
)
2025-10-22 15:46:20,381 DEBUG - __main__.FilterGoalEXPBFS.single_bfs:
Own Goals of agent b:
  Condition(['b'] hold_by ['j', 'b'] = 0)
  Condition(['b', 'a'] hold_by ['j', 'b'] = 1)
)
2025-10-22 15:46:20,515 DEBUG - __main__.FilterGoalEXPBFS.single_bfs:
["move_left_with_item(['b', 'j'])", "drop_item(['a', 'i'])", "move_left_without_item(['a'])", "move_right_without_item(['a'])", "drop_item(['b', 'j'])", "pick_up(['a', 'i'])"]
2025-10-22 15:46:20,538 DEBUG - __main__.FilterGoalEXPBFS.single_bfs:
["drop_item(['b', 'j'])", "drop_item(['a', 'i'])", "pick_up(['b', 'j'])", "move_left_with_item(['b', 'j'])", "pick_up(['a', 'i'])", "drop_item(['b', 'j'])"]
2025-10-22 15:46:20,789 DEBUG - __main__.FilterGoalEXPBFS.single_bfs:
Own Goals of agent a:
  Condition(['a', 'b'] hold_by ['i', 'a'] = 0)
  Condition(['a', 'b'] hold_by ['j', 'b'] = 1)
)
2025-10-22 15:46:20,789 DEBUG - __main__.FilterGoalEXPBFS.single_bfs:
Own Goals of agent b:
  Condition(['b'] hold_by ['j', 'b'] = 0)
  Condition(['b', 'a'] hold_by ['j', 'b'] = 1)
)
2025-10-22 15:46:20,849 DEBUG - __main__.FilterGoalEXPBFS.single_bfs:
["move_left_with_item(['b', 'j'])", "drop_item(['a', 'i'])", "move_left_without_item(['a'])", "move_right_with_item(['b', 'j'])", "drop_item(['b', 'j'])"]
2025-10-22 15:46:20,849 DEBUG - __main__.FilterGoalEXPBFS.single_bfs:
["move_left_with_item(['b', 'j'])", "drop_item(['a', 'i'])", "move_right_with_item(['b', 'j'])", "move_left_without_item(['a'])", "drop_item(['b', 'j'])"]
2025-10-22 15:46:20,853 DEBUG - __main__.FilterGoalEXPBFS.single_bfs:
["move_left_with_item(['b', 'j'])", "drop_item(['a', 'i'])", "move_right_with_item(['b', 'j'])", "move_left_with_item(['b', 'j'])", "drop_item(['b', 'j'])"]
2025-10-22 15:46:20,861 DEBUG - __main__.FilterGoalEXPBFS.single_bfs:
["move_left_with_item(['b', 'j'])", "drop_item(['a', 'i'])", "move_left_without_item(['a'])", "move_right_without_item(['a'])", "drop_item(['b', 'j'])"]
2025-10-22 15:46:20,927 DEBUG - __main__.FilterGoalEXPBFS.single_bfs:
Own Goals of agent a:
  Condition(['a', 'b'] hold_by ['i', 'a'] = 1)
  Condition(['a'] hold_by ['i', 'a'] = 0)
)
2025-10-22 15:46:20,927 DEBUG - __main__.FilterGoalEXPBFS.single_bfs:
Own Goals of agent b:
  Condition(['b'] hold_by ['j', 'b'] = 0)
  Condition(['b', 'a'] hold_by ['j', 'b'] = 1)
)
2025-10-22 15:46:20,942 DEBUG - __main__.FilterGoalEXPBFS.single_bfs:
["move_left_with_item(['b', 'j'])", "drop_item(['b', 'j'])", "drop_item(['a', 'i'])"]
2025-10-22 15:46:20,974 INFO - __main__.FilterGoalEXPBFS.bfs:
Models: 6, Exapnds: 476, 1.652ms/expand
2025-10-22 15:46:20,974 INFO - __main__.FilterGoalEXPBFS.get_policy:
[("move_left_with_item(['b', 'j'])", 12), ("drop_item(['b', 'j'])", 1)]
{'a': 2, 'b': 6}
2025-10-22 15:46:20,974 INFO - __main__.Model.simulate:
b takes action: move_left_with_item(['b', 'j'])
2025-10-22 15:46:20,975 DEBUG - __main__.FilterGoalEXPBFS.single_bfs:
Own Goals of agent a:
  Condition(['a'] hold_by ['i', 'a'] = 0)
  Condition(['a', 'b'] hold_by ['i', 'a'] = 1)
)
2025-10-22 15:46:20,975 DEBUG - __main__.FilterGoalEXPBFS.single_bfs:
Own Goals of agent b:
  Condition(['b', 'a'] hold_by ['j', 'b'] = 0)
  Condition(['b'] hold_by ['j', 'b'] = 1)
)
2025-10-22 15:46:21,040 DEBUG - __main__.FilterGoalEXPBFS.single_bfs:
["move_left_with_item(['a', 'i'])", "drop_item(['b', 'j'])", "move_right_with_item(['a', 'i'])", "drop_item(['a', 'i'])", "pick_up(['b', 'j'])"]
2025-10-22 15:46:21,113 DEBUG - __main__.FilterGoalEXPBFS.single_bfs:
Own Goals of agent a:
  Condition(['a'] hold_by ['i', 'a'] = 0)
  Condition(['a', 'b'] hold_by ['i', 'a'] = 1)
)
2025-10-22 15:46:21,113 DEBUG - __main__.FilterGoalEXPBFS.single_bfs:
Own Goals of agent b:
  Condition(['b', 'a'] hold_by ['j', 'b'] = 1)
  Condition(['b'] hold_by ['j', 'b'] = 0)
)
2025-10-22 15:46:21,118 DEBUG - __main__.FilterGoalEXPBFS.single_bfs:
["drop_item(['a', 'i'])", "drop_item(['b', 'j'])"]
2025-10-22 15:46:21,141 INFO - __main__.FilterGoalEXPBFS.bfs:
Models: 2, Exapnds: 115, 1.437ms/expand
2025-10-22 15:46:21,141 INFO - __main__.FilterGoalEXPBFS.get_policy:
[("move_left_with_item(['a', 'i'])", 1), ("drop_item(['a', 'i'])", 1)]
{'a': 2, 'b': 6}
2025-10-22 15:46:21,141 INFO - __main__.Model.simulate:
a takes action: move_left_with_item(['a', 'i'])
2025-10-22 15:46:21,142 DEBUG - __main__.FilterGoalEXPBFS.single_bfs:
Own Goals of agent a:
  Condition(['a'] hold_by ['i', 'a'] = 0)
  Condition(['a'] hold_by ['j', 'b'] = 1)
)
2025-10-22 15:46:21,142 DEBUG - __main__.FilterGoalEXPBFS.single_bfs:
Own Goals of agent b:
  Condition(['b'] hold_by ['j', 'b'] = 0)
  Condition(['b', 'a'] hold_by ['j', 'b'] = 1)
)
2025-10-22 15:46:21,156 DEBUG - __main__.FilterGoalEXPBFS.single_bfs:
["move_right_with_item(['b', 'j'])", "drop_item(['a', 'i'])", "drop_item(['b', 'j'])"]
2025-10-22 15:46:21,180 DEBUG - __main__.FilterGoalEXPBFS.single_bfs:
Own Goals of agent a:
  Condition(['a', 'b'] hold_by ['j', 'b'] = 1)
  Condition(['a'] hold_by ['i', 'a'] = 0)
)
2025-10-22 15:46:21,180 DEBUG - __main__.FilterGoalEXPBFS.single_bfs:
Own Goals of agent b:
  Condition(['b'] hold_by ['j', 'b'] = 0)
  Condition(['b', 'a'] hold_by ['j', 'b'] = 1)
)
2025-10-22 15:46:21,195 DEBUG - __main__.FilterGoalEXPBFS.single_bfs:
["move_right_with_item(['b', 'j'])", "drop_item(['a', 'i'])", "drop_item(['b', 'j'])"]
2025-10-22 15:46:21,221 DEBUG - __main__.FilterGoalEXPBFS.single_bfs:
Own Goals of agent a:
  Condition(['a', 'b'] hold_by ['i', 'a'] = 0)
  Condition(['a'] hold_by ['j', 'b'] = 1)
)
2025-10-22 15:46:21,221 DEBUG - __main__.FilterGoalEXPBFS.single_bfs:
Own Goals of agent b:
  Condition(['b'] hold_by ['j', 'b'] = 0)
  Condition(['b', 'a'] hold_by ['j', 'b'] = 1)
)
2025-10-22 15:46:21,269 DEBUG - __main__.FilterGoalEXPBFS.single_bfs:
["move_right_with_item(['b', 'j'])", "drop_item(['a', 'i'])", "move_right_without_item(['a'])", "move_left_with_item(['b', 'j'])", "drop_item(['b', 'j'])"]
2025-10-22 15:46:21,273 DEBUG - __main__.FilterGoalEXPBFS.single_bfs:
["move_right_with_item(['b', 'j'])", "drop_item(['a', 'i'])", "move_left_with_item(['b', 'j'])", "move_right_with_item(['b', 'j'])", "drop_item(['b', 'j'])"]
2025-10-22 15:46:21,287 DEBUG - __main__.FilterGoalEXPBFS.single_bfs:
["move_right_with_item(['b', 'j'])", "drop_item(['a', 'i'])", "move_left_with_item(['b', 'j'])", "move_right_without_item(['a'])", "drop_item(['b', 'j'])"]
2025-10-22 15:46:21,288 DEBUG - __main__.FilterGoalEXPBFS.single_bfs:
["move_right_with_item(['b', 'j'])", "drop_item(['a', 'i'])", "move_right_without_item(['a'])", "move_left_without_item(['a'])", "drop_item(['b', 'j'])"]
2025-10-22 15:46:21,321 DEBUG - __main__.FilterGoalEXPBFS.single_bfs:
Own Goals of agent a:
  Condition(['a', 'b'] hold_by ['i', 'a'] = 0)
  Condition(['a'] hold_by ['i', 'a'] = 1)
)
2025-10-22 15:46:21,321 DEBUG - __main__.FilterGoalEXPBFS.single_bfs:
Own Goals of agent b:
  Condition(['b'] hold_by ['j', 'b'] = 0)
  Condition(['b', 'a'] hold_by ['j', 'b'] = 1)
)
2025-10-22 15:46:21,435 DEBUG - __main__.FilterGoalEXPBFS.single_bfs:
["move_right_with_item(['b', 'j'])", "drop_item(['a', 'i'])", "move_right_without_item(['a'])", "move_left_without_item(['a'])", "pick_up(['a', 'i'])", "drop_item(['b', 'j'])"]
2025-10-22 15:46:21,473 DEBUG - __main__.FilterGoalEXPBFS.single_bfs:
["drop_item(['b', 'j'])", "drop_item(['a', 'i'])", "pick_up(['b', 'j'])", "move_right_with_item(['b', 'j'])", "drop_item(['b', 'j'])", "pick_up(['a', 'i'])"]
2025-10-22 15:46:21,653 DEBUG - __main__.FilterGoalEXPBFS.single_bfs:
Own Goals of agent a:
  Condition(['a', 'b'] hold_by ['i', 'a'] = 0)
  Condition(['a', 'b'] hold_by ['j', 'b'] = 1)
)
2025-10-22 15:46:21,653 DEBUG - __main__.FilterGoalEXPBFS.single_bfs:
Own Goals of agent b:
  Condition(['b'] hold_by ['j', 'b'] = 0)
  Condition(['b', 'a'] hold_by ['j', 'b'] = 1)
)
2025-10-22 15:46:21,703 DEBUG - __main__.FilterGoalEXPBFS.single_bfs:
["move_right_with_item(['b', 'j'])", "drop_item(['a', 'i'])", "move_right_without_item(['a'])", "move_left_with_item(['b', 'j'])", "drop_item(['b', 'j'])"]
2025-10-22 15:46:21,708 DEBUG - __main__.FilterGoalEXPBFS.single_bfs:
["move_right_with_item(['b', 'j'])", "drop_item(['a', 'i'])", "move_left_with_item(['b', 'j'])", "move_right_with_item(['b', 'j'])", "drop_item(['b', 'j'])"]
2025-10-22 15:46:21,723 DEBUG - __main__.FilterGoalEXPBFS.single_bfs:
["move_right_with_item(['b', 'j'])", "drop_item(['a', 'i'])", "move_left_with_item(['b', 'j'])", "move_right_without_item(['a'])", "drop_item(['b', 'j'])"]
2025-10-22 15:46:21,724 DEBUG - __main__.FilterGoalEXPBFS.single_bfs:
["move_right_with_item(['b', 'j'])", "drop_item(['a', 'i'])", "move_right_without_item(['a'])", "move_left_without_item(['a'])", "drop_item(['b', 'j'])"]
2025-10-22 15:46:21,759 DEBUG - __main__.FilterGoalEXPBFS.single_bfs:
Own Goals of agent a:
  Condition(['a', 'b'] hold_by ['i', 'a'] = 1)
  Condition(['a'] hold_by ['i', 'a'] = 0)
)
2025-10-22 15:46:21,759 DEBUG - __main__.FilterGoalEXPBFS.single_bfs:
Own Goals of agent b:
  Condition(['b'] hold_by ['j', 'b'] = 0)
  Condition(['b', 'a'] hold_by ['j', 'b'] = 1)
)
2025-10-22 15:46:21,777 DEBUG - __main__.FilterGoalEXPBFS.single_bfs:
["move_right_with_item(['b', 'j'])", "drop_item(['b', 'j'])", "drop_item(['a', 'i'])"]
2025-10-22 15:46:21,799 INFO - __main__.FilterGoalEXPBFS.bfs:
Models: 6, Exapnds: 370, 1.777ms/expand
2025-10-22 15:46:21,799 INFO - __main__.FilterGoalEXPBFS.get_policy:
[("move_right_with_item(['b', 'j'])", 12), ("drop_item(['b', 'j'])", 1)]
{'a': 2, 'b': 6}
2025-10-22 15:46:21,800 INFO - __main__.Model.simulate:
b takes action: move_right_with_item(['b', 'j'])
2025-10-22 15:46:21,801 DEBUG - __main__.FilterGoalEXPBFS.single_bfs:
Own Goals of agent a:
  Condition(['a'] hold_by ['i', 'a'] = 0)
  Condition(['a', 'b'] hold_by ['i', 'a'] = 1)
)
2025-10-22 15:46:21,801 DEBUG - __main__.FilterGoalEXPBFS.single_bfs:
Own Goals of agent b:
  Condition(['b', 'a'] hold_by ['j', 'b'] = 0)
  Condition(['b'] hold_by ['j', 'b'] = 1)
)
2025-10-22 15:46:21,941 DEBUG - __main__.FilterGoalEXPBFS.single_bfs:
["stay(['a'])", "drop_item(['b', 'j'])", "move_left_without_item(['b'])", "move_right_without_item(['b'])", "pick_up(['b', 'j'])", "drop_item(['a', 'i'])"]
2025-10-22 15:46:21,994 DEBUG - __main__.FilterGoalEXPBFS.single_bfs:
["stay(['a'])", "drop_item(['b', 'j'])", "move_right_with_item(['a', 'i'])", "move_left_with_item(['a', 'i'])", "pick_up(['b', 'j'])", "drop_item(['a', 'i'])"]
2025-10-22 15:46:22,069 DEBUG - __main__.FilterGoalEXPBFS.single_bfs:
Own Goals of agent a:
  Condition(['a'] hold_by ['i', 'a'] = 0)
  Condition(['a', 'b'] hold_by ['i', 'a'] = 1)
)
2025-10-22 15:46:22,069 DEBUG - __main__.FilterGoalEXPBFS.single_bfs:
Own Goals of agent b:
  Condition(['b', 'a'] hold_by ['j', 'b'] = 1)
  Condition(['b'] hold_by ['j', 'b'] = 0)
)
2025-10-22 15:46:22,075 DEBUG - __main__.FilterGoalEXPBFS.single_bfs:
["drop_item(['a', 'i'])", "drop_item(['b', 'j'])"]
2025-10-22 15:46:22,090 INFO - __main__.FilterGoalEXPBFS.bfs:
Models: 2, Exapnds: 152, 1.902ms/expand
2025-10-22 15:46:22,090 INFO - __main__.FilterGoalEXPBFS.get_policy:
[("stay(['a'])", 2), ("drop_item(['a', 'i'])", 1)]
{'a': 2, 'b': 6}
2025-10-22 15:46:22,090 INFO - __main__.Model.simulate:
a takes action: stay(['a'])
2025-10-22 15:46:22,091 DEBUG - __main__.FilterGoalEXPBFS.single_bfs:
Own Goals of agent a:
  Condition(['a'] hold_by ['i', 'a'] = 0)
  Condition(['a'] hold_by ['j', 'b'] = 1)
)
2025-10-22 15:46:22,091 DEBUG - __main__.FilterGoalEXPBFS.single_bfs:
Own Goals of agent b:
  Condition(['b'] hold_by ['j', 'b'] = 0)
  Condition(['b', 'a'] hold_by ['j', 'b'] = 1)
)
2025-10-22 15:46:22,097 DEBUG - __main__.FilterGoalEXPBFS.single_bfs:
["drop_item(['b', 'j'])", "drop_item(['a', 'i'])"]
2025-10-22 15:46:22,109 DEBUG - __main__.FilterGoalEXPBFS.single_bfs:
Own Goals of agent a:
  Condition(['a', 'b'] hold_by ['j', 'b'] = 1)
  Condition(['a'] hold_by ['i', 'a'] = 0)
)
2025-10-22 15:46:22,109 DEBUG - __main__.FilterGoalEXPBFS.single_bfs:
Own Goals of agent b:
  Condition(['b'] hold_by ['j', 'b'] = 0)
  Condition(['b', 'a'] hold_by ['j', 'b'] = 1)
)
2025-10-22 15:46:22,115 DEBUG - __main__.FilterGoalEXPBFS.single_bfs:
["drop_item(['b', 'j'])", "drop_item(['a', 'i'])"]
2025-10-22 15:46:22,127 DEBUG - __main__.FilterGoalEXPBFS.single_bfs:
Own Goals of agent a:
  Condition(['a', 'b'] hold_by ['i', 'a'] = 0)
  Condition(['a'] hold_by ['j', 'b'] = 1)
)
2025-10-22 15:46:22,127 DEBUG - __main__.FilterGoalEXPBFS.single_bfs:
Own Goals of agent b:
  Condition(['b'] hold_by ['j', 'b'] = 0)
  Condition(['b', 'a'] hold_by ['j', 'b'] = 1)
)
2025-10-22 15:46:22,229 DEBUG - __main__.FilterGoalEXPBFS.single_bfs:
["move_left_with_item(['b', 'j'])", "move_right_with_item(['a', 'i'])", "drop_item(['a', 'i'])", "move_left_without_item(['a'])", "move_right_with_item(['b', 'j'])", "drop_item(['b', 'j'])"]
2025-10-22 15:46:22,238 DEBUG - __main__.FilterGoalEXPBFS.single_bfs:
["drop_item(['b', 'j'])", "drop_item(['a', 'i'])", "pick_up(['b', 'j'])", "move_left_with_item(['b', 'j'])", "move_right_with_item(['b', 'j'])", "drop_item(['b', 'j'])"]
2025-10-22 15:46:22,281 DEBUG - __main__.FilterGoalEXPBFS.single_bfs:
["move_left_with_item(['b', 'j'])", "move_right_with_item(['a', 'i'])", "drop_item(['a', 'i'])", "move_right_with_item(['b', 'j'])", "move_left_with_item(['b', 'j'])", "drop_item(['b', 'j'])"]
2025-10-22 15:46:22,282 DEBUG - __main__.FilterGoalEXPBFS.single_bfs:
["drop_item(['b', 'j'])", "drop_item(['a', 'i'])", "move_right_without_item(['a'])", "pick_up(['b', 'j'])", "move_left_without_item(['a'])", "drop_item(['b', 'j'])"]
2025-10-22 15:46:22,290 DEBUG - __main__.FilterGoalEXPBFS.single_bfs:
["drop_item(['b', 'j'])", "drop_item(['a', 'i'])", "pick_up(['b', 'j'])", "move_left_with_item(['b', 'j'])", "move_right_without_item(['a'])", "drop_item(['b', 'j'])"]
2025-10-22 15:46:22,290 DEBUG - __main__.FilterGoalEXPBFS.single_bfs:
["move_left_with_item(['b', 'j'])", "move_right_with_item(['a', 'i'])", "drop_item(['a', 'i'])", "move_right_with_item(['b', 'j'])", "move_left_without_item(['a'])", "drop_item(['b', 'j'])"]
2025-10-22 15:46:22,302 DEBUG - __main__.FilterGoalEXPBFS.single_bfs:
["move_left_with_item(['b', 'j'])", "move_right_with_item(['a', 'i'])", "drop_item(['a', 'i'])", "move_left_without_item(['a'])", "move_right_without_item(['a'])", "drop_item(['b', 'j'])"]
2025-10-22 15:46:22,303 DEBUG - __main__.FilterGoalEXPBFS.single_bfs:
["drop_item(['b', 'j'])", "drop_item(['a', 'i'])", "move_right_without_item(['a'])", "pick_up(['b', 'j'])", "move_left_with_item(['b', 'j'])", "drop_item(['b', 'j'])"]
2025-10-22 15:46:22,398 DEBUG - __main__.FilterGoalEXPBFS.single_bfs:
Own Goals of agent a:
  Condition(['a', 'b'] hold_by ['i', 'a'] = 0)
  Condition(['a'] hold_by ['i', 'a'] = 1)
)
2025-10-22 15:46:22,398 DEBUG - __main__.FilterGoalEXPBFS.single_bfs:
Own Goals of agent b:
  Condition(['b'] hold_by ['j', 'b'] = 0)
  Condition(['b', 'a'] hold_by ['j', 'b'] = 1)
)
2025-10-22 15:46:22,573 DEBUG - __main__.FilterGoalEXPBFS.single_bfs:
["stay(['b'])", "drop_item(['a', 'i'])", "move_left_with_item(['b', 'j'])", "move_right_with_item(['b', 'j'])", "pick_up(['a', 'i'])", "drop_item(['b', 'j'])"]
2025-10-22 15:46:22,596 DEBUG - __main__.FilterGoalEXPBFS.single_bfs:
["stay(['b'])", "drop_item(['a', 'i'])", "move_right_without_item(['a'])", "move_left_without_item(['a'])", "drop_item(['b', 'j'])", "pick_up(['a', 'i'])"]
2025-10-22 15:46:22,806 DEBUG - __main__.FilterGoalEXPBFS.single_bfs:
Own Goals of agent a:
  Condition(['a', 'b'] hold_by ['i', 'a'] = 0)
  Condition(['a', 'b'] hold_by ['j', 'b'] = 1)
)
2025-10-22 15:46:22,806 DEBUG - __main__.FilterGoalEXPBFS.single_bfs:
Own Goals of agent b:
  Condition(['b'] hold_by ['j', 'b'] = 0)
  Condition(['b', 'a'] hold_by ['j', 'b'] = 1)
)
2025-10-22 15:46:22,914 DEBUG - __main__.FilterGoalEXPBFS.single_bfs:
["move_left_with_item(['b', 'j'])", "move_right_with_item(['a', 'i'])", "drop_item(['a', 'i'])", "move_left_without_item(['a'])", "move_right_with_item(['b', 'j'])", "drop_item(['b', 'j'])"]
2025-10-22 15:46:22,923 DEBUG - __main__.FilterGoalEXPBFS.single_bfs:
["drop_item(['b', 'j'])", "drop_item(['a', 'i'])", "pick_up(['b', 'j'])", "move_left_with_item(['b', 'j'])", "move_right_with_item(['b', 'j'])", "drop_item(['b', 'j'])"]
2025-10-22 15:46:22,970 DEBUG - __main__.FilterGoalEXPBFS.single_bfs:
["move_left_with_item(['b', 'j'])", "move_right_with_item(['a', 'i'])", "drop_item(['a', 'i'])", "move_right_with_item(['b', 'j'])", "move_left_with_item(['b', 'j'])", "drop_item(['b', 'j'])"]
2025-10-22 15:46:22,971 DEBUG - __main__.FilterGoalEXPBFS.single_bfs:
["drop_item(['b', 'j'])", "drop_item(['a', 'i'])", "move_right_without_item(['a'])", "pick_up(['b', 'j'])", "move_left_without_item(['a'])", "drop_item(['b', 'j'])"]
2025-10-22 15:46:22,979 DEBUG - __main__.FilterGoalEXPBFS.single_bfs:
["drop_item(['b', 'j'])", "drop_item(['a', 'i'])", "pick_up(['b', 'j'])", "move_left_with_item(['b', 'j'])", "move_right_without_item(['a'])", "drop_item(['b', 'j'])"]
2025-10-22 15:46:22,980 DEBUG - __main__.FilterGoalEXPBFS.single_bfs:
["move_left_with_item(['b', 'j'])", "move_right_with_item(['a', 'i'])", "drop_item(['a', 'i'])", "move_right_with_item(['b', 'j'])", "move_left_without_item(['a'])", "drop_item(['b', 'j'])"]
2025-10-22 15:46:22,993 DEBUG - __main__.FilterGoalEXPBFS.single_bfs:
["move_left_with_item(['b', 'j'])", "move_right_with_item(['a', 'i'])", "drop_item(['a', 'i'])", "move_left_without_item(['a'])", "move_right_without_item(['a'])", "drop_item(['b', 'j'])"]
2025-10-22 15:46:22,993 DEBUG - __main__.FilterGoalEXPBFS.single_bfs:
["drop_item(['b', 'j'])", "drop_item(['a', 'i'])", "move_right_without_item(['a'])", "pick_up(['b', 'j'])", "move_left_with_item(['b', 'j'])", "drop_item(['b', 'j'])"]
2025-10-22 15:46:23,094 DEBUG - __main__.FilterGoalEXPBFS.single_bfs:
Own Goals of agent a:
  Condition(['a', 'b'] hold_by ['i', 'a'] = 1)
  Condition(['a'] hold_by ['i', 'a'] = 0)
)
2025-10-22 15:46:23,094 DEBUG - __main__.FilterGoalEXPBFS.single_bfs:
Own Goals of agent b:
  Condition(['b'] hold_by ['j', 'b'] = 0)
  Condition(['b', 'a'] hold_by ['j', 'b'] = 1)
)
2025-10-22 15:46:23,101 DEBUG - __main__.FilterGoalEXPBFS.single_bfs:
["drop_item(['b', 'j'])", "drop_item(['a', 'i'])"]
2025-10-22 15:46:23,129 INFO - __main__.FilterGoalEXPBFS.bfs:
Models: 6, Exapnds: 493, 2.105ms/expand
2025-10-22 15:46:23,129 INFO - __main__.FilterGoalEXPBFS.get_policy:
[("drop_item(['b', 'j'])", 11), ("move_left_with_item(['b', 'j'])", 8), ("stay(['b'])", 2)]
{'a': 2, 'b': 6}
2025-10-22 15:46:23,129 INFO - __main__.Model.simulate:
b takes action: drop_item(['b', 'j'])
2025-10-22 15:46:23,131 DEBUG - __main__.FilterGoalEXPBFS.single_bfs:
Own Goals of agent a:
  Condition(['a'] hold_by ['i', 'a'] = 0)
  Condition(['a', 'b'] hold_by ['i', 'a'] = 1)
)
2025-10-22 15:46:23,131 DEBUG - __main__.FilterGoalEXPBFS.single_bfs:
Own Goals of agent b:
  Condition(['b', 'a'] hold_by ['j', 'b'] = 0)
  Condition(['b'] hold_by ['j', 'b'] = 1)
)
2025-10-22 15:46:23,286 DEBUG - __main__.FilterGoalEXPBFS.single_bfs:
["stay(['a'])", "drop_item(['b', 'j'])", "move_left_without_item(['b'])", "move_right_without_item(['b'])", "pick_up(['b', 'j'])", "drop_item(['a', 'i'])"]
2025-10-22 15:46:23,345 DEBUG - __main__.FilterGoalEXPBFS.single_bfs:
["stay(['a'])", "drop_item(['b', 'j'])", "move_right_with_item(['a', 'i'])", "move_left_with_item(['a', 'i'])", "pick_up(['b', 'j'])", "drop_item(['a', 'i'])"]
2025-10-22 15:46:23,428 DEBUG - __main__.FilterGoalEXPBFS.single_bfs:
Own Goals of agent a:
  Condition(['a'] hold_by ['i', 'a'] = 0)
  Condition(['a', 'b'] hold_by ['i', 'a'] = 1)
)
2025-10-22 15:46:23,428 DEBUG - __main__.FilterGoalEXPBFS.single_bfs:
Own Goals of agent b:
  Condition(['b', 'a'] hold_by ['j', 'b'] = 1)
  Condition(['b'] hold_by ['j', 'b'] = 0)
)
2025-10-22 15:46:23,435 DEBUG - __main__.FilterGoalEXPBFS.single_bfs:
["drop_item(['a', 'i'])", "drop_item(['b', 'j'])"]
2025-10-22 15:46:23,452 INFO - __main__.FilterGoalEXPBFS.bfs:
Models: 2, Exapnds: 152, 2.111ms/expand
2025-10-22 15:46:23,452 INFO - __main__.FilterGoalEXPBFS.get_policy:
[("stay(['a'])", 2), ("drop_item(['a', 'i'])", 1)]
{'a': 2, 'b': 6}
2025-10-22 15:46:23,452 INFO - __main__.Model.simulate:
a takes action: stay(['a'])
2025-10-22 15:46:23,453 DEBUG - __main__.FilterGoalEXPBFS.single_bfs:
Own Goals of agent a:
  Condition(['a'] hold_by ['i', 'a'] = 0)
  Condition(['a'] hold_by ['j', 'b'] = 1)
)
2025-10-22 15:46:23,453 DEBUG - __main__.FilterGoalEXPBFS.single_bfs:
Own Goals of agent b:
  Condition(['b'] hold_by ['j', 'b'] = 0)
  Condition(['b', 'a'] hold_by ['j', 'b'] = 1)
)
2025-10-22 15:46:23,460 DEBUG - __main__.FilterGoalEXPBFS.single_bfs:
["stay(['b'])", "drop_item(['a', 'i'])"]
2025-10-22 15:46:23,474 DEBUG - __main__.FilterGoalEXPBFS.single_bfs:
Own Goals of agent a:
  Condition(['a', 'b'] hold_by ['j', 'b'] = 1)
  Condition(['a'] hold_by ['i', 'a'] = 0)
)
2025-10-22 15:46:23,474 DEBUG - __main__.FilterGoalEXPBFS.single_bfs:
Own Goals of agent b:
  Condition(['b'] hold_by ['j', 'b'] = 0)
  Condition(['b', 'a'] hold_by ['j', 'b'] = 1)
)
2025-10-22 15:46:23,482 DEBUG - __main__.FilterGoalEXPBFS.single_bfs:
["stay(['b'])", "drop_item(['a', 'i'])"]
2025-10-22 15:46:23,497 DEBUG - __main__.FilterGoalEXPBFS.single_bfs:
Own Goals of agent a:
  Condition(['a', 'b'] hold_by ['i', 'a'] = 0)
  Condition(['a'] hold_by ['j', 'b'] = 1)
)
2025-10-22 15:46:23,497 DEBUG - __main__.FilterGoalEXPBFS.single_bfs:
Own Goals of agent b:
  Condition(['b'] hold_by ['j', 'b'] = 0)
  Condition(['b', 'a'] hold_by ['j', 'b'] = 1)
)
2025-10-22 15:46:23,558 DEBUG - __main__.FilterGoalEXPBFS.single_bfs:
["pick_up(['b', 'j'])", "drop_item(['a', 'i'])", "move_right_without_item(['a'])", "move_left_with_item(['b', 'j'])", "drop_item(['b', 'j'])"]
2025-10-22 15:46:23,559 DEBUG - __main__.FilterGoalEXPBFS.single_bfs:
["pick_up(['b', 'j'])", "drop_item(['a', 'i'])", "move_left_with_item(['b', 'j'])", "move_right_with_item(['b', 'j'])", "drop_item(['b', 'j'])"]
2025-10-22 15:46:23,581 DEBUG - __main__.FilterGoalEXPBFS.single_bfs:
["pick_up(['b', 'j'])", "drop_item(['a', 'i'])", "move_left_with_item(['b', 'j'])", "move_right_without_item(['a'])", "drop_item(['b', 'j'])"]
2025-10-22 15:46:23,589 DEBUG - __main__.FilterGoalEXPBFS.single_bfs:
["pick_up(['b', 'j'])", "drop_item(['a', 'i'])", "move_right_without_item(['a'])", "move_left_without_item(['a'])", "drop_item(['b', 'j'])"]
2025-10-22 15:46:23,634 DEBUG - __main__.FilterGoalEXPBFS.single_bfs:
Own Goals of agent a:
  Condition(['a', 'b'] hold_by ['i', 'a'] = 0)
  Condition(['a'] hold_by ['i', 'a'] = 1)
)
2025-10-22 15:46:23,635 DEBUG - __main__.FilterGoalEXPBFS.single_bfs:
Own Goals of agent b:
  Condition(['b'] hold_by ['j', 'b'] = 0)
  Condition(['b', 'a'] hold_by ['j', 'b'] = 1)
)
2025-10-22 15:46:23,798 DEBUG - __main__.FilterGoalEXPBFS.single_bfs:
["pick_up(['b', 'j'])", "drop_item(['a', 'i'])", "move_left_with_item(['b', 'j'])", "move_right_with_item(['b', 'j'])", "drop_item(['b', 'j'])", "pick_up(['a', 'i'])"]
2025-10-22 15:46:23,879 DEBUG - __main__.FilterGoalEXPBFS.single_bfs:
["pick_up(['b', 'j'])", "drop_item(['a', 'i'])", "move_right_without_item(['a'])", "move_left_without_item(['a'])", "pick_up(['a', 'i'])", "drop_item(['b', 'j'])"]
2025-10-22 15:46:24,078 DEBUG - __main__.FilterGoalEXPBFS.single_bfs:
Own Goals of agent a:
  Condition(['a', 'b'] hold_by ['i', 'a'] = 0)
  Condition(['a', 'b'] hold_by ['j', 'b'] = 1)
)
2025-10-22 15:46:24,078 DEBUG - __main__.FilterGoalEXPBFS.single_bfs:
Own Goals of agent b:
  Condition(['b'] hold_by ['j', 'b'] = 0)
  Condition(['b', 'a'] hold_by ['j', 'b'] = 1)
)
2025-10-22 15:46:24,143 DEBUG - __main__.FilterGoalEXPBFS.single_bfs:
["pick_up(['b', 'j'])", "drop_item(['a', 'i'])", "move_right_without_item(['a'])", "move_left_with_item(['b', 'j'])", "drop_item(['b', 'j'])"]
2025-10-22 15:46:24,144 DEBUG - __main__.FilterGoalEXPBFS.single_bfs:
["pick_up(['b', 'j'])", "drop_item(['a', 'i'])", "move_left_with_item(['b', 'j'])", "move_right_with_item(['b', 'j'])", "drop_item(['b', 'j'])"]
2025-10-22 15:46:24,168 DEBUG - __main__.FilterGoalEXPBFS.single_bfs:
["pick_up(['b', 'j'])", "drop_item(['a', 'i'])", "move_left_with_item(['b', 'j'])", "move_right_without_item(['a'])", "drop_item(['b', 'j'])"]
2025-10-22 15:46:24,176 DEBUG - __main__.FilterGoalEXPBFS.single_bfs:
["pick_up(['b', 'j'])", "drop_item(['a', 'i'])", "move_right_without_item(['a'])", "move_left_without_item(['a'])", "drop_item(['b', 'j'])"]
2025-10-22 15:46:24,225 DEBUG - __main__.FilterGoalEXPBFS.single_bfs:
Own Goals of agent a:
  Condition(['a', 'b'] hold_by ['i', 'a'] = 1)
  Condition(['a'] hold_by ['i', 'a'] = 0)
)
2025-10-22 15:46:24,225 DEBUG - __main__.FilterGoalEXPBFS.single_bfs:
Own Goals of agent b:
  Condition(['b'] hold_by ['j', 'b'] = 0)
  Condition(['b', 'a'] hold_by ['j', 'b'] = 1)
)
2025-10-22 15:46:24,232 DEBUG - __main__.FilterGoalEXPBFS.single_bfs:
["stay(['b'])", "drop_item(['a', 'i'])"]
2025-10-22 15:46:24,265 INFO - __main__.FilterGoalEXPBFS.bfs:
Models: 6, Exapnds: 376, 2.160ms/expand
2025-10-22 15:46:24,266 INFO - __main__.FilterGoalEXPBFS.get_policy:
[("stay(['b'])", 3), ("pick_up(['b', 'j'])", 10)]
{'a': 2, 'b': 6}
2025-10-22 15:46:24,266 INFO - __main__.Model.simulate:
b takes action: pick_up(['b', 'j'])
2025-10-22 15:46:24,267 DEBUG - __main__.FilterGoalEXPBFS.single_bfs:
Own Goals of agent a:
  Condition(['a'] hold_by ['i', 'a'] = 0)
  Condition(['a', 'b'] hold_by ['i', 'a'] = 1)
)
2025-10-22 15:46:24,267 DEBUG - __main__.FilterGoalEXPBFS.single_bfs:
Own Goals of agent b:
  Condition(['b', 'a'] hold_by ['j', 'b'] = 0)
  Condition(['b'] hold_by ['j', 'b'] = 1)
)
2025-10-22 15:46:24,440 DEBUG - __main__.FilterGoalEXPBFS.single_bfs:
["stay(['a'])", "drop_item(['b', 'j'])", "move_left_without_item(['b'])", "move_right_without_item(['b'])", "pick_up(['b', 'j'])", "drop_item(['a', 'i'])"]
2025-10-22 15:46:24,504 DEBUG - __main__.FilterGoalEXPBFS.single_bfs:
["stay(['a'])", "drop_item(['b', 'j'])", "move_right_with_item(['a', 'i'])", "move_left_with_item(['a', 'i'])", "pick_up(['b', 'j'])", "drop_item(['a', 'i'])"]
2025-10-22 15:46:24,594 DEBUG - __main__.FilterGoalEXPBFS.single_bfs:
Own Goals of agent a:
  Condition(['a'] hold_by ['i', 'a'] = 0)
  Condition(['a', 'b'] hold_by ['i', 'a'] = 1)
)
2025-10-22 15:46:24,594 DEBUG - __main__.FilterGoalEXPBFS.single_bfs:
Own Goals of agent b:
  Condition(['b', 'a'] hold_by ['j', 'b'] = 1)
  Condition(['b'] hold_by ['j', 'b'] = 0)
)
2025-10-22 15:46:24,602 DEBUG - __main__.FilterGoalEXPBFS.single_bfs:
["drop_item(['a', 'i'])", "drop_item(['b', 'j'])"]
2025-10-22 15:46:24,621 INFO - __main__.FilterGoalEXPBFS.bfs:
Models: 2, Exapnds: 152, 2.324ms/expand
2025-10-22 15:46:24,621 INFO - __main__.FilterGoalEXPBFS.get_policy:
[("stay(['a'])", 2), ("drop_item(['a', 'i'])", 1)]
{'a': 2, 'b': 6}
2025-10-22 15:46:24,621 INFO - __main__.Model.simulate:
a takes action: stay(['a'])
2025-10-22 15:46:24,622 DEBUG - __main__.FilterGoalEXPBFS.single_bfs:
Own Goals of agent a:
  Condition(['a'] hold_by ['i', 'a'] = 0)
  Condition(['a'] hold_by ['j', 'b'] = 1)
)
2025-10-22 15:46:24,622 DEBUG - __main__.FilterGoalEXPBFS.single_bfs:
Own Goals of agent b:
  Condition(['b'] hold_by ['j', 'b'] = 0)
  Condition(['b', 'a'] hold_by ['j', 'b'] = 1)
)
2025-10-22 15:46:24,630 DEBUG - __main__.FilterGoalEXPBFS.single_bfs:
["drop_item(['b', 'j'])", "drop_item(['a', 'i'])"]
2025-10-22 15:46:24,644 DEBUG - __main__.FilterGoalEXPBFS.single_bfs:
Own Goals of agent a:
  Condition(['a', 'b'] hold_by ['j', 'b'] = 1)
  Condition(['a'] hold_by ['i', 'a'] = 0)
)
2025-10-22 15:46:24,644 DEBUG - __main__.FilterGoalEXPBFS.single_bfs:
Own Goals of agent b:
  Condition(['b'] hold_by ['j', 'b'] = 0)
  Condition(['b', 'a'] hold_by ['j', 'b'] = 1)
)
2025-10-22 15:46:24,652 DEBUG - __main__.FilterGoalEXPBFS.single_bfs:
["drop_item(['b', 'j'])", "drop_item(['a', 'i'])"]
2025-10-22 15:46:24,667 DEBUG - __main__.FilterGoalEXPBFS.single_bfs:
Own Goals of agent a:
  Condition(['a', 'b'] hold_by ['i', 'a'] = 0)
  Condition(['a'] hold_by ['j', 'b'] = 1)
)
2025-10-22 15:46:24,667 DEBUG - __main__.FilterGoalEXPBFS.single_bfs:
Own Goals of agent b:
  Condition(['b'] hold_by ['j', 'b'] = 0)
  Condition(['b', 'a'] hold_by ['j', 'b'] = 1)
)
2025-10-22 15:46:24,790 DEBUG - __main__.FilterGoalEXPBFS.single_bfs:
["move_left_with_item(['b', 'j'])", "move_right_with_item(['a', 'i'])", "drop_item(['a', 'i'])", "move_left_without_item(['a'])", "move_right_with_item(['b', 'j'])", "drop_item(['b', 'j'])"]
2025-10-22 15:46:24,801 DEBUG - __main__.FilterGoalEXPBFS.single_bfs:
["drop_item(['b', 'j'])", "drop_item(['a', 'i'])", "pick_up(['b', 'j'])", "move_left_with_item(['b', 'j'])", "move_right_with_item(['b', 'j'])", "drop_item(['b', 'j'])"]
2025-10-22 15:46:24,853 DEBUG - __main__.FilterGoalEXPBFS.single_bfs:
["move_left_with_item(['b', 'j'])", "move_right_with_item(['a', 'i'])", "drop_item(['a', 'i'])", "move_right_with_item(['b', 'j'])", "move_left_with_item(['b', 'j'])", "drop_item(['b', 'j'])"]
2025-10-22 15:46:24,854 DEBUG - __main__.FilterGoalEXPBFS.single_bfs:
["drop_item(['b', 'j'])", "drop_item(['a', 'i'])", "move_right_without_item(['a'])", "pick_up(['b', 'j'])", "move_left_without_item(['a'])", "drop_item(['b', 'j'])"]
2025-10-22 15:46:24,863 DEBUG - __main__.FilterGoalEXPBFS.single_bfs:
["drop_item(['b', 'j'])", "drop_item(['a', 'i'])", "pick_up(['b', 'j'])", "move_left_with_item(['b', 'j'])", "move_right_without_item(['a'])", "drop_item(['b', 'j'])"]
2025-10-22 15:46:24,864 DEBUG - __main__.FilterGoalEXPBFS.single_bfs:
["move_left_with_item(['b', 'j'])", "move_right_with_item(['a', 'i'])", "drop_item(['a', 'i'])", "move_right_with_item(['b', 'j'])", "move_left_without_item(['a'])", "drop_item(['b', 'j'])"]
2025-10-22 15:46:24,878 DEBUG - __main__.FilterGoalEXPBFS.single_bfs:
["move_left_with_item(['b', 'j'])", "move_right_with_item(['a', 'i'])", "drop_item(['a', 'i'])", "move_left_without_item(['a'])", "move_right_without_item(['a'])", "drop_item(['b', 'j'])"]
2025-10-22 15:46:24,879 DEBUG - __main__.FilterGoalEXPBFS.single_bfs:
["drop_item(['b', 'j'])", "drop_item(['a', 'i'])", "move_right_without_item(['a'])", "pick_up(['b', 'j'])", "move_left_with_item(['b', 'j'])", "drop_item(['b', 'j'])"]
2025-10-22 15:46:24,991 DEBUG - __main__.FilterGoalEXPBFS.single_bfs:
Own Goals of agent a:
  Condition(['a', 'b'] hold_by ['i', 'a'] = 0)
  Condition(['a'] hold_by ['i', 'a'] = 1)
)
2025-10-22 15:46:24,991 DEBUG - __main__.FilterGoalEXPBFS.single_bfs:
Own Goals of agent b:
  Condition(['b'] hold_by ['j', 'b'] = 0)
  Condition(['b', 'a'] hold_by ['j', 'b'] = 1)
)
2025-10-22 15:46:25,204 DEBUG - __main__.FilterGoalEXPBFS.single_bfs:
["stay(['b'])", "drop_item(['a', 'i'])", "move_left_with_item(['b', 'j'])", "move_right_with_item(['b', 'j'])", "pick_up(['a', 'i'])", "drop_item(['b', 'j'])"]
2025-10-22 15:46:25,231 DEBUG - __main__.FilterGoalEXPBFS.single_bfs:
["stay(['b'])", "drop_item(['a', 'i'])", "move_right_without_item(['a'])", "move_left_without_item(['a'])", "drop_item(['b', 'j'])", "pick_up(['a', 'i'])"]
2025-10-22 15:46:25,479 DEBUG - __main__.FilterGoalEXPBFS.single_bfs:
Own Goals of agent a:
  Condition(['a', 'b'] hold_by ['i', 'a'] = 0)
  Condition(['a', 'b'] hold_by ['j', 'b'] = 1)
)
2025-10-22 15:46:25,480 DEBUG - __main__.FilterGoalEXPBFS.single_bfs:
Own Goals of agent b:
  Condition(['b'] hold_by ['j', 'b'] = 0)
  Condition(['b', 'a'] hold_by ['j', 'b'] = 1)
)
2025-10-22 15:46:25,611 DEBUG - __main__.FilterGoalEXPBFS.single_bfs:
["move_left_with_item(['b', 'j'])", "move_right_with_item(['a', 'i'])", "drop_item(['a', 'i'])", "move_left_without_item(['a'])", "move_right_with_item(['b', 'j'])", "drop_item(['b', 'j'])"]
2025-10-22 15:46:25,622 DEBUG - __main__.FilterGoalEXPBFS.single_bfs:
["drop_item(['b', 'j'])", "drop_item(['a', 'i'])", "pick_up(['b', 'j'])", "move_left_with_item(['b', 'j'])", "move_right_with_item(['b', 'j'])", "drop_item(['b', 'j'])"]
2025-10-22 15:46:25,678 DEBUG - __main__.FilterGoalEXPBFS.single_bfs:
["move_left_with_item(['b', 'j'])", "move_right_with_item(['a', 'i'])", "drop_item(['a', 'i'])", "move_right_with_item(['b', 'j'])", "move_left_with_item(['b', 'j'])", "drop_item(['b', 'j'])"]
2025-10-22 15:46:25,679 DEBUG - __main__.FilterGoalEXPBFS.single_bfs:
["drop_item(['b', 'j'])", "drop_item(['a', 'i'])", "move_right_without_item(['a'])", "pick_up(['b', 'j'])", "move_left_without_item(['a'])", "drop_item(['b', 'j'])"]
2025-10-22 15:46:25,689 DEBUG - __main__.FilterGoalEXPBFS.single_bfs:
["drop_item(['b', 'j'])", "drop_item(['a', 'i'])", "pick_up(['b', 'j'])", "move_left_with_item(['b', 'j'])", "move_right_without_item(['a'])", "drop_item(['b', 'j'])"]
2025-10-22 15:46:25,690 DEBUG - __main__.FilterGoalEXPBFS.single_bfs:
["move_left_with_item(['b', 'j'])", "move_right_with_item(['a', 'i'])", "drop_item(['a', 'i'])", "move_right_with_item(['b', 'j'])", "move_left_without_item(['a'])", "drop_item(['b', 'j'])"]
2025-10-22 15:46:25,705 DEBUG - __main__.FilterGoalEXPBFS.single_bfs:
["move_left_with_item(['b', 'j'])", "move_right_with_item(['a', 'i'])", "drop_item(['a', 'i'])", "move_left_without_item(['a'])", "move_right_without_item(['a'])", "drop_item(['b', 'j'])"]
2025-10-22 15:46:25,706 DEBUG - __main__.FilterGoalEXPBFS.single_bfs:
["drop_item(['b', 'j'])", "drop_item(['a', 'i'])", "move_right_without_item(['a'])", "pick_up(['b', 'j'])", "move_left_with_item(['b', 'j'])", "drop_item(['b', 'j'])"]
2025-10-22 15:46:25,826 DEBUG - __main__.FilterGoalEXPBFS.single_bfs:
Own Goals of agent a:
  Condition(['a', 'b'] hold_by ['i', 'a'] = 1)
  Condition(['a'] hold_by ['i', 'a'] = 0)
)
2025-10-22 15:46:25,826 DEBUG - __main__.FilterGoalEXPBFS.single_bfs:
Own Goals of agent b:
  Condition(['b'] hold_by ['j', 'b'] = 0)
  Condition(['b', 'a'] hold_by ['j', 'b'] = 1)
)
2025-10-22 15:46:25,835 DEBUG - __main__.FilterGoalEXPBFS.single_bfs:
["drop_item(['b', 'j'])", "drop_item(['a', 'i'])"]
2025-10-22 15:46:25,869 INFO - __main__.FilterGoalEXPBFS.bfs:
Models: 6, Exapnds: 493, 2.528ms/expand
2025-10-22 15:46:25,869 INFO - __main__.FilterGoalEXPBFS.get_policy:
[("drop_item(['b', 'j'])", 11), ("move_left_with_item(['b', 'j'])", 8), ("stay(['b'])", 2)]
{'a': 2, 'b': 6}
2025-10-22 15:46:25,869 INFO - __main__.Model.simulate:
b takes action: drop_item(['b', 'j'])
2025-10-22 15:46:25,871 DEBUG - __main__.FilterGoalEXPBFS.single_bfs:
Own Goals of agent a:
  Condition(['a'] hold_by ['i', 'a'] = 0)
  Condition(['a', 'b'] hold_by ['i', 'a'] = 1)
)
2025-10-22 15:46:25,871 DEBUG - __main__.FilterGoalEXPBFS.single_bfs:
Own Goals of agent b:
  Condition(['b', 'a'] hold_by ['j', 'b'] = 0)
  Condition(['b'] hold_by ['j', 'b'] = 1)
)
2025-10-22 15:46:26,057 DEBUG - __main__.FilterGoalEXPBFS.single_bfs:
["stay(['a'])", "drop_item(['b', 'j'])", "move_left_without_item(['b'])", "move_right_without_item(['b'])", "pick_up(['b', 'j'])", "drop_item(['a', 'i'])"]
2025-10-22 15:46:26,127 DEBUG - __main__.FilterGoalEXPBFS.single_bfs:
["stay(['a'])", "drop_item(['b', 'j'])", "move_right_with_item(['a', 'i'])", "move_left_with_item(['a', 'i'])", "pick_up(['b', 'j'])", "drop_item(['a', 'i'])"]
2025-10-22 15:46:26,224 DEBUG - __main__.FilterGoalEXPBFS.single_bfs:
Own Goals of agent a:
  Condition(['a'] hold_by ['i', 'a'] = 0)
  Condition(['a', 'b'] hold_by ['i', 'a'] = 1)
)
2025-10-22 15:46:26,224 DEBUG - __main__.FilterGoalEXPBFS.single_bfs:
Own Goals of agent b:
  Condition(['b', 'a'] hold_by ['j', 'b'] = 1)
  Condition(['b'] hold_by ['j', 'b'] = 0)
)
2025-10-22 15:46:26,234 DEBUG - __main__.FilterGoalEXPBFS.single_bfs:
["drop_item(['a', 'i'])", "drop_item(['b', 'j'])"]
2025-10-22 15:46:26,254 INFO - __main__.FilterGoalEXPBFS.bfs:
Models: 2, Exapnds: 152, 2.517ms/expand
2025-10-22 15:46:26,254 INFO - __main__.FilterGoalEXPBFS.get_policy:
[("stay(['a'])", 2), ("drop_item(['a', 'i'])", 1)]
{'a': 2, 'b': 6}
2025-10-22 15:46:26,254 INFO - __main__.Model.simulate:
a takes action: stay(['a'])
2025-10-22 15:46:26,256 DEBUG - __main__.FilterGoalEXPBFS.single_bfs:
Own Goals of agent a:
  Condition(['a'] hold_by ['i', 'a'] = 0)
  Condition(['a'] hold_by ['j', 'b'] = 1)
)
2025-10-22 15:46:26,256 DEBUG - __main__.FilterGoalEXPBFS.single_bfs:
Own Goals of agent b:
  Condition(['b'] hold_by ['j', 'b'] = 0)
  Condition(['b', 'a'] hold_by ['j', 'b'] = 1)
)
2025-10-22 15:46:26,264 DEBUG - __main__.FilterGoalEXPBFS.single_bfs:
["stay(['b'])", "drop_item(['a', 'i'])"]
2025-10-22 15:46:26,284 DEBUG - __main__.FilterGoalEXPBFS.single_bfs:
Own Goals of agent a:
  Condition(['a', 'b'] hold_by ['j', 'b'] = 1)
  Condition(['a'] hold_by ['i', 'a'] = 0)
)
2025-10-22 15:46:26,284 DEBUG - __main__.FilterGoalEXPBFS.single_bfs:
Own Goals of agent b:
  Condition(['b'] hold_by ['j', 'b'] = 0)
  Condition(['b', 'a'] hold_by ['j', 'b'] = 1)
)
2025-10-22 15:46:26,293 DEBUG - __main__.FilterGoalEXPBFS.single_bfs:
["stay(['b'])", "drop_item(['a', 'i'])"]
2025-10-22 15:46:26,311 DEBUG - __main__.FilterGoalEXPBFS.single_bfs:
Own Goals of agent a:
  Condition(['a', 'b'] hold_by ['i', 'a'] = 0)
  Condition(['a'] hold_by ['j', 'b'] = 1)
)
2025-10-22 15:46:26,311 DEBUG - __main__.FilterGoalEXPBFS.single_bfs:
Own Goals of agent b:
  Condition(['b'] hold_by ['j', 'b'] = 0)
  Condition(['b', 'a'] hold_by ['j', 'b'] = 1)
)
2025-10-22 15:46:26,384 DEBUG - __main__.FilterGoalEXPBFS.single_bfs:
["pick_up(['b', 'j'])", "drop_item(['a', 'i'])", "move_right_without_item(['a'])", "move_left_with_item(['b', 'j'])", "drop_item(['b', 'j'])"]
2025-10-22 15:46:26,384 DEBUG - __main__.FilterGoalEXPBFS.single_bfs:
["pick_up(['b', 'j'])", "drop_item(['a', 'i'])", "move_left_with_item(['b', 'j'])", "move_right_with_item(['b', 'j'])", "drop_item(['b', 'j'])"]
2025-10-22 15:46:26,411 DEBUG - __main__.FilterGoalEXPBFS.single_bfs:
["pick_up(['b', 'j'])", "drop_item(['a', 'i'])", "move_left_with_item(['b', 'j'])", "move_right_without_item(['a'])", "drop_item(['b', 'j'])"]
2025-10-22 15:46:26,420 DEBUG - __main__.FilterGoalEXPBFS.single_bfs:
["pick_up(['b', 'j'])", "drop_item(['a', 'i'])", "move_right_without_item(['a'])", "move_left_without_item(['a'])", "drop_item(['b', 'j'])"]
2025-10-22 15:46:26,474 DEBUG - __main__.FilterGoalEXPBFS.single_bfs:
Own Goals of agent a:
  Condition(['a', 'b'] hold_by ['i', 'a'] = 0)
  Condition(['a'] hold_by ['i', 'a'] = 1)
)
2025-10-22 15:46:26,474 DEBUG - __main__.FilterGoalEXPBFS.single_bfs:
Own Goals of agent b:
  Condition(['b'] hold_by ['j', 'b'] = 0)
  Condition(['b', 'a'] hold_by ['j', 'b'] = 1)
)
2025-10-22 15:46:26,669 DEBUG - __main__.FilterGoalEXPBFS.single_bfs:
["pick_up(['b', 'j'])", "drop_item(['a', 'i'])", "move_left_with_item(['b', 'j'])", "move_right_with_item(['b', 'j'])", "drop_item(['b', 'j'])", "pick_up(['a', 'i'])"]
2025-10-22 15:46:26,764 DEBUG - __main__.FilterGoalEXPBFS.single_bfs:
["pick_up(['b', 'j'])", "drop_item(['a', 'i'])", "move_right_without_item(['a'])", "move_left_without_item(['a'])", "pick_up(['a', 'i'])", "drop_item(['b', 'j'])"]
2025-10-22 15:46:26,996 DEBUG - __main__.FilterGoalEXPBFS.single_bfs:
Own Goals of agent a:
  Condition(['a', 'b'] hold_by ['i', 'a'] = 0)
  Condition(['a', 'b'] hold_by ['j', 'b'] = 1)
)
2025-10-22 15:46:26,996 DEBUG - __main__.FilterGoalEXPBFS.single_bfs:
Own Goals of agent b:
  Condition(['b'] hold_by ['j', 'b'] = 0)
  Condition(['b', 'a'] hold_by ['j', 'b'] = 1)
)
2025-10-22 15:46:27,073 DEBUG - __main__.FilterGoalEXPBFS.single_bfs:
["pick_up(['b', 'j'])", "drop_item(['a', 'i'])", "move_right_without_item(['a'])", "move_left_with_item(['b', 'j'])", "drop_item(['b', 'j'])"]
2025-10-22 15:46:27,074 DEBUG - __main__.FilterGoalEXPBFS.single_bfs:
["pick_up(['b', 'j'])", "drop_item(['a', 'i'])", "move_left_with_item(['b', 'j'])", "move_right_with_item(['b', 'j'])", "drop_item(['b', 'j'])"]
2025-10-22 15:46:27,102 DEBUG - __main__.FilterGoalEXPBFS.single_bfs:
["pick_up(['b', 'j'])", "drop_item(['a', 'i'])", "move_left_with_item(['b', 'j'])", "move_right_without_item(['a'])", "drop_item(['b', 'j'])"]
2025-10-22 15:46:27,112 DEBUG - __main__.FilterGoalEXPBFS.single_bfs:
["pick_up(['b', 'j'])", "drop_item(['a', 'i'])", "move_right_without_item(['a'])", "move_left_without_item(['a'])", "drop_item(['b', 'j'])"]
2025-10-22 15:46:27,170 DEBUG - __main__.FilterGoalEXPBFS.single_bfs:
Own Goals of agent a:
  Condition(['a', 'b'] hold_by ['i', 'a'] = 1)
  Condition(['a'] hold_by ['i', 'a'] = 0)
)
2025-10-22 15:46:27,170 DEBUG - __main__.FilterGoalEXPBFS.single_bfs:
Own Goals of agent b:
  Condition(['b'] hold_by ['j', 'b'] = 0)
  Condition(['b', 'a'] hold_by ['j', 'b'] = 1)
)
2025-10-22 15:46:27,179 DEBUG - __main__.FilterGoalEXPBFS.single_bfs:
["stay(['b'])", "drop_item(['a', 'i'])"]
2025-10-22 15:46:27,219 INFO - __main__.FilterGoalEXPBFS.bfs:
Models: 6, Exapnds: 376, 2.561ms/expand
2025-10-22 15:46:27,219 INFO - __main__.FilterGoalEXPBFS.get_policy:
[("stay(['b'])", 3), ("pick_up(['b', 'j'])", 10)]
{'a': 2, 'b': 6}
2025-10-22 15:46:27,219 INFO - __main__.Model.simulate:
b takes action: pick_up(['b', 'j'])
2025-10-22 15:46:27,221 DEBUG - __main__.FilterGoalEXPBFS.single_bfs:
Own Goals of agent a:
  Condition(['a'] hold_by ['i', 'a'] = 0)
  Condition(['a', 'b'] hold_by ['i', 'a'] = 1)
)
2025-10-22 15:46:27,221 DEBUG - __main__.FilterGoalEXPBFS.single_bfs:
Own Goals of agent b:
  Condition(['b', 'a'] hold_by ['j', 'b'] = 0)
  Condition(['b'] hold_by ['j', 'b'] = 1)
)
2025-10-22 15:46:27,423 DEBUG - __main__.FilterGoalEXPBFS.single_bfs:
["stay(['a'])", "drop_item(['b', 'j'])", "move_left_without_item(['b'])", "move_right_without_item(['b'])", "pick_up(['b', 'j'])", "drop_item(['a', 'i'])"]
2025-10-22 15:46:27,498 DEBUG - __main__.FilterGoalEXPBFS.single_bfs:
["stay(['a'])", "drop_item(['b', 'j'])", "move_right_with_item(['a', 'i'])", "move_left_with_item(['a', 'i'])", "pick_up(['b', 'j'])", "drop_item(['a', 'i'])"]
2025-10-22 15:46:27,603 DEBUG - __main__.FilterGoalEXPBFS.single_bfs:
Own Goals of agent a:
  Condition(['a'] hold_by ['i', 'a'] = 0)
  Condition(['a', 'b'] hold_by ['i', 'a'] = 1)
)
2025-10-22 15:46:27,603 DEBUG - __main__.FilterGoalEXPBFS.single_bfs:
Own Goals of agent b:
  Condition(['b', 'a'] hold_by ['j', 'b'] = 1)
  Condition(['b'] hold_by ['j', 'b'] = 0)
)
2025-10-22 15:46:27,613 DEBUG - __main__.FilterGoalEXPBFS.single_bfs:
["drop_item(['a', 'i'])", "drop_item(['b', 'j'])"]
2025-10-22 15:46:27,635 INFO - __main__.FilterGoalEXPBFS.bfs:
Models: 2, Exapnds: 152, 2.721ms/expand
2025-10-22 15:46:27,635 INFO - __main__.FilterGoalEXPBFS.get_policy:
[("stay(['a'])", 2), ("drop_item(['a', 'i'])", 1)]
{'a': 2, 'b': 6}
2025-10-22 15:46:27,635 INFO - __main__.Model.simulate:
a takes action: stay(['a'])
2025-10-22 15:46:27,637 DEBUG - __main__.FilterGoalEXPBFS.single_bfs:
Own Goals of agent a:
  Condition(['a'] hold_by ['i', 'a'] = 0)
  Condition(['a'] hold_by ['j', 'b'] = 1)
)
2025-10-22 15:46:27,637 DEBUG - __main__.FilterGoalEXPBFS.single_bfs:
Own Goals of agent b:
  Condition(['b'] hold_by ['j', 'b'] = 0)
  Condition(['b', 'a'] hold_by ['j', 'b'] = 1)
)
2025-10-22 15:46:27,646 DEBUG - __main__.FilterGoalEXPBFS.single_bfs:
["drop_item(['b', 'j'])", "drop_item(['a', 'i'])"]
2025-10-22 15:46:27,662 DEBUG - __main__.FilterGoalEXPBFS.single_bfs:
Own Goals of agent a:
  Condition(['a', 'b'] hold_by ['j', 'b'] = 1)
  Condition(['a'] hold_by ['i', 'a'] = 0)
)
2025-10-22 15:46:27,662 DEBUG - __main__.FilterGoalEXPBFS.single_bfs:
Own Goals of agent b:
  Condition(['b'] hold_by ['j', 'b'] = 0)
  Condition(['b', 'a'] hold_by ['j', 'b'] = 1)
)
2025-10-22 15:46:27,672 DEBUG - __main__.FilterGoalEXPBFS.single_bfs:
["drop_item(['b', 'j'])", "drop_item(['a', 'i'])"]
2025-10-22 15:46:27,689 DEBUG - __main__.FilterGoalEXPBFS.single_bfs:
Own Goals of agent a:
  Condition(['a', 'b'] hold_by ['i', 'a'] = 0)
  Condition(['a'] hold_by ['j', 'b'] = 1)
)
2025-10-22 15:46:27,689 DEBUG - __main__.FilterGoalEXPBFS.single_bfs:
Own Goals of agent b:
  Condition(['b'] hold_by ['j', 'b'] = 0)
  Condition(['b', 'a'] hold_by ['j', 'b'] = 1)
)
2025-10-22 15:46:27,836 DEBUG - __main__.FilterGoalEXPBFS.single_bfs:
["move_left_with_item(['b', 'j'])", "move_right_with_item(['a', 'i'])", "drop_item(['a', 'i'])", "move_left_without_item(['a'])", "move_right_with_item(['b', 'j'])", "drop_item(['b', 'j'])"]
2025-10-22 15:46:27,848 DEBUG - __main__.FilterGoalEXPBFS.single_bfs:
["drop_item(['b', 'j'])", "drop_item(['a', 'i'])", "pick_up(['b', 'j'])", "move_left_with_item(['b', 'j'])", "move_right_with_item(['b', 'j'])", "drop_item(['b', 'j'])"]
2025-10-22 15:46:27,909 DEBUG - __main__.FilterGoalEXPBFS.single_bfs:
["move_left_with_item(['b', 'j'])", "move_right_with_item(['a', 'i'])", "drop_item(['a', 'i'])", "move_right_with_item(['b', 'j'])", "move_left_with_item(['b', 'j'])", "drop_item(['b', 'j'])"]
2025-10-22 15:46:27,910 DEBUG - __main__.FilterGoalEXPBFS.single_bfs:
["drop_item(['b', 'j'])", "drop_item(['a', 'i'])", "move_right_without_item(['a'])", "pick_up(['b', 'j'])", "move_left_without_item(['a'])", "drop_item(['b', 'j'])"]
2025-10-22 15:46:27,920 DEBUG - __main__.FilterGoalEXPBFS.single_bfs:
["drop_item(['b', 'j'])", "drop_item(['a', 'i'])", "pick_up(['b', 'j'])", "move_left_with_item(['b', 'j'])", "move_right_without_item(['a'])", "drop_item(['b', 'j'])"]
2025-10-22 15:46:27,921 DEBUG - __main__.FilterGoalEXPBFS.single_bfs:
["move_left_with_item(['b', 'j'])", "move_right_with_item(['a', 'i'])", "drop_item(['a', 'i'])", "move_right_with_item(['b', 'j'])", "move_left_without_item(['a'])", "drop_item(['b', 'j'])"]
2025-10-22 15:46:27,938 DEBUG - __main__.FilterGoalEXPBFS.single_bfs:
["move_left_with_item(['b', 'j'])", "move_right_with_item(['a', 'i'])", "drop_item(['a', 'i'])", "move_left_without_item(['a'])", "move_right_without_item(['a'])", "drop_item(['b', 'j'])"]
2025-10-22 15:46:27,939 DEBUG - __main__.FilterGoalEXPBFS.single_bfs:
["drop_item(['b', 'j'])", "drop_item(['a', 'i'])", "move_right_without_item(['a'])", "pick_up(['b', 'j'])", "move_left_with_item(['b', 'j'])", "drop_item(['b', 'j'])"]
2025-10-22 15:46:28,069 DEBUG - __main__.FilterGoalEXPBFS.single_bfs:
Own Goals of agent a:
  Condition(['a', 'b'] hold_by ['i', 'a'] = 0)
  Condition(['a'] hold_by ['i', 'a'] = 1)
)
2025-10-22 15:46:28,069 DEBUG - __main__.FilterGoalEXPBFS.single_bfs:
Own Goals of agent b:
  Condition(['b'] hold_by ['j', 'b'] = 0)
  Condition(['b', 'a'] hold_by ['j', 'b'] = 1)
)
2025-10-22 15:46:28,317 DEBUG - __main__.FilterGoalEXPBFS.single_bfs:
["stay(['b'])", "drop_item(['a', 'i'])", "move_left_with_item(['b', 'j'])", "move_right_with_item(['b', 'j'])", "pick_up(['a', 'i'])", "drop_item(['b', 'j'])"]
2025-10-22 15:46:28,349 DEBUG - __main__.FilterGoalEXPBFS.single_bfs:
["stay(['b'])", "drop_item(['a', 'i'])", "move_right_without_item(['a'])", "move_left_without_item(['a'])", "drop_item(['b', 'j'])", "pick_up(['a', 'i'])"]
2025-10-22 15:46:28,636 DEBUG - __main__.FilterGoalEXPBFS.single_bfs:
Own Goals of agent a:
  Condition(['a', 'b'] hold_by ['i', 'a'] = 0)
  Condition(['a', 'b'] hold_by ['j', 'b'] = 1)
)
2025-10-22 15:46:28,636 DEBUG - __main__.FilterGoalEXPBFS.single_bfs:
Own Goals of agent b:
  Condition(['b'] hold_by ['j', 'b'] = 0)
  Condition(['b', 'a'] hold_by ['j', 'b'] = 1)
)
2025-10-22 15:46:28,790 DEBUG - __main__.FilterGoalEXPBFS.single_bfs:
["move_left_with_item(['b', 'j'])", "move_right_with_item(['a', 'i'])", "drop_item(['a', 'i'])", "move_left_without_item(['a'])", "move_right_with_item(['b', 'j'])", "drop_item(['b', 'j'])"]
2025-10-22 15:46:28,803 DEBUG - __main__.FilterGoalEXPBFS.single_bfs:
["drop_item(['b', 'j'])", "drop_item(['a', 'i'])", "pick_up(['b', 'j'])", "move_left_with_item(['b', 'j'])", "move_right_with_item(['b', 'j'])", "drop_item(['b', 'j'])"]
2025-10-22 15:46:28,868 DEBUG - __main__.FilterGoalEXPBFS.single_bfs:
["move_left_with_item(['b', 'j'])", "move_right_with_item(['a', 'i'])", "drop_item(['a', 'i'])", "move_right_with_item(['b', 'j'])", "move_left_with_item(['b', 'j'])", "drop_item(['b', 'j'])"]
2025-10-22 15:46:28,869 DEBUG - __main__.FilterGoalEXPBFS.single_bfs:
["drop_item(['b', 'j'])", "drop_item(['a', 'i'])", "move_right_without_item(['a'])", "pick_up(['b', 'j'])", "move_left_without_item(['a'])", "drop_item(['b', 'j'])"]
2025-10-22 15:46:28,881 DEBUG - __main__.FilterGoalEXPBFS.single_bfs:
["drop_item(['b', 'j'])", "drop_item(['a', 'i'])", "pick_up(['b', 'j'])", "move_left_with_item(['b', 'j'])", "move_right_without_item(['a'])", "drop_item(['b', 'j'])"]
2025-10-22 15:46:28,882 DEBUG - __main__.FilterGoalEXPBFS.single_bfs:
["move_left_with_item(['b', 'j'])", "move_right_with_item(['a', 'i'])", "drop_item(['a', 'i'])", "move_right_with_item(['b', 'j'])", "move_left_without_item(['a'])", "drop_item(['b', 'j'])"]
2025-10-22 15:46:28,900 DEBUG - __main__.FilterGoalEXPBFS.single_bfs:
["move_left_with_item(['b', 'j'])", "move_right_with_item(['a', 'i'])", "drop_item(['a', 'i'])", "move_left_without_item(['a'])", "move_right_without_item(['a'])", "drop_item(['b', 'j'])"]
2025-10-22 15:46:28,900 DEBUG - __main__.FilterGoalEXPBFS.single_bfs:
["drop_item(['b', 'j'])", "drop_item(['a', 'i'])", "move_right_without_item(['a'])", "pick_up(['b', 'j'])", "move_left_with_item(['b', 'j'])", "drop_item(['b', 'j'])"]
2025-10-22 15:46:29,039 DEBUG - __main__.FilterGoalEXPBFS.single_bfs:
Own Goals of agent a:
  Condition(['a', 'b'] hold_by ['i', 'a'] = 1)
  Condition(['a'] hold_by ['i', 'a'] = 0)
)
2025-10-22 15:46:29,039 DEBUG - __main__.FilterGoalEXPBFS.single_bfs:
Own Goals of agent b:
  Condition(['b'] hold_by ['j', 'b'] = 0)
  Condition(['b', 'a'] hold_by ['j', 'b'] = 1)
)
2025-10-22 15:46:29,049 DEBUG - __main__.FilterGoalEXPBFS.single_bfs:
["drop_item(['b', 'j'])", "drop_item(['a', 'i'])"]
2025-10-22 15:46:29,089 INFO - __main__.FilterGoalEXPBFS.bfs:
Models: 6, Exapnds: 493, 2.946ms/expand
2025-10-22 15:46:29,089 INFO - __main__.FilterGoalEXPBFS.get_policy:
[("drop_item(['b', 'j'])", 11), ("move_left_with_item(['b', 'j'])", 8), ("stay(['b'])", 2)]
{'a': 2, 'b': 6}
2025-10-22 15:46:29,089 INFO - __main__.Model.simulate:
b takes action: drop_item(['b', 'j'])
2025-10-22 15:46:29,092 DEBUG - __main__.FilterGoalEXPBFS.single_bfs:
Own Goals of agent a:
  Condition(['a'] hold_by ['i', 'a'] = 0)
  Condition(['a', 'b'] hold_by ['i', 'a'] = 1)
)
2025-10-22 15:46:29,092 DEBUG - __main__.FilterGoalEXPBFS.single_bfs:
Own Goals of agent b:
  Condition(['b', 'a'] hold_by ['j', 'b'] = 0)
  Condition(['b'] hold_by ['j', 'b'] = 1)
)
2025-10-22 15:46:29,308 DEBUG - __main__.FilterGoalEXPBFS.single_bfs:
["stay(['a'])", "drop_item(['b', 'j'])", "move_left_without_item(['b'])", "move_right_without_item(['b'])", "pick_up(['b', 'j'])", "drop_item(['a', 'i'])"]
2025-10-22 15:46:29,388 DEBUG - __main__.FilterGoalEXPBFS.single_bfs:
["stay(['a'])", "drop_item(['b', 'j'])", "move_right_with_item(['a', 'i'])", "move_left_with_item(['a', 'i'])", "pick_up(['b', 'j'])", "drop_item(['a', 'i'])"]
2025-10-22 15:46:29,500 DEBUG - __main__.FilterGoalEXPBFS.single_bfs:
Own Goals of agent a:
  Condition(['a'] hold_by ['i', 'a'] = 0)
  Condition(['a', 'b'] hold_by ['i', 'a'] = 1)
)
2025-10-22 15:46:29,500 DEBUG - __main__.FilterGoalEXPBFS.single_bfs:
Own Goals of agent b:
  Condition(['b', 'a'] hold_by ['j', 'b'] = 1)
  Condition(['b'] hold_by ['j', 'b'] = 0)
)
2025-10-22 15:46:29,511 DEBUG - __main__.FilterGoalEXPBFS.single_bfs:
["drop_item(['a', 'i'])", "drop_item(['b', 'j'])"]
2025-10-22 15:46:29,534 INFO - __main__.FilterGoalEXPBFS.bfs:
Models: 2, Exapnds: 152, 2.910ms/expand
2025-10-22 15:46:29,534 INFO - __main__.FilterGoalEXPBFS.get_policy:
[("stay(['a'])", 2), ("drop_item(['a', 'i'])", 1)]
{'a': 2, 'b': 6}
2025-10-22 15:46:29,534 INFO - __main__.Model.simulate:
a takes action: stay(['a'])
2025-10-22 15:46:29,537 DEBUG - __main__.FilterGoalEXPBFS.single_bfs:
Own Goals of agent a:
  Condition(['a'] hold_by ['i', 'a'] = 0)
  Condition(['a'] hold_by ['j', 'b'] = 1)
)
2025-10-22 15:46:29,537 DEBUG - __main__.FilterGoalEXPBFS.single_bfs:
Own Goals of agent b:
  Condition(['b'] hold_by ['j', 'b'] = 0)
  Condition(['b', 'a'] hold_by ['j', 'b'] = 1)
)
2025-10-22 15:46:29,547 DEBUG - __main__.FilterGoalEXPBFS.single_bfs:
["stay(['b'])", "drop_item(['a', 'i'])"]
2025-10-22 15:46:29,566 DEBUG - __main__.FilterGoalEXPBFS.single_bfs:
Own Goals of agent a:
  Condition(['a', 'b'] hold_by ['j', 'b'] = 1)
  Condition(['a'] hold_by ['i', 'a'] = 0)
)
2025-10-22 15:46:29,567 DEBUG - __main__.FilterGoalEXPBFS.single_bfs:
Own Goals of agent b:
  Condition(['b'] hold_by ['j', 'b'] = 0)
  Condition(['b', 'a'] hold_by ['j', 'b'] = 1)
)
2025-10-22 15:46:29,577 DEBUG - __main__.FilterGoalEXPBFS.single_bfs:
["stay(['b'])", "drop_item(['a', 'i'])"]
2025-10-22 15:46:29,599 DEBUG - __main__.FilterGoalEXPBFS.single_bfs:
Own Goals of agent a:
  Condition(['a', 'b'] hold_by ['i', 'a'] = 0)
  Condition(['a'] hold_by ['j', 'b'] = 1)
)
2025-10-22 15:46:29,599 DEBUG - __main__.FilterGoalEXPBFS.single_bfs:
Own Goals of agent b:
  Condition(['b'] hold_by ['j', 'b'] = 0)
  Condition(['b', 'a'] hold_by ['j', 'b'] = 1)
)
2025-10-22 15:46:29,683 DEBUG - __main__.FilterGoalEXPBFS.single_bfs:
["pick_up(['b', 'j'])", "drop_item(['a', 'i'])", "move_right_without_item(['a'])", "move_left_with_item(['b', 'j'])", "drop_item(['b', 'j'])"]
2025-10-22 15:46:29,684 DEBUG - __main__.FilterGoalEXPBFS.single_bfs:
["pick_up(['b', 'j'])", "drop_item(['a', 'i'])", "move_left_with_item(['b', 'j'])", "move_right_with_item(['b', 'j'])", "drop_item(['b', 'j'])"]
2025-10-22 15:46:29,715 DEBUG - __main__.FilterGoalEXPBFS.single_bfs:
["pick_up(['b', 'j'])", "drop_item(['a', 'i'])", "move_left_with_item(['b', 'j'])", "move_right_without_item(['a'])", "drop_item(['b', 'j'])"]
2025-10-22 15:46:29,725 DEBUG - __main__.FilterGoalEXPBFS.single_bfs:
["pick_up(['b', 'j'])", "drop_item(['a', 'i'])", "move_right_without_item(['a'])", "move_left_without_item(['a'])", "drop_item(['b', 'j'])"]
2025-10-22 15:46:29,787 DEBUG - __main__.FilterGoalEXPBFS.single_bfs:
Own Goals of agent a:
  Condition(['a', 'b'] hold_by ['i', 'a'] = 0)
  Condition(['a'] hold_by ['i', 'a'] = 1)
)
2025-10-22 15:46:29,787 DEBUG - __main__.FilterGoalEXPBFS.single_bfs:
Own Goals of agent b:
  Condition(['b'] hold_by ['j', 'b'] = 0)
  Condition(['b', 'a'] hold_by ['j', 'b'] = 1)
)
2025-10-22 15:46:30,013 DEBUG - __main__.FilterGoalEXPBFS.single_bfs:
["pick_up(['b', 'j'])", "drop_item(['a', 'i'])", "move_left_with_item(['b', 'j'])", "move_right_with_item(['b', 'j'])", "drop_item(['b', 'j'])", "pick_up(['a', 'i'])"]
2025-10-22 15:46:30,122 DEBUG - __main__.FilterGoalEXPBFS.single_bfs:
["pick_up(['b', 'j'])", "drop_item(['a', 'i'])", "move_right_without_item(['a'])", "move_left_without_item(['a'])", "pick_up(['a', 'i'])", "drop_item(['b', 'j'])"]
2025-10-22 15:46:30,387 DEBUG - __main__.FilterGoalEXPBFS.single_bfs:
Own Goals of agent a:
  Condition(['a', 'b'] hold_by ['i', 'a'] = 0)
  Condition(['a', 'b'] hold_by ['j', 'b'] = 1)
)
2025-10-22 15:46:30,388 DEBUG - __main__.FilterGoalEXPBFS.single_bfs:
Own Goals of agent b:
  Condition(['b'] hold_by ['j', 'b'] = 0)
  Condition(['b', 'a'] hold_by ['j', 'b'] = 1)
)
2025-10-22 15:46:30,477 DEBUG - __main__.FilterGoalEXPBFS.single_bfs:
["pick_up(['b', 'j'])", "drop_item(['a', 'i'])", "move_right_without_item(['a'])", "move_left_with_item(['b', 'j'])", "drop_item(['b', 'j'])"]
2025-10-22 15:46:30,478 DEBUG - __main__.FilterGoalEXPBFS.single_bfs:
["pick_up(['b', 'j'])", "drop_item(['a', 'i'])", "move_left_with_item(['b', 'j'])", "move_right_with_item(['b', 'j'])", "drop_item(['b', 'j'])"]
2025-10-22 15:46:30,511 DEBUG - __main__.FilterGoalEXPBFS.single_bfs:
["pick_up(['b', 'j'])", "drop_item(['a', 'i'])", "move_left_with_item(['b', 'j'])", "move_right_without_item(['a'])", "drop_item(['b', 'j'])"]
2025-10-22 15:46:30,522 DEBUG - __main__.FilterGoalEXPBFS.single_bfs:
["pick_up(['b', 'j'])", "drop_item(['a', 'i'])", "move_right_without_item(['a'])", "move_left_without_item(['a'])", "drop_item(['b', 'j'])"]
2025-10-22 15:46:30,588 DEBUG - __main__.FilterGoalEXPBFS.single_bfs:
Own Goals of agent a:
  Condition(['a', 'b'] hold_by ['i', 'a'] = 1)
  Condition(['a'] hold_by ['i', 'a'] = 0)
)
2025-10-22 15:46:30,588 DEBUG - __main__.FilterGoalEXPBFS.single_bfs:
Own Goals of agent b:
  Condition(['b'] hold_by ['j', 'b'] = 0)
  Condition(['b', 'a'] hold_by ['j', 'b'] = 1)
)
2025-10-22 15:46:30,599 DEBUG - __main__.FilterGoalEXPBFS.single_bfs:
["stay(['b'])", "drop_item(['a', 'i'])"]
2025-10-22 15:46:30,646 INFO - __main__.FilterGoalEXPBFS.bfs:
Models: 6, Exapnds: 376, 2.948ms/expand
2025-10-22 15:46:30,646 INFO - __main__.FilterGoalEXPBFS.get_policy:
[("stay(['b'])", 3), ("pick_up(['b', 'j'])", 10)]
{'a': 2, 'b': 6}
2025-10-22 15:46:30,646 INFO - __main__.Model.simulate:
b takes action: pick_up(['b', 'j'])
2025-10-22 15:46:30,648 DEBUG - __main__.FilterGoalEXPBFS.single_bfs:
Own Goals of agent a:
  Condition(['a'] hold_by ['i', 'a'] = 0)
  Condition(['a', 'b'] hold_by ['i', 'a'] = 1)
)
2025-10-22 15:46:30,649 DEBUG - __main__.FilterGoalEXPBFS.single_bfs:
Own Goals of agent b:
  Condition(['b', 'a'] hold_by ['j', 'b'] = 0)
  Condition(['b'] hold_by ['j', 'b'] = 1)
)
2025-10-22 15:46:30,880 DEBUG - __main__.FilterGoalEXPBFS.single_bfs:
["stay(['a'])", "drop_item(['b', 'j'])", "move_left_without_item(['b'])", "move_right_without_item(['b'])", "pick_up(['b', 'j'])", "drop_item(['a', 'i'])"]
2025-10-22 15:46:30,965 DEBUG - __main__.FilterGoalEXPBFS.single_bfs:
["stay(['a'])", "drop_item(['b', 'j'])", "move_right_with_item(['a', 'i'])", "move_left_with_item(['a', 'i'])", "pick_up(['b', 'j'])", "drop_item(['a', 'i'])"]
2025-10-22 15:46:31,084 DEBUG - __main__.FilterGoalEXPBFS.single_bfs:
Own Goals of agent a:
  Condition(['a'] hold_by ['i', 'a'] = 0)
  Condition(['a', 'b'] hold_by ['i', 'a'] = 1)
)
2025-10-22 15:46:31,084 DEBUG - __main__.FilterGoalEXPBFS.single_bfs:
Own Goals of agent b:
  Condition(['b', 'a'] hold_by ['j', 'b'] = 1)
  Condition(['b'] hold_by ['j', 'b'] = 0)
)
2025-10-22 15:46:31,097 DEBUG - __main__.FilterGoalEXPBFS.single_bfs:
["drop_item(['a', 'i'])", "drop_item(['b', 'j'])"]
2025-10-22 15:46:31,123 INFO - __main__.FilterGoalEXPBFS.bfs:
Models: 2, Exapnds: 152, 3.120ms/expand
2025-10-22 15:46:31,123 INFO - __main__.FilterGoalEXPBFS.get_policy:
[("stay(['a'])", 2), ("drop_item(['a', 'i'])", 1)]
{'a': 2, 'b': 6}
2025-10-22 15:46:31,123 INFO - __main__.Model.simulate:
a takes action: stay(['a'])
2025-10-22 15:46:31,126 DEBUG - __main__.FilterGoalEXPBFS.single_bfs:
Own Goals of agent a:
  Condition(['a'] hold_by ['i', 'a'] = 0)
  Condition(['a'] hold_by ['j', 'b'] = 1)
)
2025-10-22 15:46:31,126 DEBUG - __main__.FilterGoalEXPBFS.single_bfs:
Own Goals of agent b:
  Condition(['b'] hold_by ['j', 'b'] = 0)
  Condition(['b', 'a'] hold_by ['j', 'b'] = 1)
)
2025-10-22 15:46:31,136 DEBUG - __main__.FilterGoalEXPBFS.single_bfs:
["drop_item(['b', 'j'])", "drop_item(['a', 'i'])"]
2025-10-22 15:46:31,154 DEBUG - __main__.FilterGoalEXPBFS.single_bfs:
Own Goals of agent a:
  Condition(['a', 'b'] hold_by ['j', 'b'] = 1)
  Condition(['a'] hold_by ['i', 'a'] = 0)
)
2025-10-22 15:46:31,154 DEBUG - __main__.FilterGoalEXPBFS.single_bfs:
Own Goals of agent b:
  Condition(['b'] hold_by ['j', 'b'] = 0)
  Condition(['b', 'a'] hold_by ['j', 'b'] = 1)
)
2025-10-22 15:46:31,166 DEBUG - __main__.FilterGoalEXPBFS.single_bfs:
["drop_item(['b', 'j'])", "drop_item(['a', 'i'])"]
2025-10-22 15:46:31,186 DEBUG - __main__.FilterGoalEXPBFS.single_bfs:
Own Goals of agent a:
  Condition(['a', 'b'] hold_by ['i', 'a'] = 0)
  Condition(['a'] hold_by ['j', 'b'] = 1)
)
2025-10-22 15:46:31,186 DEBUG - __main__.FilterGoalEXPBFS.single_bfs:
Own Goals of agent b:
  Condition(['b'] hold_by ['j', 'b'] = 0)
  Condition(['b', 'a'] hold_by ['j', 'b'] = 1)
)
2025-10-22 15:46:31,352 DEBUG - __main__.FilterGoalEXPBFS.single_bfs:
["move_left_with_item(['b', 'j'])", "move_right_with_item(['a', 'i'])", "drop_item(['a', 'i'])", "move_left_without_item(['a'])", "move_right_with_item(['b', 'j'])", "drop_item(['b', 'j'])"]
2025-10-22 15:46:31,366 DEBUG - __main__.FilterGoalEXPBFS.single_bfs:
["drop_item(['b', 'j'])", "drop_item(['a', 'i'])", "pick_up(['b', 'j'])", "move_left_with_item(['b', 'j'])", "move_right_with_item(['b', 'j'])", "drop_item(['b', 'j'])"]
2025-10-22 15:46:31,435 DEBUG - __main__.FilterGoalEXPBFS.single_bfs:
["move_left_with_item(['b', 'j'])", "move_right_with_item(['a', 'i'])", "drop_item(['a', 'i'])", "move_right_with_item(['b', 'j'])", "move_left_with_item(['b', 'j'])", "drop_item(['b', 'j'])"]
2025-10-22 15:46:31,436 DEBUG - __main__.FilterGoalEXPBFS.single_bfs:
["drop_item(['b', 'j'])", "drop_item(['a', 'i'])", "move_right_without_item(['a'])", "pick_up(['b', 'j'])", "move_left_without_item(['a'])", "drop_item(['b', 'j'])"]
2025-10-22 15:46:31,448 DEBUG - __main__.FilterGoalEXPBFS.single_bfs:
["drop_item(['b', 'j'])", "drop_item(['a', 'i'])", "pick_up(['b', 'j'])", "move_left_with_item(['b', 'j'])", "move_right_without_item(['a'])", "drop_item(['b', 'j'])"]
2025-10-22 15:46:31,449 DEBUG - __main__.FilterGoalEXPBFS.single_bfs:
["move_left_with_item(['b', 'j'])", "move_right_with_item(['a', 'i'])", "drop_item(['a', 'i'])", "move_right_with_item(['b', 'j'])", "move_left_without_item(['a'])", "drop_item(['b', 'j'])"]
2025-10-22 15:46:31,468 DEBUG - __main__.FilterGoalEXPBFS.single_bfs:
["move_left_with_item(['b', 'j'])", "move_right_with_item(['a', 'i'])", "drop_item(['a', 'i'])", "move_left_without_item(['a'])", "move_right_without_item(['a'])", "drop_item(['b', 'j'])"]
2025-10-22 15:46:31,469 DEBUG - __main__.FilterGoalEXPBFS.single_bfs:
["drop_item(['b', 'j'])", "drop_item(['a', 'i'])", "move_right_without_item(['a'])", "pick_up(['b', 'j'])", "move_left_with_item(['b', 'j'])", "drop_item(['b', 'j'])"]
2025-10-22 15:46:31,618 DEBUG - __main__.FilterGoalEXPBFS.single_bfs:
Own Goals of agent a:
  Condition(['a', 'b'] hold_by ['i', 'a'] = 0)
  Condition(['a'] hold_by ['i', 'a'] = 1)
)
2025-10-22 15:46:31,618 DEBUG - __main__.FilterGoalEXPBFS.single_bfs:
Own Goals of agent b:
  Condition(['b'] hold_by ['j', 'b'] = 0)
  Condition(['b', 'a'] hold_by ['j', 'b'] = 1)
)
2025-10-22 15:46:31,902 DEBUG - __main__.FilterGoalEXPBFS.single_bfs:
["stay(['b'])", "drop_item(['a', 'i'])", "move_left_with_item(['b', 'j'])", "move_right_with_item(['b', 'j'])", "pick_up(['a', 'i'])", "drop_item(['b', 'j'])"]
2025-10-22 15:46:31,938 DEBUG - __main__.FilterGoalEXPBFS.single_bfs:
["stay(['b'])", "drop_item(['a', 'i'])", "move_right_without_item(['a'])", "move_left_without_item(['a'])", "drop_item(['b', 'j'])", "pick_up(['a', 'i'])"]
2025-10-22 15:46:32,263 DEBUG - __main__.FilterGoalEXPBFS.single_bfs:
Own Goals of agent a:
  Condition(['a', 'b'] hold_by ['i', 'a'] = 0)
  Condition(['a', 'b'] hold_by ['j', 'b'] = 1)
)
2025-10-22 15:46:32,263 DEBUG - __main__.FilterGoalEXPBFS.single_bfs:
Own Goals of agent b:
  Condition(['b'] hold_by ['j', 'b'] = 0)
  Condition(['b', 'a'] hold_by ['j', 'b'] = 1)
)
2025-10-22 15:46:32,439 DEBUG - __main__.FilterGoalEXPBFS.single_bfs:
["move_left_with_item(['b', 'j'])", "move_right_with_item(['a', 'i'])", "drop_item(['a', 'i'])", "move_left_without_item(['a'])", "move_right_with_item(['b', 'j'])", "drop_item(['b', 'j'])"]
2025-10-22 15:46:32,454 DEBUG - __main__.FilterGoalEXPBFS.single_bfs:
["drop_item(['b', 'j'])", "drop_item(['a', 'i'])", "pick_up(['b', 'j'])", "move_left_with_item(['b', 'j'])", "move_right_with_item(['b', 'j'])", "drop_item(['b', 'j'])"]
2025-10-22 15:46:32,528 DEBUG - __main__.FilterGoalEXPBFS.single_bfs:
["move_left_with_item(['b', 'j'])", "move_right_with_item(['a', 'i'])", "drop_item(['a', 'i'])", "move_right_with_item(['b', 'j'])", "move_left_with_item(['b', 'j'])", "drop_item(['b', 'j'])"]
2025-10-22 15:46:32,529 DEBUG - __main__.FilterGoalEXPBFS.single_bfs:
["drop_item(['b', 'j'])", "drop_item(['a', 'i'])", "move_right_without_item(['a'])", "pick_up(['b', 'j'])", "move_left_without_item(['a'])", "drop_item(['b', 'j'])"]
2025-10-22 15:46:32,542 DEBUG - __main__.FilterGoalEXPBFS.single_bfs:
["drop_item(['b', 'j'])", "drop_item(['a', 'i'])", "pick_up(['b', 'j'])", "move_left_with_item(['b', 'j'])", "move_right_without_item(['a'])", "drop_item(['b', 'j'])"]
2025-10-22 15:46:32,543 DEBUG - __main__.FilterGoalEXPBFS.single_bfs:
["move_left_with_item(['b', 'j'])", "move_right_with_item(['a', 'i'])", "drop_item(['a', 'i'])", "move_right_with_item(['b', 'j'])", "move_left_without_item(['a'])", "drop_item(['b', 'j'])"]
2025-10-22 15:46:32,564 DEBUG - __main__.FilterGoalEXPBFS.single_bfs:
["move_left_with_item(['b', 'j'])", "move_right_with_item(['a', 'i'])", "drop_item(['a', 'i'])", "move_left_without_item(['a'])", "move_right_without_item(['a'])", "drop_item(['b', 'j'])"]
2025-10-22 15:46:32,565 DEBUG - __main__.FilterGoalEXPBFS.single_bfs:
["drop_item(['b', 'j'])", "drop_item(['a', 'i'])", "move_right_without_item(['a'])", "pick_up(['b', 'j'])", "move_left_with_item(['b', 'j'])", "drop_item(['b', 'j'])"]
2025-10-22 15:46:32,721 DEBUG - __main__.FilterGoalEXPBFS.single_bfs:
Own Goals of agent a:
  Condition(['a', 'b'] hold_by ['i', 'a'] = 1)
  Condition(['a'] hold_by ['i', 'a'] = 0)
)
2025-10-22 15:46:32,721 DEBUG - __main__.FilterGoalEXPBFS.single_bfs:
Own Goals of agent b:
  Condition(['b'] hold_by ['j', 'b'] = 0)
  Condition(['b', 'a'] hold_by ['j', 'b'] = 1)
)
2025-10-22 15:46:32,733 DEBUG - __main__.FilterGoalEXPBFS.single_bfs:
["drop_item(['b', 'j'])", "drop_item(['a', 'i'])"]
2025-10-22 15:46:32,779 INFO - __main__.FilterGoalEXPBFS.bfs:
Models: 6, Exapnds: 493, 3.355ms/expand
2025-10-22 15:46:32,780 INFO - __main__.FilterGoalEXPBFS.get_policy:
[("drop_item(['b', 'j'])", 11), ("move_left_with_item(['b', 'j'])", 8), ("stay(['b'])", 2)]
{'a': 2, 'b': 6}
2025-10-22 15:46:32,780 INFO - __main__.Model.simulate:
b takes action: drop_item(['b', 'j'])
2025-10-22 15:46:32,783 DEBUG - __main__.FilterGoalEXPBFS.single_bfs:
Own Goals of agent a:
  Condition(['a'] hold_by ['i', 'a'] = 0)
  Condition(['a', 'b'] hold_by ['i', 'a'] = 1)
)
2025-10-22 15:46:32,783 DEBUG - __main__.FilterGoalEXPBFS.single_bfs:
Own Goals of agent b:
  Condition(['b', 'a'] hold_by ['j', 'b'] = 0)
  Condition(['b'] hold_by ['j', 'b'] = 1)
)
2025-10-22 15:46:33,029 DEBUG - __main__.FilterGoalEXPBFS.single_bfs:
["stay(['a'])", "drop_item(['b', 'j'])", "move_left_without_item(['b'])", "move_right_without_item(['b'])", "pick_up(['b', 'j'])", "drop_item(['a', 'i'])"]
2025-10-22 15:46:33,119 DEBUG - __main__.FilterGoalEXPBFS.single_bfs:
["stay(['a'])", "drop_item(['b', 'j'])", "move_right_with_item(['a', 'i'])", "move_left_with_item(['a', 'i'])", "pick_up(['b', 'j'])", "drop_item(['a', 'i'])"]
2025-10-22 15:46:33,245 DEBUG - __main__.FilterGoalEXPBFS.single_bfs:
Own Goals of agent a:
  Condition(['a'] hold_by ['i', 'a'] = 0)
  Condition(['a', 'b'] hold_by ['i', 'a'] = 1)
)
2025-10-22 15:46:33,245 DEBUG - __main__.FilterGoalEXPBFS.single_bfs:
Own Goals of agent b:
  Condition(['b', 'a'] hold_by ['j', 'b'] = 1)
  Condition(['b'] hold_by ['j', 'b'] = 0)
)
2025-10-22 15:46:33,257 DEBUG - __main__.FilterGoalEXPBFS.single_bfs:
["drop_item(['a', 'i'])", "drop_item(['b', 'j'])"]
2025-10-22 15:46:33,284 INFO - __main__.FilterGoalEXPBFS.bfs:
Models: 2, Exapnds: 152, 3.301ms/expand
2025-10-22 15:46:33,284 INFO - __main__.FilterGoalEXPBFS.get_policy:
[("stay(['a'])", 2), ("drop_item(['a', 'i'])", 1)]
{'a': 2, 'b': 6}
2025-10-22 15:46:33,285 INFO - __main__.Model.simulate:
a takes action: stay(['a'])
2025-10-22 15:46:33,288 DEBUG - __main__.FilterGoalEXPBFS.single_bfs:
Own Goals of agent a:
  Condition(['a'] hold_by ['i', 'a'] = 0)
  Condition(['a'] hold_by ['j', 'b'] = 1)
)
2025-10-22 15:46:33,288 DEBUG - __main__.FilterGoalEXPBFS.single_bfs:
Own Goals of agent b:
  Condition(['b'] hold_by ['j', 'b'] = 0)
  Condition(['b', 'a'] hold_by ['j', 'b'] = 1)
)
2025-10-22 15:46:33,299 DEBUG - __main__.FilterGoalEXPBFS.single_bfs:
["stay(['b'])", "drop_item(['a', 'i'])"]
2025-10-22 15:46:33,321 DEBUG - __main__.FilterGoalEXPBFS.single_bfs:
Own Goals of agent a:
  Condition(['a', 'b'] hold_by ['j', 'b'] = 1)
  Condition(['a'] hold_by ['i', 'a'] = 0)
)
2025-10-22 15:46:33,321 DEBUG - __main__.FilterGoalEXPBFS.single_bfs:
Own Goals of agent b:
  Condition(['b'] hold_by ['j', 'b'] = 0)
  Condition(['b', 'a'] hold_by ['j', 'b'] = 1)
)
2025-10-22 15:46:33,333 DEBUG - __main__.FilterGoalEXPBFS.single_bfs:
["stay(['b'])", "drop_item(['a', 'i'])"]
2025-10-22 15:46:33,358 DEBUG - __main__.FilterGoalEXPBFS.single_bfs:
Own Goals of agent a:
  Condition(['a', 'b'] hold_by ['i', 'a'] = 0)
  Condition(['a'] hold_by ['j', 'b'] = 1)
)
2025-10-22 15:46:33,358 DEBUG - __main__.FilterGoalEXPBFS.single_bfs:
Own Goals of agent b:
  Condition(['b'] hold_by ['j', 'b'] = 0)
  Condition(['b', 'a'] hold_by ['j', 'b'] = 1)
)
2025-10-22 15:46:33,453 DEBUG - __main__.FilterGoalEXPBFS.single_bfs:
["pick_up(['b', 'j'])", "drop_item(['a', 'i'])", "move_right_without_item(['a'])", "move_left_with_item(['b', 'j'])", "drop_item(['b', 'j'])"]
2025-10-22 15:46:33,454 DEBUG - __main__.FilterGoalEXPBFS.single_bfs:
["pick_up(['b', 'j'])", "drop_item(['a', 'i'])", "move_left_with_item(['b', 'j'])", "move_right_with_item(['b', 'j'])", "drop_item(['b', 'j'])"]
2025-10-22 15:46:33,489 DEBUG - __main__.FilterGoalEXPBFS.single_bfs:
["pick_up(['b', 'j'])", "drop_item(['a', 'i'])", "move_left_with_item(['b', 'j'])", "move_right_without_item(['a'])", "drop_item(['b', 'j'])"]
2025-10-22 15:46:33,501 DEBUG - __main__.FilterGoalEXPBFS.single_bfs:
["pick_up(['b', 'j'])", "drop_item(['a', 'i'])", "move_right_without_item(['a'])", "move_left_without_item(['a'])", "drop_item(['b', 'j'])"]
2025-10-22 15:46:33,571 DEBUG - __main__.FilterGoalEXPBFS.single_bfs:
Own Goals of agent a:
  Condition(['a', 'b'] hold_by ['i', 'a'] = 0)
  Condition(['a'] hold_by ['i', 'a'] = 1)
)
2025-10-22 15:46:33,571 DEBUG - __main__.FilterGoalEXPBFS.single_bfs:
Own Goals of agent b:
  Condition(['b'] hold_by ['j', 'b'] = 0)
  Condition(['b', 'a'] hold_by ['j', 'b'] = 1)
)
2025-10-22 15:46:33,828 DEBUG - __main__.FilterGoalEXPBFS.single_bfs:
["pick_up(['b', 'j'])", "drop_item(['a', 'i'])", "move_left_with_item(['b', 'j'])", "move_right_with_item(['b', 'j'])", "drop_item(['b', 'j'])", "pick_up(['a', 'i'])"]
2025-10-22 15:46:33,951 DEBUG - __main__.FilterGoalEXPBFS.single_bfs:
["pick_up(['b', 'j'])", "drop_item(['a', 'i'])", "move_right_without_item(['a'])", "move_left_without_item(['a'])", "pick_up(['a', 'i'])", "drop_item(['b', 'j'])"]
2025-10-22 15:46:34,249 DEBUG - __main__.FilterGoalEXPBFS.single_bfs:
Own Goals of agent a:
  Condition(['a', 'b'] hold_by ['i', 'a'] = 0)
  Condition(['a', 'b'] hold_by ['j', 'b'] = 1)
)
2025-10-22 15:46:34,249 DEBUG - __main__.FilterGoalEXPBFS.single_bfs:
Own Goals of agent b:
  Condition(['b'] hold_by ['j', 'b'] = 0)
  Condition(['b', 'a'] hold_by ['j', 'b'] = 1)
)
2025-10-22 15:46:34,351 DEBUG - __main__.FilterGoalEXPBFS.single_bfs:
["pick_up(['b', 'j'])", "drop_item(['a', 'i'])", "move_right_without_item(['a'])", "move_left_with_item(['b', 'j'])", "drop_item(['b', 'j'])"]
2025-10-22 15:46:34,352 DEBUG - __main__.FilterGoalEXPBFS.single_bfs:
["pick_up(['b', 'j'])", "drop_item(['a', 'i'])", "move_left_with_item(['b', 'j'])", "move_right_with_item(['b', 'j'])", "drop_item(['b', 'j'])"]
2025-10-22 15:46:34,389 DEBUG - __main__.FilterGoalEXPBFS.single_bfs:
["pick_up(['b', 'j'])", "drop_item(['a', 'i'])", "move_left_with_item(['b', 'j'])", "move_right_without_item(['a'])", "drop_item(['b', 'j'])"]
2025-10-22 15:46:34,402 DEBUG - __main__.FilterGoalEXPBFS.single_bfs:
["pick_up(['b', 'j'])", "drop_item(['a', 'i'])", "move_right_without_item(['a'])", "move_left_without_item(['a'])", "drop_item(['b', 'j'])"]
2025-10-22 15:46:34,477 DEBUG - __main__.FilterGoalEXPBFS.single_bfs:
Own Goals of agent a:
  Condition(['a', 'b'] hold_by ['i', 'a'] = 1)
  Condition(['a'] hold_by ['i', 'a'] = 0)
)
2025-10-22 15:46:34,477 DEBUG - __main__.FilterGoalEXPBFS.single_bfs:
Own Goals of agent b:
  Condition(['b'] hold_by ['j', 'b'] = 0)
  Condition(['b', 'a'] hold_by ['j', 'b'] = 1)
)
2025-10-22 15:46:34,489 DEBUG - __main__.FilterGoalEXPBFS.single_bfs:
["stay(['b'])", "drop_item(['a', 'i'])"]
2025-10-22 15:46:34,543 INFO - __main__.FilterGoalEXPBFS.bfs:
Models: 6, Exapnds: 376, 3.338ms/expand
2025-10-22 15:46:34,543 INFO - __main__.FilterGoalEXPBFS.get_policy:
[("stay(['b'])", 3), ("pick_up(['b', 'j'])", 10)]
{'a': 2, 'b': 6}
2025-10-22 15:46:34,543 INFO - __main__.Model.simulate:
b takes action: pick_up(['b', 'j'])
2025-10-22 15:46:34,546 DEBUG - __main__.FilterGoalEXPBFS.single_bfs:
Own Goals of agent a:
  Condition(['a'] hold_by ['i', 'a'] = 0)
  Condition(['a', 'b'] hold_by ['i', 'a'] = 1)
)
2025-10-22 15:46:34,546 DEBUG - __main__.FilterGoalEXPBFS.single_bfs:
Own Goals of agent b:
  Condition(['b', 'a'] hold_by ['j', 'b'] = 0)
  Condition(['b'] hold_by ['j', 'b'] = 1)
)
2025-10-22 15:46:34,807 DEBUG - __main__.FilterGoalEXPBFS.single_bfs:
["stay(['a'])", "drop_item(['b', 'j'])", "move_left_without_item(['b'])", "move_right_without_item(['b'])", "pick_up(['b', 'j'])", "drop_item(['a', 'i'])"]
2025-10-22 15:46:34,902 DEBUG - __main__.FilterGoalEXPBFS.single_bfs:
["stay(['a'])", "drop_item(['b', 'j'])", "move_right_with_item(['a', 'i'])", "move_left_with_item(['a', 'i'])", "pick_up(['b', 'j'])", "drop_item(['a', 'i'])"]
2025-10-22 15:46:35,035 DEBUG - __main__.FilterGoalEXPBFS.single_bfs:
Own Goals of agent a:
  Condition(['a'] hold_by ['i', 'a'] = 0)
  Condition(['a', 'b'] hold_by ['i', 'a'] = 1)
)
2025-10-22 15:46:35,036 DEBUG - __main__.FilterGoalEXPBFS.single_bfs:
Own Goals of agent b:
  Condition(['b', 'a'] hold_by ['j', 'b'] = 1)
  Condition(['b'] hold_by ['j', 'b'] = 0)
)
2025-10-22 15:46:35,049 DEBUG - __main__.FilterGoalEXPBFS.single_bfs:
["drop_item(['a', 'i'])", "drop_item(['b', 'j'])"]
2025-10-22 15:46:35,077 INFO - __main__.FilterGoalEXPBFS.bfs:
Models: 2, Exapnds: 152, 3.494ms/expand
2025-10-22 15:46:35,077 INFO - __main__.FilterGoalEXPBFS.get_policy:
[("stay(['a'])", 2), ("drop_item(['a', 'i'])", 1)]
{'a': 2, 'b': 6}
2025-10-22 15:46:35,077 INFO - __main__.Model.simulate:
a takes action: stay(['a'])
2025-10-22 15:46:35,081 DEBUG - __main__.FilterGoalEXPBFS.single_bfs:
Own Goals of agent a:
  Condition(['a'] hold_by ['i', 'a'] = 0)
  Condition(['a'] hold_by ['j', 'b'] = 1)
)
2025-10-22 15:46:35,081 DEBUG - __main__.FilterGoalEXPBFS.single_bfs:
Own Goals of agent b:
  Condition(['b'] hold_by ['j', 'b'] = 0)
  Condition(['b', 'a'] hold_by ['j', 'b'] = 1)
)
2025-10-22 15:46:35,093 DEBUG - __main__.FilterGoalEXPBFS.single_bfs:
["drop_item(['b', 'j'])", "drop_item(['a', 'i'])"]
2025-10-22 15:46:35,113 DEBUG - __main__.FilterGoalEXPBFS.single_bfs:
Own Goals of agent a:
  Condition(['a', 'b'] hold_by ['j', 'b'] = 1)
  Condition(['a'] hold_by ['i', 'a'] = 0)
)
2025-10-22 15:46:35,113 DEBUG - __main__.FilterGoalEXPBFS.single_bfs:
Own Goals of agent b:
  Condition(['b'] hold_by ['j', 'b'] = 0)
  Condition(['b', 'a'] hold_by ['j', 'b'] = 1)
)
2025-10-22 15:46:35,127 DEBUG - __main__.FilterGoalEXPBFS.single_bfs:
["drop_item(['b', 'j'])", "drop_item(['a', 'i'])"]
2025-10-22 15:46:35,149 DEBUG - __main__.FilterGoalEXPBFS.single_bfs:
Own Goals of agent a:
  Condition(['a', 'b'] hold_by ['i', 'a'] = 0)
  Condition(['a'] hold_by ['j', 'b'] = 1)
)
2025-10-22 15:46:35,149 DEBUG - __main__.FilterGoalEXPBFS.single_bfs:
Own Goals of agent b:
  Condition(['b'] hold_by ['j', 'b'] = 0)
  Condition(['b', 'a'] hold_by ['j', 'b'] = 1)
)
2025-10-22 15:46:35,335 DEBUG - __main__.FilterGoalEXPBFS.single_bfs:
["move_left_with_item(['b', 'j'])", "move_right_with_item(['a', 'i'])", "drop_item(['a', 'i'])", "move_left_without_item(['a'])", "move_right_with_item(['b', 'j'])", "drop_item(['b', 'j'])"]
2025-10-22 15:46:35,350 DEBUG - __main__.FilterGoalEXPBFS.single_bfs:
["drop_item(['b', 'j'])", "drop_item(['a', 'i'])", "pick_up(['b', 'j'])", "move_left_with_item(['b', 'j'])", "move_right_with_item(['b', 'j'])", "drop_item(['b', 'j'])"]
2025-10-22 15:46:35,431 DEBUG - __main__.FilterGoalEXPBFS.single_bfs:
["move_left_with_item(['b', 'j'])", "move_right_with_item(['a', 'i'])", "drop_item(['a', 'i'])", "move_right_with_item(['b', 'j'])", "move_left_with_item(['b', 'j'])", "drop_item(['b', 'j'])"]
2025-10-22 15:46:35,432 DEBUG - __main__.FilterGoalEXPBFS.single_bfs:
["drop_item(['b', 'j'])", "drop_item(['a', 'i'])", "move_right_without_item(['a'])", "pick_up(['b', 'j'])", "move_left_without_item(['a'])", "drop_item(['b', 'j'])"]
2025-10-22 15:46:35,446 DEBUG - __main__.FilterGoalEXPBFS.single_bfs:
["drop_item(['b', 'j'])", "drop_item(['a', 'i'])", "pick_up(['b', 'j'])", "move_left_with_item(['b', 'j'])", "move_right_without_item(['a'])", "drop_item(['b', 'j'])"]
2025-10-22 15:46:35,447 DEBUG - __main__.FilterGoalEXPBFS.single_bfs:
["move_left_with_item(['b', 'j'])", "move_right_with_item(['a', 'i'])", "drop_item(['a', 'i'])", "move_right_with_item(['b', 'j'])", "move_left_without_item(['a'])", "drop_item(['b', 'j'])"]
2025-10-22 15:46:35,468 DEBUG - __main__.FilterGoalEXPBFS.single_bfs:
["move_left_with_item(['b', 'j'])", "move_right_with_item(['a', 'i'])", "drop_item(['a', 'i'])", "move_left_without_item(['a'])", "move_right_without_item(['a'])", "drop_item(['b', 'j'])"]
2025-10-22 15:46:35,469 DEBUG - __main__.FilterGoalEXPBFS.single_bfs:
["drop_item(['b', 'j'])", "drop_item(['a', 'i'])", "move_right_without_item(['a'])", "pick_up(['b', 'j'])", "move_left_with_item(['b', 'j'])", "drop_item(['b', 'j'])"]
2025-10-22 15:46:35,632 DEBUG - __main__.FilterGoalEXPBFS.single_bfs:
Own Goals of agent a:
  Condition(['a', 'b'] hold_by ['i', 'a'] = 0)
  Condition(['a'] hold_by ['i', 'a'] = 1)
)
2025-10-22 15:46:35,632 DEBUG - __main__.FilterGoalEXPBFS.single_bfs:
Own Goals of agent b:
  Condition(['b'] hold_by ['j', 'b'] = 0)
  Condition(['b', 'a'] hold_by ['j', 'b'] = 1)
)
2025-10-22 15:46:35,951 DEBUG - __main__.FilterGoalEXPBFS.single_bfs:
["stay(['b'])", "drop_item(['a', 'i'])", "move_left_with_item(['b', 'j'])", "move_right_with_item(['b', 'j'])", "pick_up(['a', 'i'])", "drop_item(['b', 'j'])"]
2025-10-22 15:46:35,991 DEBUG - __main__.FilterGoalEXPBFS.single_bfs:
["stay(['b'])", "drop_item(['a', 'i'])", "move_right_without_item(['a'])", "move_left_without_item(['a'])", "drop_item(['b', 'j'])", "pick_up(['a', 'i'])"]
2025-10-22 15:46:36,355 DEBUG - __main__.FilterGoalEXPBFS.single_bfs:
Own Goals of agent a:
  Condition(['a', 'b'] hold_by ['i', 'a'] = 0)
  Condition(['a', 'b'] hold_by ['j', 'b'] = 1)
)
2025-10-22 15:46:36,355 DEBUG - __main__.FilterGoalEXPBFS.single_bfs:
Own Goals of agent b:
  Condition(['b'] hold_by ['j', 'b'] = 0)
  Condition(['b', 'a'] hold_by ['j', 'b'] = 1)
)
2025-10-22 15:46:36,554 DEBUG - __main__.FilterGoalEXPBFS.single_bfs:
["move_left_with_item(['b', 'j'])", "move_right_with_item(['a', 'i'])", "drop_item(['a', 'i'])", "move_left_without_item(['a'])", "move_right_with_item(['b', 'j'])", "drop_item(['b', 'j'])"]
2025-10-22 15:46:36,571 DEBUG - __main__.FilterGoalEXPBFS.single_bfs:
["drop_item(['b', 'j'])", "drop_item(['a', 'i'])", "pick_up(['b', 'j'])", "move_left_with_item(['b', 'j'])", "move_right_with_item(['b', 'j'])", "drop_item(['b', 'j'])"]
2025-10-22 15:46:36,654 DEBUG - __main__.FilterGoalEXPBFS.single_bfs:
["move_left_with_item(['b', 'j'])", "move_right_with_item(['a', 'i'])", "drop_item(['a', 'i'])", "move_right_with_item(['b', 'j'])", "move_left_with_item(['b', 'j'])", "drop_item(['b', 'j'])"]
2025-10-22 15:46:36,655 DEBUG - __main__.FilterGoalEXPBFS.single_bfs:
["drop_item(['b', 'j'])", "drop_item(['a', 'i'])", "move_right_without_item(['a'])", "pick_up(['b', 'j'])", "move_left_without_item(['a'])", "drop_item(['b', 'j'])"]
2025-10-22 15:46:36,670 DEBUG - __main__.FilterGoalEXPBFS.single_bfs:
["drop_item(['b', 'j'])", "drop_item(['a', 'i'])", "pick_up(['b', 'j'])", "move_left_with_item(['b', 'j'])", "move_right_without_item(['a'])", "drop_item(['b', 'j'])"]
2025-10-22 15:46:36,671 DEBUG - __main__.FilterGoalEXPBFS.single_bfs:
["move_left_with_item(['b', 'j'])", "move_right_with_item(['a', 'i'])", "drop_item(['a', 'i'])", "move_right_with_item(['b', 'j'])", "move_left_without_item(['a'])", "drop_item(['b', 'j'])"]
2025-10-22 15:46:36,694 DEBUG - __main__.FilterGoalEXPBFS.single_bfs:
["move_left_with_item(['b', 'j'])", "move_right_with_item(['a', 'i'])", "drop_item(['a', 'i'])", "move_left_without_item(['a'])", "move_right_without_item(['a'])", "drop_item(['b', 'j'])"]
2025-10-22 15:46:36,695 DEBUG - __main__.FilterGoalEXPBFS.single_bfs:
["drop_item(['b', 'j'])", "drop_item(['a', 'i'])", "move_right_without_item(['a'])", "pick_up(['b', 'j'])", "move_left_with_item(['b', 'j'])", "drop_item(['b', 'j'])"]
2025-10-22 15:46:36,870 DEBUG - __main__.FilterGoalEXPBFS.single_bfs:
Own Goals of agent a:
  Condition(['a', 'b'] hold_by ['i', 'a'] = 1)
  Condition(['a'] hold_by ['i', 'a'] = 0)
)
2025-10-22 15:46:36,870 DEBUG - __main__.FilterGoalEXPBFS.single_bfs:
Own Goals of agent b:
  Condition(['b'] hold_by ['j', 'b'] = 0)
  Condition(['b', 'a'] hold_by ['j', 'b'] = 1)
)
2025-10-22 15:46:36,883 DEBUG - __main__.FilterGoalEXPBFS.single_bfs:
["drop_item(['b', 'j'])", "drop_item(['a', 'i'])"]
2025-10-22 15:46:36,936 INFO - __main__.FilterGoalEXPBFS.bfs:
Models: 6, Exapnds: 493, 3.764ms/expand
2025-10-22 15:46:36,936 INFO - __main__.FilterGoalEXPBFS.get_policy:
[("drop_item(['b', 'j'])", 11), ("move_left_with_item(['b', 'j'])", 8), ("stay(['b'])", 2)]
{'a': 2, 'b': 6}
2025-10-22 15:46:36,936 INFO - __main__.Model.simulate:
b takes action: drop_item(['b', 'j'])
2025-10-22 15:46:36,940 DEBUG - __main__.FilterGoalEXPBFS.single_bfs:
Own Goals of agent a:
  Condition(['a'] hold_by ['i', 'a'] = 0)
  Condition(['a', 'b'] hold_by ['i', 'a'] = 1)
)
2025-10-22 15:46:36,940 DEBUG - __main__.FilterGoalEXPBFS.single_bfs:
Own Goals of agent b:
  Condition(['b', 'a'] hold_by ['j', 'b'] = 0)
  Condition(['b'] hold_by ['j', 'b'] = 1)
)
2025-10-22 15:46:37,216 DEBUG - __main__.FilterGoalEXPBFS.single_bfs:
["stay(['a'])", "drop_item(['b', 'j'])", "move_left_without_item(['b'])", "move_right_without_item(['b'])", "pick_up(['b', 'j'])", "drop_item(['a', 'i'])"]
2025-10-22 15:46:37,317 DEBUG - __main__.FilterGoalEXPBFS.single_bfs:
["stay(['a'])", "drop_item(['b', 'j'])", "move_right_with_item(['a', 'i'])", "move_left_with_item(['a', 'i'])", "pick_up(['b', 'j'])", "drop_item(['a', 'i'])"]
2025-10-22 15:46:37,457 DEBUG - __main__.FilterGoalEXPBFS.single_bfs:
Own Goals of agent a:
  Condition(['a'] hold_by ['i', 'a'] = 0)
  Condition(['a', 'b'] hold_by ['i', 'a'] = 1)
)
2025-10-22 15:46:37,458 DEBUG - __main__.FilterGoalEXPBFS.single_bfs:
Own Goals of agent b:
  Condition(['b', 'a'] hold_by ['j', 'b'] = 1)
  Condition(['b'] hold_by ['j', 'b'] = 0)
)
2025-10-22 15:46:37,471 DEBUG - __main__.FilterGoalEXPBFS.single_bfs:
["drop_item(['a', 'i'])", "drop_item(['b', 'j'])"]
2025-10-22 15:46:37,502 INFO - __main__.FilterGoalEXPBFS.bfs:
Models: 2, Exapnds: 152, 3.694ms/expand
2025-10-22 15:46:37,502 INFO - __main__.FilterGoalEXPBFS.get_policy:
[("stay(['a'])", 2), ("drop_item(['a', 'i'])", 1)]
{'a': 2, 'b': 6}
2025-10-22 15:46:37,502 INFO - __main__.Model.simulate:
a takes action: stay(['a'])
2025-10-22 15:46:37,506 DEBUG - __main__.FilterGoalEXPBFS.single_bfs:
Own Goals of agent a:
  Condition(['a'] hold_by ['i', 'a'] = 0)
  Condition(['a'] hold_by ['j', 'b'] = 1)
)
2025-10-22 15:46:37,506 DEBUG - __main__.FilterGoalEXPBFS.single_bfs:
Own Goals of agent b:
  Condition(['b'] hold_by ['j', 'b'] = 0)
  Condition(['b', 'a'] hold_by ['j', 'b'] = 1)
)
2025-10-22 15:46:37,518 DEBUG - __main__.FilterGoalEXPBFS.single_bfs:
["stay(['b'])", "drop_item(['a', 'i'])"]
2025-10-22 15:46:37,543 DEBUG - __main__.FilterGoalEXPBFS.single_bfs:
Own Goals of agent a:
  Condition(['a', 'b'] hold_by ['j', 'b'] = 1)
  Condition(['a'] hold_by ['i', 'a'] = 0)
)
2025-10-22 15:46:37,543 DEBUG - __main__.FilterGoalEXPBFS.single_bfs:
Own Goals of agent b:
  Condition(['b'] hold_by ['j', 'b'] = 0)
  Condition(['b', 'a'] hold_by ['j', 'b'] = 1)
)
2025-10-22 15:46:37,557 DEBUG - __main__.FilterGoalEXPBFS.single_bfs:
["stay(['b'])", "drop_item(['a', 'i'])"]
2025-10-22 15:46:37,585 DEBUG - __main__.FilterGoalEXPBFS.single_bfs:
Own Goals of agent a:
  Condition(['a', 'b'] hold_by ['i', 'a'] = 0)
  Condition(['a'] hold_by ['j', 'b'] = 1)
)
2025-10-22 15:46:37,585 DEBUG - __main__.FilterGoalEXPBFS.single_bfs:
Own Goals of agent b:
  Condition(['b'] hold_by ['j', 'b'] = 0)
  Condition(['b', 'a'] hold_by ['j', 'b'] = 1)
)
2025-10-22 15:46:37,692 DEBUG - __main__.FilterGoalEXPBFS.single_bfs:
["pick_up(['b', 'j'])", "drop_item(['a', 'i'])", "move_right_without_item(['a'])", "move_left_with_item(['b', 'j'])", "drop_item(['b', 'j'])"]
2025-10-22 15:46:37,693 DEBUG - __main__.FilterGoalEXPBFS.single_bfs:
["pick_up(['b', 'j'])", "drop_item(['a', 'i'])", "move_left_with_item(['b', 'j'])", "move_right_with_item(['b', 'j'])", "drop_item(['b', 'j'])"]
2025-10-22 15:46:37,732 DEBUG - __main__.FilterGoalEXPBFS.single_bfs:
["pick_up(['b', 'j'])", "drop_item(['a', 'i'])", "move_left_with_item(['b', 'j'])", "move_right_without_item(['a'])", "drop_item(['b', 'j'])"]
2025-10-22 15:46:37,745 DEBUG - __main__.FilterGoalEXPBFS.single_bfs:
["pick_up(['b', 'j'])", "drop_item(['a', 'i'])", "move_right_without_item(['a'])", "move_left_without_item(['a'])", "drop_item(['b', 'j'])"]
2025-10-22 15:46:37,823 DEBUG - __main__.FilterGoalEXPBFS.single_bfs:
Own Goals of agent a:
  Condition(['a', 'b'] hold_by ['i', 'a'] = 0)
  Condition(['a'] hold_by ['i', 'a'] = 1)
)
2025-10-22 15:46:37,823 DEBUG - __main__.FilterGoalEXPBFS.single_bfs:
Own Goals of agent b:
  Condition(['b'] hold_by ['j', 'b'] = 0)
  Condition(['b', 'a'] hold_by ['j', 'b'] = 1)
)
2025-10-22 15:46:38,108 DEBUG - __main__.FilterGoalEXPBFS.single_bfs:
["pick_up(['b', 'j'])", "drop_item(['a', 'i'])", "move_left_with_item(['b', 'j'])", "move_right_with_item(['b', 'j'])", "drop_item(['b', 'j'])", "pick_up(['a', 'i'])"]
2025-10-22 15:46:38,245 DEBUG - __main__.FilterGoalEXPBFS.single_bfs:
["pick_up(['b', 'j'])", "drop_item(['a', 'i'])", "move_right_without_item(['a'])", "move_left_without_item(['a'])", "pick_up(['a', 'i'])", "drop_item(['b', 'j'])"]
2025-10-22 15:46:38,576 DEBUG - __main__.FilterGoalEXPBFS.single_bfs:
Own Goals of agent a:
  Condition(['a', 'b'] hold_by ['i', 'a'] = 0)
  Condition(['a', 'b'] hold_by ['j', 'b'] = 1)
)
2025-10-22 15:46:38,576 DEBUG - __main__.FilterGoalEXPBFS.single_bfs:
Own Goals of agent b:
  Condition(['b'] hold_by ['j', 'b'] = 0)
  Condition(['b', 'a'] hold_by ['j', 'b'] = 1)
)
2025-10-22 15:46:38,690 DEBUG - __main__.FilterGoalEXPBFS.single_bfs:
["pick_up(['b', 'j'])", "drop_item(['a', 'i'])", "move_right_without_item(['a'])", "move_left_with_item(['b', 'j'])", "drop_item(['b', 'j'])"]
2025-10-22 15:46:38,691 DEBUG - __main__.FilterGoalEXPBFS.single_bfs:
["pick_up(['b', 'j'])", "drop_item(['a', 'i'])", "move_left_with_item(['b', 'j'])", "move_right_with_item(['b', 'j'])", "drop_item(['b', 'j'])"]
2025-10-22 15:46:38,734 DEBUG - __main__.FilterGoalEXPBFS.single_bfs:
["pick_up(['b', 'j'])", "drop_item(['a', 'i'])", "move_left_with_item(['b', 'j'])", "move_right_without_item(['a'])", "drop_item(['b', 'j'])"]
2025-10-22 15:46:38,751 DEBUG - __main__.FilterGoalEXPBFS.single_bfs:
["pick_up(['b', 'j'])", "drop_item(['a', 'i'])", "move_right_without_item(['a'])", "move_left_without_item(['a'])", "drop_item(['b', 'j'])"]
2025-10-22 15:46:38,834 DEBUG - __main__.FilterGoalEXPBFS.single_bfs:
Own Goals of agent a:
  Condition(['a', 'b'] hold_by ['i', 'a'] = 1)
  Condition(['a'] hold_by ['i', 'a'] = 0)
)
2025-10-22 15:46:38,834 DEBUG - __main__.FilterGoalEXPBFS.single_bfs:
Own Goals of agent b:
  Condition(['b'] hold_by ['j', 'b'] = 0)
  Condition(['b', 'a'] hold_by ['j', 'b'] = 1)
)
2025-10-22 15:46:38,848 DEBUG - __main__.FilterGoalEXPBFS.single_bfs:
["stay(['b'])", "drop_item(['a', 'i'])"]
2025-10-22 15:46:38,907 INFO - __main__.FilterGoalEXPBFS.bfs:
Models: 6, Exapnds: 376, 3.727ms/expand
2025-10-22 15:46:38,907 INFO - __main__.FilterGoalEXPBFS.get_policy:
[("stay(['b'])", 3), ("pick_up(['b', 'j'])", 10)]
{'a': 2, 'b': 6}
2025-10-22 15:46:38,907 INFO - __main__.Model.simulate:
b takes action: pick_up(['b', 'j'])
2025-10-22 15:46:38,911 DEBUG - __main__.FilterGoalEXPBFS.single_bfs:
Own Goals of agent a:
  Condition(['a'] hold_by ['i', 'a'] = 0)
  Condition(['a', 'b'] hold_by ['i', 'a'] = 1)
)
2025-10-22 15:46:38,911 DEBUG - __main__.FilterGoalEXPBFS.single_bfs:
Own Goals of agent b:
  Condition(['b', 'a'] hold_by ['j', 'b'] = 0)
  Condition(['b'] hold_by ['j', 'b'] = 1)
)
2025-10-22 15:46:39,202 DEBUG - __main__.FilterGoalEXPBFS.single_bfs:
["stay(['a'])", "drop_item(['b', 'j'])", "move_left_without_item(['b'])", "move_right_without_item(['b'])", "pick_up(['b', 'j'])", "drop_item(['a', 'i'])"]
2025-10-22 15:46:39,308 DEBUG - __main__.FilterGoalEXPBFS.single_bfs:
["stay(['a'])", "drop_item(['b', 'j'])", "move_right_with_item(['a', 'i'])", "move_left_with_item(['a', 'i'])", "pick_up(['b', 'j'])", "drop_item(['a', 'i'])"]
2025-10-22 15:46:39,456 DEBUG - __main__.FilterGoalEXPBFS.single_bfs:
Own Goals of agent a:
  Condition(['a'] hold_by ['i', 'a'] = 0)
  Condition(['a', 'b'] hold_by ['i', 'a'] = 1)
)
2025-10-22 15:46:39,456 DEBUG - __main__.FilterGoalEXPBFS.single_bfs:
Own Goals of agent b:
  Condition(['b', 'a'] hold_by ['j', 'b'] = 1)
  Condition(['b'] hold_by ['j', 'b'] = 0)
)
2025-10-22 15:46:39,471 DEBUG - __main__.FilterGoalEXPBFS.single_bfs:
["drop_item(['a', 'i'])", "drop_item(['b', 'j'])"]
2025-10-22 15:46:39,503 INFO - __main__.FilterGoalEXPBFS.bfs:
Models: 2, Exapnds: 152, 3.895ms/expand
2025-10-22 15:46:39,503 INFO - __main__.FilterGoalEXPBFS.get_policy:
[("stay(['a'])", 2), ("drop_item(['a', 'i'])", 1)]
{'a': 2, 'b': 6}
2025-10-22 15:46:39,503 INFO - __main__.Model.simulate:
a takes action: stay(['a'])
2025-10-22 15:46:39,507 DEBUG - __main__.FilterGoalEXPBFS.single_bfs:
Own Goals of agent a:
  Condition(['a'] hold_by ['i', 'a'] = 0)
  Condition(['a'] hold_by ['j', 'b'] = 1)
)
2025-10-22 15:46:39,507 DEBUG - __main__.FilterGoalEXPBFS.single_bfs:
Own Goals of agent b:
  Condition(['b'] hold_by ['j', 'b'] = 0)
  Condition(['b', 'a'] hold_by ['j', 'b'] = 1)
)
2025-10-22 15:46:39,520 DEBUG - __main__.FilterGoalEXPBFS.single_bfs:
["drop_item(['b', 'j'])", "drop_item(['a', 'i'])"]
2025-10-22 15:46:39,543 DEBUG - __main__.FilterGoalEXPBFS.single_bfs:
Own Goals of agent a:
  Condition(['a', 'b'] hold_by ['j', 'b'] = 1)
  Condition(['a'] hold_by ['i', 'a'] = 0)
)
2025-10-22 15:46:39,543 DEBUG - __main__.FilterGoalEXPBFS.single_bfs:
Own Goals of agent b:
  Condition(['b'] hold_by ['j', 'b'] = 0)
  Condition(['b', 'a'] hold_by ['j', 'b'] = 1)
)
2025-10-22 15:46:39,558 DEBUG - __main__.FilterGoalEXPBFS.single_bfs:
["drop_item(['b', 'j'])", "drop_item(['a', 'i'])"]
2025-10-22 15:46:39,584 DEBUG - __main__.FilterGoalEXPBFS.single_bfs:
Own Goals of agent a:
  Condition(['a', 'b'] hold_by ['i', 'a'] = 0)
  Condition(['a'] hold_by ['j', 'b'] = 1)
)
2025-10-22 15:46:39,584 DEBUG - __main__.FilterGoalEXPBFS.single_bfs:
Own Goals of agent b:
  Condition(['b'] hold_by ['j', 'b'] = 0)
  Condition(['b', 'a'] hold_by ['j', 'b'] = 1)
)
2025-10-22 15:46:39,790 DEBUG - __main__.FilterGoalEXPBFS.single_bfs:
["move_left_with_item(['b', 'j'])", "move_right_with_item(['a', 'i'])", "drop_item(['a', 'i'])", "move_left_without_item(['a'])", "move_right_with_item(['b', 'j'])", "drop_item(['b', 'j'])"]
2025-10-22 15:46:39,807 DEBUG - __main__.FilterGoalEXPBFS.single_bfs:
["drop_item(['b', 'j'])", "drop_item(['a', 'i'])", "pick_up(['b', 'j'])", "move_left_with_item(['b', 'j'])", "move_right_with_item(['b', 'j'])", "drop_item(['b', 'j'])"]
2025-10-22 15:46:39,894 DEBUG - __main__.FilterGoalEXPBFS.single_bfs:
["move_left_with_item(['b', 'j'])", "move_right_with_item(['a', 'i'])", "drop_item(['a', 'i'])", "move_right_with_item(['b', 'j'])", "move_left_with_item(['b', 'j'])", "drop_item(['b', 'j'])"]
2025-10-22 15:46:39,895 DEBUG - __main__.FilterGoalEXPBFS.single_bfs:
["drop_item(['b', 'j'])", "drop_item(['a', 'i'])", "move_right_without_item(['a'])", "pick_up(['b', 'j'])", "move_left_without_item(['a'])", "drop_item(['b', 'j'])"]
2025-10-22 15:46:39,910 DEBUG - __main__.FilterGoalEXPBFS.single_bfs:
["drop_item(['b', 'j'])", "drop_item(['a', 'i'])", "pick_up(['b', 'j'])", "move_left_with_item(['b', 'j'])", "move_right_without_item(['a'])", "drop_item(['b', 'j'])"]
2025-10-22 15:46:39,911 DEBUG - __main__.FilterGoalEXPBFS.single_bfs:
["move_left_with_item(['b', 'j'])", "move_right_with_item(['a', 'i'])", "drop_item(['a', 'i'])", "move_right_with_item(['b', 'j'])", "move_left_without_item(['a'])", "drop_item(['b', 'j'])"]
2025-10-22 15:46:39,935 DEBUG - __main__.FilterGoalEXPBFS.single_bfs:
["move_left_with_item(['b', 'j'])", "move_right_with_item(['a', 'i'])", "drop_item(['a', 'i'])", "move_left_without_item(['a'])", "move_right_without_item(['a'])", "drop_item(['b', 'j'])"]
2025-10-22 15:46:39,936 DEBUG - __main__.FilterGoalEXPBFS.single_bfs:
["drop_item(['b', 'j'])", "drop_item(['a', 'i'])", "move_right_without_item(['a'])", "pick_up(['b', 'j'])", "move_left_with_item(['b', 'j'])", "drop_item(['b', 'j'])"]
2025-10-22 15:46:40,117 DEBUG - __main__.FilterGoalEXPBFS.single_bfs:
Own Goals of agent a:
  Condition(['a', 'b'] hold_by ['i', 'a'] = 0)
  Condition(['a'] hold_by ['i', 'a'] = 1)
)
2025-10-22 15:46:40,117 DEBUG - __main__.FilterGoalEXPBFS.single_bfs:
Own Goals of agent b:
  Condition(['b'] hold_by ['j', 'b'] = 0)
  Condition(['b', 'a'] hold_by ['j', 'b'] = 1)
)
2025-10-22 15:46:40,471 DEBUG - __main__.FilterGoalEXPBFS.single_bfs:
["stay(['b'])", "drop_item(['a', 'i'])", "move_left_with_item(['b', 'j'])", "move_right_with_item(['b', 'j'])", "pick_up(['a', 'i'])", "drop_item(['b', 'j'])"]
2025-10-22 15:46:40,516 DEBUG - __main__.FilterGoalEXPBFS.single_bfs:
["stay(['b'])", "drop_item(['a', 'i'])", "move_right_without_item(['a'])", "move_left_without_item(['a'])", "drop_item(['b', 'j'])", "pick_up(['a', 'i'])"]
2025-10-22 15:46:40,916 DEBUG - __main__.FilterGoalEXPBFS.single_bfs:
Own Goals of agent a:
  Condition(['a', 'b'] hold_by ['i', 'a'] = 0)
  Condition(['a', 'b'] hold_by ['j', 'b'] = 1)
)
2025-10-22 15:46:40,916 DEBUG - __main__.FilterGoalEXPBFS.single_bfs:
Own Goals of agent b:
  Condition(['b'] hold_by ['j', 'b'] = 0)
  Condition(['b', 'a'] hold_by ['j', 'b'] = 1)
)
2025-10-22 15:46:41,137 DEBUG - __main__.FilterGoalEXPBFS.single_bfs:
["move_left_with_item(['b', 'j'])", "move_right_with_item(['a', 'i'])", "drop_item(['a', 'i'])", "move_left_without_item(['a'])", "move_right_with_item(['b', 'j'])", "drop_item(['b', 'j'])"]
2025-10-22 15:46:41,156 DEBUG - __main__.FilterGoalEXPBFS.single_bfs:
["drop_item(['b', 'j'])", "drop_item(['a', 'i'])", "pick_up(['b', 'j'])", "move_left_with_item(['b', 'j'])", "move_right_with_item(['b', 'j'])", "drop_item(['b', 'j'])"]
2025-10-22 15:46:41,248 DEBUG - __main__.FilterGoalEXPBFS.single_bfs:
["move_left_with_item(['b', 'j'])", "move_right_with_item(['a', 'i'])", "drop_item(['a', 'i'])", "move_right_with_item(['b', 'j'])", "move_left_with_item(['b', 'j'])", "drop_item(['b', 'j'])"]
2025-10-22 15:46:41,250 DEBUG - __main__.FilterGoalEXPBFS.single_bfs:
["drop_item(['b', 'j'])", "drop_item(['a', 'i'])", "move_right_without_item(['a'])", "pick_up(['b', 'j'])", "move_left_without_item(['a'])", "drop_item(['b', 'j'])"]
2025-10-22 15:46:41,266 DEBUG - __main__.FilterGoalEXPBFS.single_bfs:
["drop_item(['b', 'j'])", "drop_item(['a', 'i'])", "pick_up(['b', 'j'])", "move_left_with_item(['b', 'j'])", "move_right_without_item(['a'])", "drop_item(['b', 'j'])"]
2025-10-22 15:46:41,267 DEBUG - __main__.FilterGoalEXPBFS.single_bfs:
["move_left_with_item(['b', 'j'])", "move_right_with_item(['a', 'i'])", "drop_item(['a', 'i'])", "move_right_with_item(['b', 'j'])", "move_left_without_item(['a'])", "drop_item(['b', 'j'])"]
2025-10-22 15:46:41,292 DEBUG - __main__.FilterGoalEXPBFS.single_bfs:
["move_left_with_item(['b', 'j'])", "move_right_with_item(['a', 'i'])", "drop_item(['a', 'i'])", "move_left_without_item(['a'])", "move_right_without_item(['a'])", "drop_item(['b', 'j'])"]
2025-10-22 15:46:41,294 DEBUG - __main__.FilterGoalEXPBFS.single_bfs:
["drop_item(['b', 'j'])", "drop_item(['a', 'i'])", "move_right_without_item(['a'])", "pick_up(['b', 'j'])", "move_left_with_item(['b', 'j'])", "drop_item(['b', 'j'])"]
2025-10-22 15:46:41,486 DEBUG - __main__.FilterGoalEXPBFS.single_bfs:
Own Goals of agent a:
  Condition(['a', 'b'] hold_by ['i', 'a'] = 1)
  Condition(['a'] hold_by ['i', 'a'] = 0)
)
2025-10-22 15:46:41,486 DEBUG - __main__.FilterGoalEXPBFS.single_bfs:
Own Goals of agent b:
  Condition(['b'] hold_by ['j', 'b'] = 0)
  Condition(['b', 'a'] hold_by ['j', 'b'] = 1)
)
2025-10-22 15:46:41,501 DEBUG - __main__.FilterGoalEXPBFS.single_bfs:
["drop_item(['b', 'j'])", "drop_item(['a', 'i'])"]
2025-10-22 15:46:41,560 INFO - __main__.FilterGoalEXPBFS.bfs:
Models: 6, Exapnds: 493, 4.165ms/expand
2025-10-22 15:46:41,560 INFO - __main__.FilterGoalEXPBFS.get_policy:
[("drop_item(['b', 'j'])", 11), ("move_left_with_item(['b', 'j'])", 8), ("stay(['b'])", 2)]
{'a': 2, 'b': 6}
2025-10-22 15:46:41,560 INFO - __main__.Model.simulate:
b takes action: drop_item(['b', 'j'])
2025-10-22 15:46:41,565 DEBUG - __main__.FilterGoalEXPBFS.single_bfs:
Own Goals of agent a:
  Condition(['a'] hold_by ['i', 'a'] = 0)
  Condition(['a', 'b'] hold_by ['i', 'a'] = 1)
)
2025-10-22 15:46:41,565 DEBUG - __main__.FilterGoalEXPBFS.single_bfs:
Own Goals of agent b:
  Condition(['b', 'a'] hold_by ['j', 'b'] = 0)
  Condition(['b'] hold_by ['j', 'b'] = 1)
)
2025-10-22 15:46:41,875 DEBUG - __main__.FilterGoalEXPBFS.single_bfs:
["stay(['a'])", "drop_item(['b', 'j'])", "move_left_without_item(['b'])", "move_right_without_item(['b'])", "pick_up(['b', 'j'])", "drop_item(['a', 'i'])"]
2025-10-22 15:46:41,986 DEBUG - __main__.FilterGoalEXPBFS.single_bfs:
["stay(['a'])", "drop_item(['b', 'j'])", "move_right_with_item(['a', 'i'])", "move_left_with_item(['a', 'i'])", "pick_up(['b', 'j'])", "drop_item(['a', 'i'])"]
2025-10-22 15:46:42,141 DEBUG - __main__.FilterGoalEXPBFS.single_bfs:
Own Goals of agent a:
  Condition(['a'] hold_by ['i', 'a'] = 0)
  Condition(['a', 'b'] hold_by ['i', 'a'] = 1)
)
2025-10-22 15:46:42,141 DEBUG - __main__.FilterGoalEXPBFS.single_bfs:
Own Goals of agent b:
  Condition(['b', 'a'] hold_by ['j', 'b'] = 1)
  Condition(['b'] hold_by ['j', 'b'] = 0)
)
2025-10-22 15:46:42,157 DEBUG - __main__.FilterGoalEXPBFS.single_bfs:
["drop_item(['a', 'i'])", "drop_item(['b', 'j'])"]
2025-10-22 15:46:42,190 INFO - __main__.FilterGoalEXPBFS.bfs:
Models: 2, Exapnds: 152, 4.116ms/expand
2025-10-22 15:46:42,190 INFO - __main__.FilterGoalEXPBFS.get_policy:
[("stay(['a'])", 2), ("drop_item(['a', 'i'])", 1)]
{'a': 2, 'b': 6}
2025-10-22 15:46:42,190 INFO - __main__.Model.simulate:
a takes action: stay(['a'])
2025-10-22 15:46:42,195 DEBUG - __main__.FilterGoalEXPBFS.single_bfs:
Own Goals of agent a:
  Condition(['a'] hold_by ['i', 'a'] = 0)
  Condition(['a'] hold_by ['j', 'b'] = 1)
)
2025-10-22 15:46:42,195 DEBUG - __main__.FilterGoalEXPBFS.single_bfs:
Own Goals of agent b:
  Condition(['b'] hold_by ['j', 'b'] = 0)
  Condition(['b', 'a'] hold_by ['j', 'b'] = 1)
)
2025-10-22 15:46:42,209 DEBUG - __main__.FilterGoalEXPBFS.single_bfs:
["stay(['b'])", "drop_item(['a', 'i'])"]
2025-10-22 15:46:42,237 DEBUG - __main__.FilterGoalEXPBFS.single_bfs:
Own Goals of agent a:
  Condition(['a', 'b'] hold_by ['j', 'b'] = 1)
  Condition(['a'] hold_by ['i', 'a'] = 0)
)
2025-10-22 15:46:42,237 DEBUG - __main__.FilterGoalEXPBFS.single_bfs:
Own Goals of agent b:
  Condition(['b'] hold_by ['j', 'b'] = 0)
  Condition(['b', 'a'] hold_by ['j', 'b'] = 1)
)
2025-10-22 15:46:42,252 DEBUG - __main__.FilterGoalEXPBFS.single_bfs:
["stay(['b'])", "drop_item(['a', 'i'])"]
2025-10-22 15:46:42,284 DEBUG - __main__.FilterGoalEXPBFS.single_bfs:
Own Goals of agent a:
  Condition(['a', 'b'] hold_by ['i', 'a'] = 0)
  Condition(['a'] hold_by ['j', 'b'] = 1)
)
2025-10-22 15:46:42,284 DEBUG - __main__.FilterGoalEXPBFS.single_bfs:
Own Goals of agent b:
  Condition(['b'] hold_by ['j', 'b'] = 0)
  Condition(['b', 'a'] hold_by ['j', 'b'] = 1)
)
2025-10-22 15:46:42,402 DEBUG - __main__.FilterGoalEXPBFS.single_bfs:
["pick_up(['b', 'j'])", "drop_item(['a', 'i'])", "move_right_without_item(['a'])", "move_left_with_item(['b', 'j'])", "drop_item(['b', 'j'])"]
2025-10-22 15:46:42,403 DEBUG - __main__.FilterGoalEXPBFS.single_bfs:
["pick_up(['b', 'j'])", "drop_item(['a', 'i'])", "move_left_with_item(['b', 'j'])", "move_right_with_item(['b', 'j'])", "drop_item(['b', 'j'])"]
2025-10-22 15:46:42,447 DEBUG - __main__.FilterGoalEXPBFS.single_bfs:
["pick_up(['b', 'j'])", "drop_item(['a', 'i'])", "move_left_with_item(['b', 'j'])", "move_right_without_item(['a'])", "drop_item(['b', 'j'])"]
2025-10-22 15:46:42,461 DEBUG - __main__.FilterGoalEXPBFS.single_bfs:
["pick_up(['b', 'j'])", "drop_item(['a', 'i'])", "move_right_without_item(['a'])", "move_left_without_item(['a'])", "drop_item(['b', 'j'])"]
2025-10-22 15:46:42,547 DEBUG - __main__.FilterGoalEXPBFS.single_bfs:
Own Goals of agent a:
  Condition(['a', 'b'] hold_by ['i', 'a'] = 0)
  Condition(['a'] hold_by ['i', 'a'] = 1)
)
2025-10-22 15:46:42,547 DEBUG - __main__.FilterGoalEXPBFS.single_bfs:
Own Goals of agent b:
  Condition(['b'] hold_by ['j', 'b'] = 0)
  Condition(['b', 'a'] hold_by ['j', 'b'] = 1)
)
2025-10-22 15:46:42,863 DEBUG - __main__.FilterGoalEXPBFS.single_bfs:
["pick_up(['b', 'j'])", "drop_item(['a', 'i'])", "move_left_with_item(['b', 'j'])", "move_right_with_item(['b', 'j'])", "drop_item(['b', 'j'])", "pick_up(['a', 'i'])"]
2025-10-22 15:46:43,014 DEBUG - __main__.FilterGoalEXPBFS.single_bfs:
["pick_up(['b', 'j'])", "drop_item(['a', 'i'])", "move_right_without_item(['a'])", "move_left_without_item(['a'])", "pick_up(['a', 'i'])", "drop_item(['b', 'j'])"]
2025-10-22 15:46:43,378 DEBUG - __main__.FilterGoalEXPBFS.single_bfs:
Own Goals of agent a:
  Condition(['a', 'b'] hold_by ['i', 'a'] = 0)
  Condition(['a', 'b'] hold_by ['j', 'b'] = 1)
)
2025-10-22 15:46:43,378 DEBUG - __main__.FilterGoalEXPBFS.single_bfs:
Own Goals of agent b:
  Condition(['b'] hold_by ['j', 'b'] = 0)
  Condition(['b', 'a'] hold_by ['j', 'b'] = 1)
)
2025-10-22 15:46:43,504 DEBUG - __main__.FilterGoalEXPBFS.single_bfs:
["pick_up(['b', 'j'])", "drop_item(['a', 'i'])", "move_right_without_item(['a'])", "move_left_with_item(['b', 'j'])", "drop_item(['b', 'j'])"]
2025-10-22 15:46:43,505 DEBUG - __main__.FilterGoalEXPBFS.single_bfs:
["pick_up(['b', 'j'])", "drop_item(['a', 'i'])", "move_left_with_item(['b', 'j'])", "move_right_with_item(['b', 'j'])", "drop_item(['b', 'j'])"]
2025-10-22 15:46:43,552 DEBUG - __main__.FilterGoalEXPBFS.single_bfs:
["pick_up(['b', 'j'])", "drop_item(['a', 'i'])", "move_left_with_item(['b', 'j'])", "move_right_without_item(['a'])", "drop_item(['b', 'j'])"]
2025-10-22 15:46:43,568 DEBUG - __main__.FilterGoalEXPBFS.single_bfs:
["pick_up(['b', 'j'])", "drop_item(['a', 'i'])", "move_right_without_item(['a'])", "move_left_without_item(['a'])", "drop_item(['b', 'j'])"]
2025-10-22 15:46:43,660 DEBUG - __main__.FilterGoalEXPBFS.single_bfs:
Own Goals of agent a:
  Condition(['a', 'b'] hold_by ['i', 'a'] = 1)
  Condition(['a'] hold_by ['i', 'a'] = 0)
)
2025-10-22 15:46:43,660 DEBUG - __main__.FilterGoalEXPBFS.single_bfs:
Own Goals of agent b:
  Condition(['b'] hold_by ['j', 'b'] = 0)
  Condition(['b', 'a'] hold_by ['j', 'b'] = 1)
)
2025-10-22 15:46:43,675 DEBUG - __main__.FilterGoalEXPBFS.single_bfs:
["stay(['b'])", "drop_item(['a', 'i'])"]
2025-10-22 15:46:43,742 INFO - __main__.FilterGoalEXPBFS.bfs:
Models: 6, Exapnds: 376, 4.114ms/expand
2025-10-22 15:46:43,742 INFO - __main__.FilterGoalEXPBFS.get_policy:
[("stay(['b'])", 3), ("pick_up(['b', 'j'])", 10)]
{'a': 2, 'b': 6}
2025-10-22 15:46:43,742 INFO - __main__.Model.simulate:
b takes action: pick_up(['b', 'j'])
2025-10-22 15:46:43,746 DEBUG - __main__.FilterGoalEXPBFS.single_bfs:
Own Goals of agent a:
  Condition(['a'] hold_by ['i', 'a'] = 0)
  Condition(['a', 'b'] hold_by ['i', 'a'] = 1)
)
2025-10-22 15:46:43,746 DEBUG - __main__.FilterGoalEXPBFS.single_bfs:
Own Goals of agent b:
  Condition(['b', 'a'] hold_by ['j', 'b'] = 0)
  Condition(['b'] hold_by ['j', 'b'] = 1)
)
2025-10-22 15:46:44,068 DEBUG - __main__.FilterGoalEXPBFS.single_bfs:
["stay(['a'])", "drop_item(['b', 'j'])", "move_left_without_item(['b'])", "move_right_without_item(['b'])", "pick_up(['b', 'j'])", "drop_item(['a', 'i'])"]
2025-10-22 15:46:44,185 DEBUG - __main__.FilterGoalEXPBFS.single_bfs:
["stay(['a'])", "drop_item(['b', 'j'])", "move_right_with_item(['a', 'i'])", "move_left_with_item(['a', 'i'])", "pick_up(['b', 'j'])", "drop_item(['a', 'i'])"]
2025-10-22 15:46:44,347 DEBUG - __main__.FilterGoalEXPBFS.single_bfs:
Own Goals of agent a:
  Condition(['a'] hold_by ['i', 'a'] = 0)
  Condition(['a', 'b'] hold_by ['i', 'a'] = 1)
)
2025-10-22 15:46:44,347 DEBUG - __main__.FilterGoalEXPBFS.single_bfs:
Own Goals of agent b:
  Condition(['b', 'a'] hold_by ['j', 'b'] = 1)
  Condition(['b'] hold_by ['j', 'b'] = 0)
)
2025-10-22 15:46:44,363 DEBUG - __main__.FilterGoalEXPBFS.single_bfs:
["drop_item(['a', 'i'])", "drop_item(['b', 'j'])"]
2025-10-22 15:46:44,399 INFO - __main__.FilterGoalEXPBFS.bfs:
Models: 2, Exapnds: 152, 4.295ms/expand
2025-10-22 15:46:44,399 INFO - __main__.FilterGoalEXPBFS.get_policy:
[("stay(['a'])", 2), ("drop_item(['a', 'i'])", 1)]
{'a': 2, 'b': 6}
2025-10-22 15:46:44,399 INFO - __main__.Model.simulate:
a takes action: stay(['a'])
2025-10-22 15:46:44,404 DEBUG - __main__.FilterGoalEXPBFS.single_bfs:
Own Goals of agent a:
  Condition(['a'] hold_by ['i', 'a'] = 0)
  Condition(['a'] hold_by ['j', 'b'] = 1)
)
2025-10-22 15:46:44,404 DEBUG - __main__.FilterGoalEXPBFS.single_bfs:
Own Goals of agent b:
  Condition(['b'] hold_by ['j', 'b'] = 0)
  Condition(['b', 'a'] hold_by ['j', 'b'] = 1)
)
2025-10-22 15:46:44,419 DEBUG - __main__.FilterGoalEXPBFS.single_bfs:
["drop_item(['b', 'j'])", "drop_item(['a', 'i'])"]
2025-10-22 15:46:44,444 DEBUG - __main__.FilterGoalEXPBFS.single_bfs:
Own Goals of agent a:
  Condition(['a', 'b'] hold_by ['j', 'b'] = 1)
  Condition(['a'] hold_by ['i', 'a'] = 0)
)
2025-10-22 15:46:44,444 DEBUG - __main__.FilterGoalEXPBFS.single_bfs:
Own Goals of agent b:
  Condition(['b'] hold_by ['j', 'b'] = 0)
  Condition(['b', 'a'] hold_by ['j', 'b'] = 1)
)
2025-10-22 15:46:44,461 DEBUG - __main__.FilterGoalEXPBFS.single_bfs:
["drop_item(['b', 'j'])", "drop_item(['a', 'i'])"]
2025-10-22 15:46:44,489 DEBUG - __main__.FilterGoalEXPBFS.single_bfs:
Own Goals of agent a:
  Condition(['a', 'b'] hold_by ['i', 'a'] = 0)
  Condition(['a'] hold_by ['j', 'b'] = 1)
)
2025-10-22 15:46:44,489 DEBUG - __main__.FilterGoalEXPBFS.single_bfs:
Own Goals of agent b:
  Condition(['b'] hold_by ['j', 'b'] = 0)
  Condition(['b', 'a'] hold_by ['j', 'b'] = 1)
)
2025-10-22 15:46:44,717 DEBUG - __main__.FilterGoalEXPBFS.single_bfs:
["move_left_with_item(['b', 'j'])", "move_right_with_item(['a', 'i'])", "drop_item(['a', 'i'])", "move_left_without_item(['a'])", "move_right_with_item(['b', 'j'])", "drop_item(['b', 'j'])"]
2025-10-22 15:46:44,736 DEBUG - __main__.FilterGoalEXPBFS.single_bfs:
["drop_item(['b', 'j'])", "drop_item(['a', 'i'])", "pick_up(['b', 'j'])", "move_left_with_item(['b', 'j'])", "move_right_with_item(['b', 'j'])", "drop_item(['b', 'j'])"]
2025-10-22 15:46:44,830 DEBUG - __main__.FilterGoalEXPBFS.single_bfs:
["move_left_with_item(['b', 'j'])", "move_right_with_item(['a', 'i'])", "drop_item(['a', 'i'])", "move_right_with_item(['b', 'j'])", "move_left_with_item(['b', 'j'])", "drop_item(['b', 'j'])"]
2025-10-22 15:46:44,831 DEBUG - __main__.FilterGoalEXPBFS.single_bfs:
["drop_item(['b', 'j'])", "drop_item(['a', 'i'])", "move_right_without_item(['a'])", "pick_up(['b', 'j'])", "move_left_without_item(['a'])", "drop_item(['b', 'j'])"]
2025-10-22 15:46:44,848 DEBUG - __main__.FilterGoalEXPBFS.single_bfs:
["drop_item(['b', 'j'])", "drop_item(['a', 'i'])", "pick_up(['b', 'j'])", "move_left_with_item(['b', 'j'])", "move_right_without_item(['a'])", "drop_item(['b', 'j'])"]
2025-10-22 15:46:44,849 DEBUG - __main__.FilterGoalEXPBFS.single_bfs:
["move_left_with_item(['b', 'j'])", "move_right_with_item(['a', 'i'])", "drop_item(['a', 'i'])", "move_right_with_item(['b', 'j'])", "move_left_without_item(['a'])", "drop_item(['b', 'j'])"]
2025-10-22 15:46:44,875 DEBUG - __main__.FilterGoalEXPBFS.single_bfs:
["move_left_with_item(['b', 'j'])", "move_right_with_item(['a', 'i'])", "drop_item(['a', 'i'])", "move_left_without_item(['a'])", "move_right_without_item(['a'])", "drop_item(['b', 'j'])"]
2025-10-22 15:46:44,877 DEBUG - __main__.FilterGoalEXPBFS.single_bfs:
["drop_item(['b', 'j'])", "drop_item(['a', 'i'])", "move_right_without_item(['a'])", "pick_up(['b', 'j'])", "move_left_with_item(['b', 'j'])", "drop_item(['b', 'j'])"]
2025-10-22 15:46:45,075 DEBUG - __main__.FilterGoalEXPBFS.single_bfs:
Own Goals of agent a:
  Condition(['a', 'b'] hold_by ['i', 'a'] = 0)
  Condition(['a'] hold_by ['i', 'a'] = 1)
)
2025-10-22 15:46:45,075 DEBUG - __main__.FilterGoalEXPBFS.single_bfs:
Own Goals of agent b:
  Condition(['b'] hold_by ['j', 'b'] = 0)
  Condition(['b', 'a'] hold_by ['j', 'b'] = 1)
)
2025-10-22 15:46:45,517 DEBUG - __main__.FilterGoalEXPBFS.single_bfs:
["stay(['b'])", "drop_item(['a', 'i'])", "move_left_with_item(['b', 'j'])", "move_right_with_item(['b', 'j'])", "pick_up(['a', 'i'])", "drop_item(['b', 'j'])"]
2025-10-22 15:46:45,566 DEBUG - __main__.FilterGoalEXPBFS.single_bfs:
["stay(['b'])", "drop_item(['a', 'i'])", "move_right_without_item(['a'])", "move_left_without_item(['a'])", "drop_item(['b', 'j'])", "pick_up(['a', 'i'])"]
2025-10-22 15:46:46,005 DEBUG - __main__.FilterGoalEXPBFS.single_bfs:
Own Goals of agent a:
  Condition(['a', 'b'] hold_by ['i', 'a'] = 0)
  Condition(['a', 'b'] hold_by ['j', 'b'] = 1)
)
2025-10-22 15:46:46,006 DEBUG - __main__.FilterGoalEXPBFS.single_bfs:
Own Goals of agent b:
  Condition(['b'] hold_by ['j', 'b'] = 0)
  Condition(['b', 'a'] hold_by ['j', 'b'] = 1)
)
2025-10-22 15:46:46,248 DEBUG - __main__.FilterGoalEXPBFS.single_bfs:
["move_left_with_item(['b', 'j'])", "move_right_with_item(['a', 'i'])", "drop_item(['a', 'i'])", "move_left_without_item(['a'])", "move_right_with_item(['b', 'j'])", "drop_item(['b', 'j'])"]
2025-10-22 15:46:46,269 DEBUG - __main__.FilterGoalEXPBFS.single_bfs:
["drop_item(['b', 'j'])", "drop_item(['a', 'i'])", "pick_up(['b', 'j'])", "move_left_with_item(['b', 'j'])", "move_right_with_item(['b', 'j'])", "drop_item(['b', 'j'])"]
2025-10-22 15:46:46,370 DEBUG - __main__.FilterGoalEXPBFS.single_bfs:
["move_left_with_item(['b', 'j'])", "move_right_with_item(['a', 'i'])", "drop_item(['a', 'i'])", "move_right_with_item(['b', 'j'])", "move_left_with_item(['b', 'j'])", "drop_item(['b', 'j'])"]
2025-10-22 15:46:46,371 DEBUG - __main__.FilterGoalEXPBFS.single_bfs:
["drop_item(['b', 'j'])", "drop_item(['a', 'i'])", "move_right_without_item(['a'])", "pick_up(['b', 'j'])", "move_left_without_item(['a'])", "drop_item(['b', 'j'])"]
2025-10-22 15:46:46,389 DEBUG - __main__.FilterGoalEXPBFS.single_bfs:
["drop_item(['b', 'j'])", "drop_item(['a', 'i'])", "pick_up(['b', 'j'])", "move_left_with_item(['b', 'j'])", "move_right_without_item(['a'])", "drop_item(['b', 'j'])"]
2025-10-22 15:46:46,390 DEBUG - __main__.FilterGoalEXPBFS.single_bfs:
["move_left_with_item(['b', 'j'])", "move_right_with_item(['a', 'i'])", "drop_item(['a', 'i'])", "move_right_with_item(['b', 'j'])", "move_left_without_item(['a'])", "drop_item(['b', 'j'])"]
2025-10-22 15:46:46,418 DEBUG - __main__.FilterGoalEXPBFS.single_bfs:
["move_left_with_item(['b', 'j'])", "move_right_with_item(['a', 'i'])", "drop_item(['a', 'i'])", "move_left_without_item(['a'])", "move_right_without_item(['a'])", "drop_item(['b', 'j'])"]
2025-10-22 15:46:46,420 DEBUG - __main__.FilterGoalEXPBFS.single_bfs:
["drop_item(['b', 'j'])", "drop_item(['a', 'i'])", "move_right_without_item(['a'])", "pick_up(['b', 'j'])", "move_left_with_item(['b', 'j'])", "drop_item(['b', 'j'])"]
2025-10-22 15:46:46,631 DEBUG - __main__.FilterGoalEXPBFS.single_bfs:
Own Goals of agent a:
  Condition(['a', 'b'] hold_by ['i', 'a'] = 1)
  Condition(['a'] hold_by ['i', 'a'] = 0)
)
2025-10-22 15:46:46,631 DEBUG - __main__.FilterGoalEXPBFS.single_bfs:
Own Goals of agent b:
  Condition(['b'] hold_by ['j', 'b'] = 0)
  Condition(['b', 'a'] hold_by ['j', 'b'] = 1)
)
2025-10-22 15:46:46,647 DEBUG - __main__.FilterGoalEXPBFS.single_bfs:
["drop_item(['b', 'j'])", "drop_item(['a', 'i'])"]
2025-10-22 15:46:46,712 INFO - __main__.FilterGoalEXPBFS.bfs:
Models: 6, Exapnds: 493, 4.683ms/expand
2025-10-22 15:46:46,712 INFO - __main__.FilterGoalEXPBFS.get_policy:
[("drop_item(['b', 'j'])", 11), ("move_left_with_item(['b', 'j'])", 8), ("stay(['b'])", 2)]
{'a': 2, 'b': 6}
2025-10-22 15:46:46,712 INFO - __main__.Model.simulate:
b takes action: drop_item(['b', 'j'])
2025-10-22 15:46:46,717 DEBUG - __main__.FilterGoalEXPBFS.single_bfs:
Own Goals of agent a:
  Condition(['a'] hold_by ['i', 'a'] = 0)
  Condition(['a', 'b'] hold_by ['i', 'a'] = 1)
)
2025-10-22 15:46:46,718 DEBUG - __main__.FilterGoalEXPBFS.single_bfs:
Own Goals of agent b:
  Condition(['b', 'a'] hold_by ['j', 'b'] = 0)
  Condition(['b'] hold_by ['j', 'b'] = 1)
)
2025-10-22 15:46:47,052 DEBUG - __main__.FilterGoalEXPBFS.single_bfs:
["stay(['a'])", "drop_item(['b', 'j'])", "move_left_without_item(['b'])", "move_right_without_item(['b'])", "pick_up(['b', 'j'])", "drop_item(['a', 'i'])"]
2025-10-22 15:46:47,174 DEBUG - __main__.FilterGoalEXPBFS.single_bfs:
["stay(['a'])", "drop_item(['b', 'j'])", "move_right_with_item(['a', 'i'])", "move_left_with_item(['a', 'i'])", "pick_up(['b', 'j'])", "drop_item(['a', 'i'])"]
2025-10-22 15:46:47,343 DEBUG - __main__.FilterGoalEXPBFS.single_bfs:
Own Goals of agent a:
  Condition(['a'] hold_by ['i', 'a'] = 0)
  Condition(['a', 'b'] hold_by ['i', 'a'] = 1)
)
2025-10-22 15:46:47,343 DEBUG - __main__.FilterGoalEXPBFS.single_bfs:
Own Goals of agent b:
  Condition(['b', 'a'] hold_by ['j', 'b'] = 1)
  Condition(['b'] hold_by ['j', 'b'] = 0)
)
2025-10-22 15:46:47,361 DEBUG - __main__.FilterGoalEXPBFS.single_bfs:
["drop_item(['a', 'i'])", "drop_item(['b', 'j'])"]
2025-10-22 15:46:47,398 INFO - __main__.FilterGoalEXPBFS.bfs:
Models: 2, Exapnds: 152, 4.475ms/expand
2025-10-22 15:46:47,398 INFO - __main__.FilterGoalEXPBFS.get_policy:
[("stay(['a'])", 2), ("drop_item(['a', 'i'])", 1)]
{'a': 2, 'b': 6}
2025-10-22 15:46:47,398 INFO - __main__.Model.simulate:
a takes action: stay(['a'])
2025-10-22 15:46:47,403 DEBUG - __main__.FilterGoalEXPBFS.single_bfs:
Own Goals of agent a:
  Condition(['a'] hold_by ['i', 'a'] = 0)
  Condition(['a'] hold_by ['j', 'b'] = 1)
)
2025-10-22 15:46:47,403 DEBUG - __main__.FilterGoalEXPBFS.single_bfs:
Own Goals of agent b:
  Condition(['b'] hold_by ['j', 'b'] = 0)
  Condition(['b', 'a'] hold_by ['j', 'b'] = 1)
)
2025-10-22 15:46:47,418 DEBUG - __main__.FilterGoalEXPBFS.single_bfs:
["stay(['b'])", "drop_item(['a', 'i'])"]
2025-10-22 15:46:47,452 DEBUG - __main__.FilterGoalEXPBFS.single_bfs:
Own Goals of agent a:
  Condition(['a', 'b'] hold_by ['j', 'b'] = 1)
  Condition(['a'] hold_by ['i', 'a'] = 0)
)
2025-10-22 15:46:47,452 DEBUG - __main__.FilterGoalEXPBFS.single_bfs:
Own Goals of agent b:
  Condition(['b'] hold_by ['j', 'b'] = 0)
  Condition(['b', 'a'] hold_by ['j', 'b'] = 1)
)
2025-10-22 15:46:47,469 DEBUG - __main__.FilterGoalEXPBFS.single_bfs:
["stay(['b'])", "drop_item(['a', 'i'])"]
2025-10-22 15:46:47,503 DEBUG - __main__.FilterGoalEXPBFS.single_bfs:
Own Goals of agent a:
  Condition(['a', 'b'] hold_by ['i', 'a'] = 0)
  Condition(['a'] hold_by ['j', 'b'] = 1)
)
2025-10-22 15:46:47,504 DEBUG - __main__.FilterGoalEXPBFS.single_bfs:
Own Goals of agent b:
  Condition(['b'] hold_by ['j', 'b'] = 0)
  Condition(['b', 'a'] hold_by ['j', 'b'] = 1)
)
2025-10-22 15:46:47,633 DEBUG - __main__.FilterGoalEXPBFS.single_bfs:
["pick_up(['b', 'j'])", "drop_item(['a', 'i'])", "move_right_without_item(['a'])", "move_left_with_item(['b', 'j'])", "drop_item(['b', 'j'])"]
2025-10-22 15:46:47,634 DEBUG - __main__.FilterGoalEXPBFS.single_bfs:
["pick_up(['b', 'j'])", "drop_item(['a', 'i'])", "move_left_with_item(['b', 'j'])", "move_right_with_item(['b', 'j'])", "drop_item(['b', 'j'])"]
2025-10-22 15:46:47,682 DEBUG - __main__.FilterGoalEXPBFS.single_bfs:
["pick_up(['b', 'j'])", "drop_item(['a', 'i'])", "move_left_with_item(['b', 'j'])", "move_right_without_item(['a'])", "drop_item(['b', 'j'])"]
2025-10-22 15:46:47,697 DEBUG - __main__.FilterGoalEXPBFS.single_bfs:
["pick_up(['b', 'j'])", "drop_item(['a', 'i'])", "move_right_without_item(['a'])", "move_left_without_item(['a'])", "drop_item(['b', 'j'])"]
2025-10-22 15:46:47,791 DEBUG - __main__.FilterGoalEXPBFS.single_bfs:
Own Goals of agent a:
  Condition(['a', 'b'] hold_by ['i', 'a'] = 0)
  Condition(['a'] hold_by ['i', 'a'] = 1)
)
2025-10-22 15:46:47,791 DEBUG - __main__.FilterGoalEXPBFS.single_bfs:
Own Goals of agent b:
  Condition(['b'] hold_by ['j', 'b'] = 0)
  Condition(['b', 'a'] hold_by ['j', 'b'] = 1)
)
2025-10-22 15:46:48,137 DEBUG - __main__.FilterGoalEXPBFS.single_bfs:
["pick_up(['b', 'j'])", "drop_item(['a', 'i'])", "move_left_with_item(['b', 'j'])", "move_right_with_item(['b', 'j'])", "drop_item(['b', 'j'])", "pick_up(['a', 'i'])"]
2025-10-22 15:46:48,301 DEBUG - __main__.FilterGoalEXPBFS.single_bfs:
["pick_up(['b', 'j'])", "drop_item(['a', 'i'])", "move_right_without_item(['a'])", "move_left_without_item(['a'])", "pick_up(['a', 'i'])", "drop_item(['b', 'j'])"]
2025-10-22 15:46:48,696 DEBUG - __main__.FilterGoalEXPBFS.single_bfs:
Own Goals of agent a:
  Condition(['a', 'b'] hold_by ['i', 'a'] = 0)
  Condition(['a', 'b'] hold_by ['j', 'b'] = 1)
)
2025-10-22 15:46:48,696 DEBUG - __main__.FilterGoalEXPBFS.single_bfs:
Own Goals of agent b:
  Condition(['b'] hold_by ['j', 'b'] = 0)
  Condition(['b', 'a'] hold_by ['j', 'b'] = 1)
)
2025-10-22 15:46:48,834 DEBUG - __main__.FilterGoalEXPBFS.single_bfs:
["pick_up(['b', 'j'])", "drop_item(['a', 'i'])", "move_right_without_item(['a'])", "move_left_with_item(['b', 'j'])", "drop_item(['b', 'j'])"]
2025-10-22 15:46:48,836 DEBUG - __main__.FilterGoalEXPBFS.single_bfs:
["pick_up(['b', 'j'])", "drop_item(['a', 'i'])", "move_left_with_item(['b', 'j'])", "move_right_with_item(['b', 'j'])", "drop_item(['b', 'j'])"]
2025-10-22 15:46:48,887 DEBUG - __main__.FilterGoalEXPBFS.single_bfs:
["pick_up(['b', 'j'])", "drop_item(['a', 'i'])", "move_left_with_item(['b', 'j'])", "move_right_without_item(['a'])", "drop_item(['b', 'j'])"]
2025-10-22 15:46:48,905 DEBUG - __main__.FilterGoalEXPBFS.single_bfs:
["pick_up(['b', 'j'])", "drop_item(['a', 'i'])", "move_right_without_item(['a'])", "move_left_without_item(['a'])", "drop_item(['b', 'j'])"]
2025-10-22 15:46:49,007 DEBUG - __main__.FilterGoalEXPBFS.single_bfs:
Own Goals of agent a:
  Condition(['a', 'b'] hold_by ['i', 'a'] = 1)
  Condition(['a'] hold_by ['i', 'a'] = 0)
)
2025-10-22 15:46:49,007 DEBUG - __main__.FilterGoalEXPBFS.single_bfs:
Own Goals of agent b:
  Condition(['b'] hold_by ['j', 'b'] = 0)
  Condition(['b', 'a'] hold_by ['j', 'b'] = 1)
)
2025-10-22 15:46:49,024 DEBUG - __main__.FilterGoalEXPBFS.single_bfs:
["stay(['b'])", "drop_item(['a', 'i'])"]
2025-10-22 15:46:49,097 INFO - __main__.FilterGoalEXPBFS.bfs:
Models: 6, Exapnds: 376, 4.505ms/expand
2025-10-22 15:46:49,097 INFO - __main__.FilterGoalEXPBFS.get_policy:
[("stay(['b'])", 3), ("pick_up(['b', 'j'])", 10)]
{'a': 2, 'b': 6}
2025-10-22 15:46:49,097 INFO - __main__.Model.simulate:
b takes action: pick_up(['b', 'j'])
2025-10-22 15:46:49,102 DEBUG - __main__.FilterGoalEXPBFS.single_bfs:
Own Goals of agent a:
  Condition(['a'] hold_by ['i', 'a'] = 0)
  Condition(['a', 'b'] hold_by ['i', 'a'] = 1)
)
2025-10-22 15:46:49,102 DEBUG - __main__.FilterGoalEXPBFS.single_bfs:
Own Goals of agent b:
  Condition(['b', 'a'] hold_by ['j', 'b'] = 0)
  Condition(['b'] hold_by ['j', 'b'] = 1)
)
2025-10-22 15:46:49,454 DEBUG - __main__.FilterGoalEXPBFS.single_bfs:
["stay(['a'])", "drop_item(['b', 'j'])", "move_left_without_item(['b'])", "move_right_without_item(['b'])", "pick_up(['b', 'j'])", "drop_item(['a', 'i'])"]
2025-10-22 15:46:49,581 DEBUG - __main__.FilterGoalEXPBFS.single_bfs:
["stay(['a'])", "drop_item(['b', 'j'])", "move_right_with_item(['a', 'i'])", "move_left_with_item(['a', 'i'])", "pick_up(['b', 'j'])", "drop_item(['a', 'i'])"]
2025-10-22 15:46:49,758 DEBUG - __main__.FilterGoalEXPBFS.single_bfs:
Own Goals of agent a:
  Condition(['a'] hold_by ['i', 'a'] = 0)
  Condition(['a', 'b'] hold_by ['i', 'a'] = 1)
)
2025-10-22 15:46:49,758 DEBUG - __main__.FilterGoalEXPBFS.single_bfs:
Own Goals of agent b:
  Condition(['b', 'a'] hold_by ['j', 'b'] = 1)
  Condition(['b'] hold_by ['j', 'b'] = 0)
)
2025-10-22 15:46:49,776 DEBUG - __main__.FilterGoalEXPBFS.single_bfs:
["drop_item(['a', 'i'])", "drop_item(['b', 'j'])"]
2025-10-22 15:46:49,815 INFO - __main__.FilterGoalEXPBFS.bfs:
Models: 2, Exapnds: 152, 4.690ms/expand
2025-10-22 15:46:49,815 INFO - __main__.FilterGoalEXPBFS.get_policy:
[("stay(['a'])", 2), ("drop_item(['a', 'i'])", 1)]
{'a': 2, 'b': 6}
2025-10-22 15:46:49,815 INFO - __main__.Model.simulate:
a takes action: stay(['a'])
2025-10-22 15:46:49,820 DEBUG - __main__.FilterGoalEXPBFS.single_bfs:
Own Goals of agent a:
  Condition(['a'] hold_by ['i', 'a'] = 0)
  Condition(['a'] hold_by ['j', 'b'] = 1)
)
2025-10-22 15:46:49,820 DEBUG - __main__.FilterGoalEXPBFS.single_bfs:
Own Goals of agent b:
  Condition(['b'] hold_by ['j', 'b'] = 0)
  Condition(['b', 'a'] hold_by ['j', 'b'] = 1)
)
2025-10-22 15:46:49,836 DEBUG - __main__.FilterGoalEXPBFS.single_bfs:
["drop_item(['b', 'j'])", "drop_item(['a', 'i'])"]
2025-10-22 15:46:49,864 DEBUG - __main__.FilterGoalEXPBFS.single_bfs:
Own Goals of agent a:
  Condition(['a', 'b'] hold_by ['j', 'b'] = 1)
  Condition(['a'] hold_by ['i', 'a'] = 0)
)
2025-10-22 15:46:49,865 DEBUG - __main__.FilterGoalEXPBFS.single_bfs:
Own Goals of agent b:
  Condition(['b'] hold_by ['j', 'b'] = 0)
  Condition(['b', 'a'] hold_by ['j', 'b'] = 1)
)
2025-10-22 15:46:49,883 DEBUG - __main__.FilterGoalEXPBFS.single_bfs:
["drop_item(['b', 'j'])", "drop_item(['a', 'i'])"]
2025-10-22 15:46:49,914 DEBUG - __main__.FilterGoalEXPBFS.single_bfs:
Own Goals of agent a:
  Condition(['a', 'b'] hold_by ['i', 'a'] = 0)
  Condition(['a'] hold_by ['j', 'b'] = 1)
)
2025-10-22 15:46:49,914 DEBUG - __main__.FilterGoalEXPBFS.single_bfs:
Own Goals of agent b:
  Condition(['b'] hold_by ['j', 'b'] = 0)
  Condition(['b', 'a'] hold_by ['j', 'b'] = 1)
)
